UTC,ML,PST
2/1/20 8:01,13.31250185,2/1/20 0:00
2/1/20 8:16,13.06831518,2/1/20 0:15
2/1/20 8:31,13.2147543,2/1/20 0:30
2/1/20 8:46,13.23346387,2/1/20 0:45
2/1/20 9:01,13.20029364,2/1/20 1:00
2/1/20 9:16,13.12965077,2/1/20 1:15
2/1/20 9:31,13.09643368,2/1/20 1:30
2/1/20 9:46,13.02910175,2/1/20 1:45
2/1/20 10:01,13.0538257,2/1/20 2:00
2/1/20 10:16,13.10750771,2/1/20 2:15
2/1/20 10:31,13.10750771,2/1/20 2:30
2/1/20 10:46,13.08365388,2/1/20 2:45
2/1/20 11:01,13.09302595,2/1/20 3:00
2/1/20 11:16,13.09813748,2/1/20 3:15
2/1/20 11:31,12.99498608,2/1/20 3:30
2/1/20 11:46,12.94378286,2/1/20 3:45
2/1/20 12:01,12.81048707,2/1/20 4:00
2/1/20 12:16,12.8720383,2/1/20 4:15
2/1/20 12:31,12.59207653,2/1/20 4:30
2/1/20 12:46,12.43837072,2/1/20 4:45
2/1/20 13:01,12.38505641,2/1/20 5:00
2/1/20 13:16,12.28692521,2/1/20 5:15
2/1/20 13:31,12.37387266,2/1/20 5:30
2/1/20 13:46,12.41945719,2/1/20 5:45
2/1/20 14:01,12.26021759,2/1/20 6:00
2/1/20 14:16,12.22832795,2/1/20 6:15
2/1/20 14:31,12.30328957,2/1/20 6:30
2/1/20 14:46,12.46157609,2/1/20 6:45
2/1/20 15:01,12.49508197,2/1/20 7:00
2/1/20 15:16,12.70778674,2/1/20 7:15
2/1/20 15:31,12.8720383,2/1/20 7:30
2/1/20 15:46,12.98645469,2/1/20 7:45
2/1/20 16:01,12.94805116,2/1/20 8:00
2/1/20 16:16,12.9728024,2/1/20 8:15
2/1/20 16:31,13.02910175,2/1/20 8:30
2/1/20 16:46,13.05638287,2/1/20 8:45
2/1/20 17:01,13.07598493,2/1/20 9:00
2/1/20 17:16,13.08280181,2/1/20 9:15
2/1/20 17:31,13.09132202,2/1/20 9:30
2/1/20 17:46,13.15689461,2/1/20 9:45
2/1/20 18:01,13.17817185,2/1/20 10:00
2/1/20 18:16,13.29126342,2/1/20 10:15
2/1/20 18:31,13.29890996,2/1/20 10:30
2/1/20 18:46,13.28871439,2/1/20 10:45
2/1/20 19:01,13.30145863,2/1/20 11:00
2/1/20 19:16,13.33713076,2/1/20 11:15
2/1/20 19:31,13.42793178,2/1/20 11:30
2/1/20 19:46,13.41775405,2/1/20 11:45
2/1/20 20:01,13.41011984,2/1/20 12:00
2/1/20 20:16,13.34307443,2/1/20 12:15
2/1/20 20:31,13.34392349,2/1/20 12:30
2/1/20 20:46,13.27766761,2/1/20 12:45
2/1/20 21:01,13.19178605,2/1/20 13:00
2/1/20 21:16,13.22325924,2/1/20 13:15
2/1/20 21:31,13.31929685,2/1/20 13:30
2/1/20 21:46,13.36429793,2/1/20 13:45
2/1/20 22:01,13.27936722,2/1/20 14:00
2/1/20 22:16,13.18838273,2/1/20 14:15
2/1/20 22:31,13.40587827,2/1/20 14:30
2/1/20 22:46,13.2530188,2/1/20 14:45
2/1/20 23:01,13.24536749,2/1/20 15:00
2/1/20 23:16,13.25641913,2/1/20 15:15
2/1/20 23:31,13.36514674,2/1/20 15:30
2/1/20 23:46,13.43217208,2/1/20 15:45
2/2/20 0:01,13.41775405,2/1/20 16:00
2/2/20 0:16,13.39739439,2/1/20 16:15
2/2/20 0:31,13.37193689,2/1/20 16:30
2/2/20 0:46,13.35496035,2/1/20 16:45
2/2/20 1:01,13.34477254,2/1/20 17:00
2/2/20 1:16,13.30825465,2/1/20 17:15
2/2/20 1:31,13.2674691,2/1/20 17:30
2/2/20 1:46,12.96256152,2/1/20 17:45
2/2/20 2:01,12.72919451,2/1/20 18:00
2/2/20 2:16,12.4847741,2/1/20 18:15
2/2/20 2:31,12.06780633,2/1/20 18:30
2/2/20 2:46,12.05052487,2/1/20 18:45
2/2/20 3:01,11.96578642,2/1/20 19:00
2/2/20 3:16,11.90606442,2/1/20 19:15
2/2/20 3:31,11.89567297,2/1/20 19:30
2/2/20 3:46,11.77779944,2/1/20 19:45
2/2/20 4:01,11.72313142,2/1/20 20:00
2/2/20 4:16,11.5484388,2/1/20 20:15
2/2/20 4:31,11.40210364,2/1/20 20:30
2/2/20 4:46,11.56236009,2/1/20 20:45
2/2/20 5:01,11.82375817,2/1/20 21:00
2/2/20 5:16,12.56462209,2/1/20 21:15
2/2/20 5:31,12.8207492,2/1/20 21:30
2/2/20 5:46,12.95402636,2/1/20 21:45
2/2/20 6:01,13.06746294,2/1/20 22:00
2/2/20 6:16,13.00778131,2/1/20 22:15
2/2/20 6:31,13.04359611,2/1/20 22:30
2/2/20 6:46,13.35580927,2/1/20 22:45
2/2/20 7:01,13.23261354,2/1/20 23:00
2/2/20 7:16,13.25556906,2/1/20 23:15
2/2/20 7:31,13.29466198,2/1/20 23:30
2/2/20 7:46,13.29975953,2/1/20 23:45
2/2/20 8:01,13.30995356,2/2/20 0:00
2/2/20 8:16,13.2734184,2/2/20 0:15
2/2/20 8:31,13.28361608,2/2/20 0:30
2/2/20 8:46,13.24281688,2/2/20 0:45
2/2/20 9:01,13.14838199,2/2/20 1:00
2/2/20 9:16,13.14327395,2/2/20 1:15
2/2/20 9:31,12.90450286,2/2/20 1:30
2/2/20 9:46,12.880583,2/2/20 1:45
2/2/20 10:01,12.94378286,2/2/20 2:00
2/2/20 10:16,12.92414549,2/2/20 2:15
2/2/20 10:31,12.94634387,2/2/20 2:30
2/2/20 10:46,12.8840006,2/2/20 2:45
2/2/20 11:01,12.94975841,2/2/20 3:00
2/2/20 11:16,12.56977058,2/2/20 3:15
2/2/20 11:31,12.45813872,2/2/20 3:30
2/2/20 11:46,12.534582,2/2/20 3:45
2/2/20 12:01,12.44782565,2/2/20 4:00
2/2/20 12:16,12.29812227,2/2/20 4:15
2/2/20 12:31,12.23263818,2/2/20 4:30
2/2/20 12:46,12.16191831,2/2/20 4:45
2/2/20 13:01,12.03928973,2/2/20 5:00
2/2/20 13:16,12.09372083,2/2/20 5:15
2/2/20 13:31,12.33945041,2/2/20 5:30
2/2/20 13:46,12.28175676,2/2/20 5:45
2/2/20 14:01,12.43665151,2/2/20 6:00
2/2/20 14:16,12.61094548,2/2/20 6:15
2/2/20 14:31,12.83699463,2/2/20 6:30
2/2/20 14:46,12.82587972,2/2/20 6:45
2/2/20 15:01,12.95061202,2/2/20 7:00
2/2/20 15:16,13.02910175,2/2/20 7:15
2/2/20 15:31,12.96170805,2/2/20 7:30
2/2/20 15:46,13.03336509,2/2/20 7:45
2/2/20 16:01,13.07598493,2/2/20 8:00
2/2/20 16:16,13.11261824,2/2/20 8:15
2/2/20 16:31,13.13475976,2/2/20 8:30
2/2/20 16:46,13.24026618,2/2/20 8:45
2/2/20 17:01,13.21135205,2/2/20 9:00
2/2/20 17:16,13.21390375,2/2/20 9:15
2/2/20 17:31,13.23091285,2/2/20 9:30
2/2/20 17:46,13.21985738,2/2/20 9:45
2/2/20 18:01,13.26066931,2/2/20 10:00
2/2/20 18:16,13.32863896,2/2/20 10:15
2/2/20 18:31,13.33288498,2/2/20 10:30
2/2/20 18:46,13.37023942,2/2/20 10:45
2/2/20 19:01,13.32778973,2/2/20 11:00
2/2/20 19:16,13.55672819,2/2/20 11:15
2/2/20 19:31,13.45252215,2/2/20 11:30
2/2/20 19:46,13.49405276,2/2/20 11:45
2/2/20 20:01,13.58804595,2/2/20 12:00
2/2/20 20:16,13.54064093,2/2/20 12:15
2/2/20 20:31,13.44658729,2/2/20 12:30
2/2/20 20:46,13.68445509,2/2/20 12:45
2/2/20 21:01,13.61342898,2/2/20 13:00
2/2/20 21:16,13.39993965,2/2/20 13:15
2/2/20 21:31,13.38381815,2/2/20 13:30
2/2/20 21:46,13.51015018,2/2/20 13:45
2/2/20 22:01,13.43726012,2/2/20 14:00
2/2/20 22:16,13.46015197,2/2/20 14:15
2/2/20 22:31,13.54995503,2/2/20 14:30
2/2/20 22:46,13.69037085,2/2/20 14:45
2/2/20 23:01,13.88279727,2/2/20 15:00
2/2/20 23:16,14.01332834,2/2/20 15:15
2/2/20 23:31,13.66416888,2/2/20 15:30
2/2/20 23:46,13.74865802,2/2/20 15:45
2/3/20 0:01,13.9089219,2/2/20 16:00
2/3/20 0:16,13.66924096,2/2/20 16:15
2/3/20 0:31,13.82798986,2/2/20 16:30
2/3/20 0:46,13.85834975,2/2/20 16:45
2/3/20 1:01,13.82292867,2/2/20 17:00
2/3/20 1:16,13.76892105,2/2/20 17:15
2/3/20 1:31,13.68868068,2/2/20 17:30
2/3/20 1:46,13.67515794,2/2/20 17:45
2/3/20 2:01,14.03520136,2/2/20 18:00
2/3/20 2:16,14.15538775,2/2/20 18:15
2/3/20 2:31,13.41351292,2/2/20 18:30
2/3/20 2:46,13.48218926,2/2/20 18:45
2/3/20 3:01,13.22836173,2/2/20 19:00
2/3/20 3:16,12.83699463,2/2/20 19:15
2/3/20 3:31,13.03421773,2/2/20 19:30
2/3/20 3:46,13.51015018,2/2/20 19:45
2/3/20 4:01,12.55861506,2/2/20 20:00
2/3/20 4:16,12.70350444,2/2/20 20:15
2/3/20 4:31,13.09728559,2/2/20 20:30
2/3/20 4:46,12.94207547,2/2/20 20:45
2/3/20 5:01,12.9198758,2/2/20 21:00
2/3/20 5:16,12.8951067,2/2/20 21:15
2/3/20 5:31,12.87716524,2/2/20 21:30
2/3/20 5:46,13.10665592,2/2/20 21:45
2/3/20 6:01,13.13901698,2/2/20 22:00
2/3/20 6:16,12.99157365,2/2/20 22:15
2/3/20 6:31,12.94122176,2/2/20 22:30
2/3/20 6:46,13.06405387,2/2/20 22:45
2/3/20 7:01,13.06320157,2/2/20 23:00
2/3/20 7:16,13.12368983,2/2/20 23:15
2/3/20 7:31,13.3804237,2/2/20 23:30
2/3/20 7:46,13.53894733,2/2/20 23:45
2/3/20 8:01,13.22240879,2/3/20 0:00
2/3/20 8:16,13.19689072,2/3/20 0:15
2/3/20 8:31,13.32524197,2/3/20 0:30
2/3/20 8:46,13.67431268,2/3/20 0:45
2/3/20 9:01,13.1407198,2/3/20 1:00
2/3/20 9:16,13.2445173,2/3/20 1:15
2/3/20 9:31,13.10154498,2/3/20 1:30
2/3/20 9:46,13.30315769,2/3/20 1:45
2/3/20 10:01,13.02313265,2/3/20 2:00
2/3/20 10:16,13.00863425,2/3/20 2:15
2/3/20 10:31,13.13986839,2/3/20 2:30
2/3/20 10:46,14.32818187,2/3/20 2:45
2/3/20 11:01,12.46415401,2/3/20 3:00
2/3/20 11:16,13.04018593,2/3/20 3:15
2/3/20 11:31,12.28606383,2/3/20 3:30
2/3/20 11:46,12.33342485,2/3/20 3:45
2/3/20 12:01,12.62895222,2/3/20 4:00
2/3/20 12:16,13.80943046,2/3/20 4:15
2/3/20 12:31,12.21712017,2/3/20 4:30
2/3/20 12:46,12.4873512,2/3/20 4:45
2/3/20 13:01,12.60665751,2/3/20 5:00
2/3/20 13:16,12.71549426,2/3/20 5:15
2/3/20 13:31,12.77370266,2/3/20 5:30
2/3/20 13:46,12.355803,2/3/20 5:45
2/3/20 14:01,12.43149364,2/3/20 6:00
2/3/20 14:16,12.63666804,2/3/20 6:15
2/3/20 14:31,12.18779939,2/3/20 6:30
2/3/20 14:46,12.18693683,2/3/20 6:45
2/3/20 15:01,11.93636431,2/3/20 7:00
2/3/20 15:16,12.05398149,2/3/20 7:15
2/3/20 15:31,12.37989489,2/3/20 7:30
2/3/20 15:46,12.02545948,2/3/20 7:45
2/3/20 16:01,12.09544814,2/3/20 8:00
2/3/20 16:16,12.11358238,2/3/20 8:15
2/3/20 16:31,11.90346669,2/3/20 8:30
2/3/20 16:46,12.02286601,2/3/20 8:45
2/3/20 17:01,12.03323932,2/3/20 9:00
2/3/20 17:16,12.08767494,2/3/20 9:15
2/3/20 17:31,12.06003018,2/3/20 9:30
2/3/20 17:46,12.15501514,2/3/20 9:45
2/3/20 18:01,11.93117094,2/3/20 10:00
2/3/20 18:16,11.91472282,2/3/20 10:15
2/3/20 18:31,11.89827097,2/3/20 10:30
2/3/20 18:46,11.86362335,2/3/20 10:45
2/3/20 19:01,11.92684285,2/3/20 11:00
2/3/20 19:16,11.89827097,2/3/20 11:15
2/3/20 19:31,12.36698951,2/3/20 11:30
2/3/20 19:46,12.49765871,2/3/20 11:45
2/3/20 20:01,12.62552271,2/3/20 12:00
2/3/20 20:16,12.62895222,2/3/20 12:15
2/3/20 20:31,12.6263801,2/3/20 12:30
2/3/20 20:46,12.63495348,2/3/20 12:45
2/3/20 21:01,12.70607385,2/3/20 13:00
2/3/20 21:16,12.77712525,2/3/20 13:15
2/3/20 21:31,12.70778674,2/3/20 13:30
2/3/20 21:46,12.72662591,2/3/20 13:45
2/3/20 22:01,12.8207492,2/3/20 14:00
2/3/20 22:16,12.87887414,2/3/20 14:15
2/3/20 22:31,13.12028336,2/3/20 14:30
2/3/20 22:46,12.98730788,2/3/20 14:45
2/3/20 23:01,12.89339818,2/3/20 15:00
2/3/20 23:16,12.98645469,2/3/20 15:15
2/3/20 23:31,13.01545738,2/3/20 15:30
2/3/20 23:46,13.02739634,2/3/20 15:45
2/4/20 0:01,13.14412532,2/3/20 16:00
2/4/20 0:16,13.13220531,2/3/20 16:15
2/4/20 0:31,13.13475976,2/3/20 16:30
2/4/20 0:46,13.00010444,2/3/20 16:45
2/4/20 1:01,12.96768214,2/3/20 17:00
2/4/20 1:16,12.97024232,2/3/20 17:15
2/4/20 1:31,12.94975841,2/3/20 17:30
2/4/20 1:46,12.93268412,2/3/20 17:45
2/4/20 2:01,12.94036804,2/3/20 18:00
2/4/20 2:16,12.97194905,2/3/20 18:15
2/4/20 2:31,12.94207547,2/3/20 18:30
2/4/20 2:46,12.93866057,2/3/20 18:45
2/4/20 3:01,12.93951431,2/3/20 19:00
2/4/20 3:16,12.87716524,2/3/20 19:15
2/4/20 3:31,12.80792132,2/3/20 19:30
2/4/20 3:46,12.76172236,2/3/20 19:45
2/4/20 4:01,12.67780535,2/3/20 20:00
2/4/20 4:16,12.70949959,2/3/20 20:15
2/4/20 4:31,12.67009386,2/3/20 20:30
2/4/20 4:46,12.76600126,2/3/20 20:45
2/4/20 5:01,13.49066339,2/3/20 21:00
2/4/20 5:16,12.540591,2/3/20 21:15
2/4/20 5:31,12.52943103,2/3/20 21:30
2/4/20 5:46,12.61694822,2/3/20 21:45
2/4/20 6:01,13.1747679,2/3/20 22:00
2/4/20 6:16,12.86947469,2/3/20 22:15
2/4/20 6:31,12.62209303,2/3/20 22:30
2/4/20 6:46,12.6246653,2/3/20 22:45
2/4/20 7:01,13.68107444,2/3/20 23:00
2/4/20 7:16,12.4675911,2/3/20 23:15
2/4/20 7:31,12.50367075,2/3/20 23:30
2/4/20 7:46,12.37645368,2/3/20 23:45
2/4/20 8:01,12.65295432,2/4/20 0:00
2/4/20 8:16,12.41859737,2/4/20 0:15
2/4/20 8:31,12.4142981,2/4/20 0:30
2/4/20 8:46,12.24039594,2/4/20 0:45
2/4/20 9:01,12.81305274,2/4/20 1:00
2/4/20 9:16,12.36440816,2/4/20 1:15
2/4/20 9:31,12.28606383,2/4/20 1:30
2/4/20 9:46,12.33600729,2/4/20 1:45
2/4/20 10:01,12.5217039,2/4/20 2:00
2/4/20 10:16,12.31706724,2/4/20 2:15
2/4/20 10:31,12.38333594,2/4/20 2:30
2/4/20 10:46,13.43471615,2/4/20 2:45
2/4/20 11:01,12.60408461,2/4/20 3:00
2/4/20 11:16,12.05830203,2/4/20 3:15
2/4/20 11:31,12.75059603,2/4/20 3:30
2/4/20 11:46,12.89339818,2/4/20 3:45
2/4/20 12:01,12.96426844,2/4/20 4:00
2/4/20 12:16,12.36268721,2/4/20 4:15
2/4/20 12:31,12.57749264,2/4/20 4:30
2/4/20 12:46,12.03842541,2/4/20 4:45
2/4/20 13:01,11.97357264,2/4/20 5:00
2/4/20 13:16,11.5319038,2/4/20 5:15
2/4/20 13:31,11.50752954,2/4/20 5:30
2/4/20 13:46,11.51797666,2/4/20 5:45
2/4/20 14:01,11.86448974,2/4/20 6:00
2/4/20 14:16,11.93982635,2/4/20 6:15
2/4/20 14:31,11.94588453,2/4/20 6:30
2/4/20 14:46,11.38553521,2/4/20 6:45
2/4/20 15:01,12.32309415,2/4/20 7:00
2/4/20 15:16,10.82960662,2/4/20 7:15
2/4/20 15:31,11.1488035,2/4/20 7:30
2/4/20 15:46,11.70750443,2/4/20 7:45
2/4/20 16:01,11.04635831,2/4/20 8:00
2/4/20 16:16,10.43568211,2/4/20 8:15
2/4/20 16:31,10.95956028,2/4/20 8:30
2/4/20 16:46,10.8129064,2/4/20 8:45
2/4/20 17:01,10.96920966,2/4/20 9:00
2/4/20 17:16,10.56899415,2/4/20 9:15
2/4/20 17:31,11.56670995,2/4/20 9:30
2/4/20 17:46,12.00038545,2/4/20 9:45
2/4/20 18:46,12.03237493,2/4/20 10:45
2/4/20 19:01,11.74916894,2/4/20 11:00
2/4/20 19:31,11.87835061,2/4/20 11:30
2/4/20 19:46,11.96232561,2/4/20 11:45
2/4/20 20:01,12.06867029,2/4/20 12:00
2/4/20 20:16,11.98654781,2/4/20 12:15
2/4/20 20:31,12.10062981,2/4/20 12:30
2/4/20 20:46,12.22660379,2/4/20 12:45
2/4/20 21:01,12.40053876,2/4/20 13:00
2/4/20 21:16,12.42547566,2/4/20 13:15
2/4/20 21:31,12.47790138,2/4/20 13:30
2/4/20 21:46,12.44868513,2/4/20 13:45
2/4/20 22:01,12.50538838,2/4/20 14:00
2/4/20 22:16,12.534582,2/4/20 14:15
2/4/20 22:31,12.73689978,2/4/20 14:30
2/4/20 22:46,12.90791935,2/4/20 14:45
2/4/20 23:01,13.14667935,2/4/20 15:00
2/4/20 23:16,13.3167488,2/4/20 15:15
2/4/20 23:31,13.37618042,2/4/20 15:30
2/4/20 23:46,13.38721245,2/4/20 15:45
2/5/20 0:01,13.36090258,2/4/20 16:00
2/5/20 0:16,13.38381815,2/4/20 16:15
2/5/20 0:31,13.28361608,2/4/20 16:30
2/5/20 0:46,13.33967811,2/4/20 16:45
2/5/20 1:01,13.30060908,2/4/20 17:00
2/5/20 1:16,13.287015,2/4/20 17:15
2/5/20 1:31,13.22921212,2/4/20 17:30
2/5/20 1:46,13.15519217,2/4/20 17:45
2/5/20 2:01,13.05553049,2/4/20 18:00
2/5/20 2:16,12.91475184,2/4/20 18:15
2/5/20 2:31,12.73946802,2/4/20 18:30
2/5/20 2:46,12.68037566,2/4/20 18:45
2/5/20 3:01,12.61437568,2/4/20 19:00
2/5/20 3:16,12.5440245,2/4/20 19:15
2/5/20 3:31,12.49250514,2/4/20 19:30
2/5/20 3:46,12.50281191,2/4/20 19:45
2/5/20 4:01,12.46071676,2/4/20 20:00
2/5/20 4:16,12.30759537,2/4/20 20:15
2/5/20 4:31,12.08162854,2/4/20 20:30
2/5/20 4:46,12.08940239,2/4/20 20:45
2/5/20 5:01,11.93809535,2/4/20 21:00
2/5/20 5:16,11.85409236,2/4/20 21:15
2/5/20 5:31,11.61367179,2/4/20 21:30
2/5/20 5:46,11.41779654,2/4/20 21:45
2/5/20 6:16,11.28866492,2/4/20 22:15
2/5/20 7:01,10.958683,2/4/20 23:00
2/5/20 7:16,10.80675272,2/4/20 23:15
2/5/20 7:31,10.69237436,2/4/20 23:30
2/5/20 7:46,10.55664448,2/4/20 23:45
2/5/20 8:01,10.38529467,2/5/20 0:00
2/5/20 8:16,10.28441357,2/5/20 0:15
2/5/20 8:31,10.20998928,2/5/20 0:30
2/5/20 8:46,10.03069963,2/5/20 0:45
2/5/20 9:01,9.867885358,2/5/20 1:00
2/5/20 9:16,9.65558158,2/5/20 1:15
2/5/20 9:46,9.496385988,2/5/20 1:45
2/5/20 10:01,9.413965544,2/5/20 2:00
2/5/20 10:16,9.410379883,2/5/20 2:15
2/5/20 10:31,9.458771092,2/5/20 2:30
2/5/20 10:46,9.373616436,2/5/20 2:45
2/5/20 11:01,9.201202737,2/5/20 3:00
2/5/20 11:16,9.051798935,2/5/20 3:15
2/5/20 11:31,8.962546792,2/5/20 3:30
2/5/20 12:01,8.964350977,2/5/20 4:00
2/5/20 12:16,8.976077062,2/5/20 4:15
2/5/20 12:46,8.756568146,2/5/20 4:45
2/5/20 13:01,8.706790528,2/5/20 5:00
2/5/20 13:16,8.696830803,2/5/20 5:15
2/5/20 13:31,8.65154165,2/5/20 5:30
2/5/20 14:01,8.667849084,2/5/20 6:00
2/5/20 14:16,8.667849084,2/5/20 6:15
2/5/20 14:31,8.602596779,2/5/20 6:30
2/5/20 15:01,8.478269591,2/5/20 7:00
2/5/20 15:16,8.43556675,2/5/20 7:15
2/5/20 15:46,8.530931156,2/5/20 7:45
2/5/20 16:01,8.581739599,2/5/20 8:00
2/5/20 16:16,8.622541371,2/5/20 8:15
2/5/20 16:31,8.682341427,2/5/20 8:30
2/5/20 17:01,8.82800574,2/5/20 9:00
2/5/20 17:31,9.115739022,2/5/20 9:30
2/5/20 17:46,9.272194395,2/5/20 9:45
2/5/20 18:01,9.533981042,2/5/20 10:00
2/5/20 18:16,9.788568287,2/5/20 10:15
2/5/20 19:16,11.0857775,2/5/20 11:15
2/5/20 19:31,11.52407011,2/5/20 11:30
2/5/20 19:46,11.88094923,2/5/20 11:45
2/5/20 20:01,12.1144458,2/5/20 12:00
2/5/20 20:16,12.355803,2/5/20 12:15
2/5/20 20:31,12.62552271,2/5/20 12:30
2/5/20 20:46,12.09372083,2/5/20 12:45
2/5/20 21:01,12.10149338,2/5/20 13:00
2/5/20 21:16,12.14638525,2/5/20 13:15
2/5/20 21:31,12.13775435,2/5/20 13:30
2/5/20 21:46,11.96059515,2/5/20 13:45
2/5/20 22:01,11.84629335,2/5/20 14:00
2/5/20 22:16,11.8384935,2/5/20 14:15
2/5/20 22:31,11.8098869,2/5/20 14:30
2/5/20 22:46,12.08767494,2/5/20 14:45
2/5/20 23:01,12.18434911,2/5/20 15:00
2/5/20 23:16,12.31448412,2/5/20 15:15
2/5/20 23:31,12.52084528,2/5/20 15:30
2/5/20 23:46,12.6152332,2/5/20 15:45
2/6/20 0:01,12.58435601,2/5/20 16:00
2/6/20 0:16,13.18327747,2/5/20 16:15
2/6/20 0:46,12.68894273,2/5/20 16:45
2/6/20 1:01,12.54316614,2/5/20 17:00
2/6/20 1:16,12.62037814,2/5/20 17:15
2/6/20 1:31,12.73775587,2/5/20 17:30
2/6/20 1:46,12.68808606,2/5/20 17:45
2/6/20 2:01,12.76172236,2/5/20 18:00
2/6/20 2:16,12.7163506,2/5/20 18:15
2/6/20 2:31,12.66666627,2/5/20 18:30
2/6/20 2:46,12.59207653,2/5/20 18:45
2/6/20 3:01,12.53715735,2/5/20 19:00
2/6/20 3:16,12.39623844,2/5/20 19:15
2/6/20 3:31,12.39709852,2/5/20 19:30
2/6/20 3:46,12.40913865,2/5/20 19:45
2/6/20 4:01,12.16105545,2/5/20 20:00
2/6/20 4:16,11.99260211,2/5/20 20:15
2/6/20 4:31,11.82982602,2/5/20 20:30
2/6/20 4:46,11.77606458,2/5/20 20:45
2/6/20 5:01,11.65973444,2/5/20 21:00
2/6/20 5:16,11.70837268,2/5/20 21:15
2/6/20 5:31,11.62844979,2/5/20 21:30
2/6/20 5:46,11.61801857,2/5/20 21:45
2/6/20 6:01,11.60932475,2/5/20 22:00
2/6/20 6:16,11.6067164,2/5/20 22:15
2/6/20 6:31,11.58149751,2/5/20 22:30
2/6/20 6:46,11.6128024,2/5/20 22:45
2/6/20 7:01,11.45091485,2/5/20 23:00
2/6/20 7:16,11.36460126,2/5/20 23:15
2/6/20 7:31,11.28080488,2/5/20 23:30
2/6/20 7:46,11.17767206,2/5/20 23:45
2/6/20 8:01,11.05862436,2/6/20 0:00
2/6/20 8:16,11.03146102,2/6/20 0:15
2/6/20 8:31,11.01831379,2/6/20 0:30
2/6/20 8:46,10.85860306,2/6/20 0:45
2/6/20 9:01,10.84278827,2/6/20 1:00
2/6/20 9:16,10.84718161,2/6/20 1:15
2/6/20 9:31,10.97622658,2/6/20 1:30
2/6/20 9:46,11.40646312,2/6/20 1:45
2/6/20 10:01,11.6354031,2/6/20 2:00
2/6/20 10:16,11.86189054,2/6/20 2:15
2/6/20 10:31,11.9225145,2/6/20 2:30
2/6/20 10:46,12.12912242,2/6/20 2:45
2/6/20 11:01,11.99519665,2/6/20 3:00
2/6/20 11:16,12.05484562,2/6/20 3:15
2/6/20 11:31,12.12566936,2/6/20 3:30
2/6/20 11:46,12.15328924,2/6/20 3:45
2/6/20 12:01,12.0868112,2/6/20 4:00
2/6/20 12:16,12.16795805,2/6/20 4:15
2/6/20 12:31,12.19728681,2/6/20 4:30
2/6/20 12:46,12.21022223,2/6/20 4:45
2/6/20 13:01,12.16191831,2/6/20 5:00
2/6/20 13:16,12.0064386,2/6/20 5:15
2/6/20 13:31,12.21280903,2/6/20 5:30
2/6/20 13:46,12.18521169,2/6/20 5:45
2/6/20 14:01,12.12394277,2/6/20 6:00
2/6/20 14:16,12.14552221,2/6/20 6:15
2/6/20 14:31,12.14983733,2/6/20 6:30
2/6/20 14:46,12.14293301,2/6/20 6:45
2/6/20 15:01,12.11962612,2/6/20 7:00
2/6/20 15:16,12.15501514,2/6/20 7:15
2/6/20 15:31,12.15587807,2/6/20 7:30
2/6/20 15:46,12.13861748,2/6/20 7:45
2/6/20 16:01,12.16623246,2/6/20 8:00
2/6/20 16:16,12.18779939,2/6/20 8:15
2/6/20 16:31,12.19728681,2/6/20 8:30
2/6/20 16:46,12.23781011,2/6/20 8:45
2/6/20 17:01,12.27400339,2/6/20 9:00
2/6/20 17:16,12.26021759,2/6/20 9:15
2/6/20 17:31,12.25073834,2/6/20 9:30
2/6/20 17:46,12.33170316,2/6/20 9:45
2/6/20 18:01,12.39365812,2/6/20 10:00
2/6/20 18:16,12.38763703,2/6/20 10:15
2/6/20 18:31,12.08767494,2/6/20 10:30
2/6/20 18:46,11.91385702,2/6/20 10:45
2/6/20 19:01,11.67710898,2/6/20 11:00
2/6/20 19:16,11.6588656,2/6/20 11:15
2/6/20 19:31,11.60149942,2/6/20 11:30
2/6/20 19:46,11.7561107,2/6/20 11:45
2/6/20 20:01,11.40471936,2/6/20 12:00
2/6/20 20:16,11.34540649,2/6/20 12:15
2/6/20 20:31,11.3192236,2/6/20 12:30
2/6/20 20:46,11.23712249,2/6/20 12:45
2/6/20 21:01,11.18991585,2/6/20 13:00
2/6/20 21:16,11.1269257,2/6/20 13:15
2/6/20 21:31,11.06037648,2/6/20 13:30
2/6/20 21:46,10.95429644,2/6/20 13:45
2/6/20 22:01,10.94903222,2/6/20 14:00
2/6/20 22:16,10.958683,2/6/20 14:15
2/6/20 22:31,10.87617099,2/6/20 14:30
2/6/20 22:46,10.7064615,2/6/20 14:45
2/6/20 23:01,11.33755262,2/6/20 15:00
2/6/20 23:16,11.83415989,2/6/20 15:15
2/6/20 23:31,12.32567696,2/6/20 15:30
2/6/20 23:46,12.46243541,2/6/20 15:45
2/7/20 0:01,13.11176651,2/6/20 16:00
2/7/20 0:16,12.84468857,2/6/20 16:15
2/7/20 0:31,12.84639823,2/6/20 16:30
2/7/20 0:46,12.8720383,2/6/20 16:45
2/7/20 1:01,12.84810785,2/6/20 17:00
2/7/20 1:16,12.76001072,2/6/20 17:15
2/7/20 1:31,12.77712525,2/6/20 17:30
2/7/20 1:46,12.80963183,2/6/20 17:45
2/7/20 2:01,12.76257816,2/6/20 18:00
2/7/20 2:16,12.78739204,2/6/20 18:15
2/7/20 2:46,12.7531638,2/6/20 18:45
2/7/20 3:01,12.70949959,2/6/20 19:00
2/7/20 3:31,12.68722939,2/6/20 19:30
2/7/20 3:46,12.70778674,2/6/20 19:45
2/7/20 4:01,12.63495348,2/6/20 20:00
2/7/20 4:16,12.54488285,2/6/20 20:15
2/7/20 4:31,12.33084231,2/6/20 20:30
2/7/20 4:46,12.1912495,2/6/20 20:45
2/7/20 5:01,12.05484562,2/6/20 21:00
2/7/20 5:16,11.98222301,2/6/20 21:15
2/7/20 5:46,11.91299122,2/6/20 21:45
2/7/20 6:01,11.47269497,2/6/20 22:00
2/7/20 6:16,11.25459861,2/6/20 22:15
2/7/20 6:46,11.03584289,2/6/20 22:45
2/7/20 7:01,10.97885775,2/6/20 23:00
2/7/20 7:16,11.00428745,2/6/20 23:15
2/7/20 7:46,10.91480538,2/6/20 23:45
2/7/20 8:01,10.88495335,2/7/20 0:00
2/7/20 8:16,10.87704928,2/7/20 0:15
2/7/20 8:31,10.76630113,2/7/20 0:30
2/7/20 8:46,10.69677689,2/7/20 0:45
2/7/20 9:01,10.70293998,2/7/20 1:00
2/7/20 9:16,10.65802541,2/7/20 1:15
2/7/20 9:46,11.66407846,2/7/20 1:45
2/7/20 10:01,11.93896086,2/7/20 2:00
2/7/20 10:16,12.08249234,2/7/20 2:15
2/7/20 10:31,12.15674099,2/7/20 2:30
2/7/20 10:46,12.31620621,2/7/20 2:45
2/7/20 11:01,12.25590899,2/7/20 3:00
2/7/20 11:16,12.20591068,2/7/20 3:15
2/7/20 11:31,12.312762,2/7/20 3:30
2/7/20 12:31,12.32825968,2/7/20 4:30
2/7/20 12:46,12.31620621,2/7/20 4:45
2/7/20 13:01,12.13257531,2/7/20 5:00
2/7/20 13:16,12.34805749,2/7/20 5:15
2/7/20 13:46,12.33772887,2/7/20 5:45
2/7/20 14:01,12.37301231,2/7/20 6:00
2/7/20 14:16,12.36871036,2/7/20 6:15
2/7/20 14:31,12.37817431,2/7/20 6:30
2/7/20 14:46,12.39021756,2/7/20 6:45
2/7/20 15:01,12.39537834,2/7/20 7:00
2/7/20 15:16,12.36698951,2/7/20 7:15
2/7/20 15:46,12.35924519,2/7/20 7:45
2/7/20 16:01,12.36354769,2/7/20 8:00
2/7/20 16:16,12.37989489,2/7/20 8:15
2/7/20 16:31,12.44782565,2/7/20 8:30
2/7/20 16:46,12.44782565,2/7/20 8:45
2/7/20 17:16,12.47961962,2/7/20 9:15
2/7/20 17:31,12.4873512,2/7/20 9:30
2/7/20 17:46,12.51311724,2/7/20 9:45
2/7/20 18:16,12.5783506,2/7/20 10:15
2/7/20 18:46,12.55775687,2/7/20 10:45
2/7/20 19:01,12.42461591,2/7/20 11:00
2/7/20 19:16,12.43493226,2/7/20 11:15
2/7/20 19:31,12.56118956,2/7/20 11:30
2/7/20 20:01,11.97357264,2/7/20 12:00
2/7/20 20:16,12.08421992,2/7/20 12:15
2/7/20 20:31,11.94761535,2/7/20 12:30
2/7/20 20:46,11.98741274,2/7/20 12:45
2/7/20 21:01,11.97097733,2/7/20 13:00
2/7/20 21:16,11.97703291,2/7/20 13:15
2/7/20 21:31,11.97270754,2/7/20 13:30
2/7/20 22:01,11.85409236,2/7/20 14:00
2/7/20 22:16,11.46746834,2/7/20 14:15
2/7/20 22:31,14.0940582,2/7/20 14:30
2/7/20 23:01,14.62501865,2/7/20 15:00
2/7/20 23:31,11.11729737,2/7/20 15:30
2/7/20 23:46,12.23694815,2/7/20 15:45
2/8/20 0:16,12.74118014,2/7/20 16:15
2/8/20 0:46,12.64352586,2/7/20 16:45
2/8/20 1:01,12.65038304,2/7/20 17:00
2/8/20 1:31,12.70864317,2/7/20 17:30
2/8/20 1:46,12.53887419,2/7/20 17:45
2/8/20 2:01,12.48133782,2/7/20 18:00
2/8/20 2:16,12.28261819,2/7/20 18:15
2/8/20 2:31,12.22315534,2/7/20 18:30
2/8/20 2:46,12.36268721,2/7/20 18:45
2/8/20 3:01,12.41945719,2/7/20 19:00
2/8/20 3:16,12.37559335,2/7/20 19:15
2/8/20 3:46,12.2920933,2/7/20 19:45
2/8/20 4:01,12.3084565,2/7/20 20:00
2/8/20 4:31,12.30242838,2/7/20 20:30
2/8/20 4:46,12.25504724,2/7/20 20:45
2/8/20 5:01,12.16709526,2/7/20 21:00
2/8/20 5:16,12.10840163,2/7/20 21:15
2/8/20 5:46,11.99952068,2/7/20 21:45
2/8/20 6:01,11.93117094,2/7/20 22:00
2/8/20 6:16,12.08508369,2/7/20 22:15
2/8/20 7:01,11.20128323,2/7/20 23:00
2/8/20 7:31,11.1199234,2/7/20 23:30
2/8/20 8:16,10.97798071,2/8/20 0:15
2/8/20 8:31,10.98850456,2/8/20 0:30
2/8/20 8:46,11.06212856,2/8/20 0:45
2/8/20 9:01,10.9306044,2/8/20 1:00
2/8/20 9:16,10.90690458,2/8/20 1:15
2/8/20 9:31,10.89285656,2/8/20 1:30
2/8/20 9:46,10.86738756,2/8/20 1:45
2/8/20 10:16,10.89988091,2/8/20 2:15
2/8/20 11:01,11.5336445,2/8/20 3:00
2/8/20 11:16,11.69882131,2/8/20 3:15
2/8/20 11:31,11.81768982,2/8/20 3:30
2/8/20 11:46,11.94155731,2/8/20 3:45
2/8/20 12:01,12.18003603,2/8/20 4:00
2/8/20 12:16,12.22487959,2/8/20 4:15
2/8/20 12:31,12.25160014,2/8/20 4:30
2/8/20 12:46,12.22315534,2/8/20 4:45
2/8/20 13:01,12.34289336,2/8/20 5:00
2/8/20 13:16,12.28434103,2/8/20 5:15
2/8/20 13:31,12.33600729,2/8/20 5:30
2/8/20 13:46,12.38161544,2/8/20 5:45
2/8/20 14:01,12.37215194,2/8/20 6:00
2/8/20 14:16,12.43751112,2/8/20 6:15
2/8/20 14:31,12.43407262,2/8/20 6:30
2/8/20 15:01,12.41171842,2/8/20 7:00
2/8/20 15:16,12.44868513,2/8/20 7:15
2/8/20 15:31,12.50195307,2/8/20 7:30
2/8/20 16:31,12.53286505,2/8/20 8:30
2/8/20 16:46,12.59379209,2/8/20 8:45
2/8/20 17:01,12.59379209,2/8/20 9:00
2/8/20 17:31,12.60408461,2/8/20 9:30
2/8/20 17:46,12.61094548,2/8/20 9:45
2/8/20 18:16,12.56633829,2/8/20 10:15
2/8/20 18:46,12.62809486,2/8/20 10:45
2/8/20 19:16,12.59636535,2/8/20 11:15
2/8/20 19:31,12.55003273,2/8/20 11:30
2/8/20 19:46,12.55003273,2/8/20 11:45
2/8/20 20:01,12.53715735,2/8/20 12:00
2/8/20 20:16,12.50538838,2/8/20 12:15
2/8/20 20:46,12.54745783,2/8/20 12:45
2/8/20 21:01,12.61609072,2/8/20 13:00
2/8/20 21:16,12.37387266,2/8/20 13:15
2/8/20 21:46,12.51826935,2/8/20 13:45
2/8/20 22:01,12.49164617,2/8/20 14:00
2/8/20 22:16,12.43235331,2/8/20 14:15
2/8/20 22:31,12.30156718,2/8/20 14:30
2/8/20 23:01,12.38935739,2/8/20 15:00
2/8/20 23:16,12.26366428,2/8/20 15:15
2/8/20 23:31,12.17658538,2/8/20 15:30
2/9/20 0:16,12.07644552,2/8/20 16:15
2/9/20 0:46,11.89740498,2/8/20 16:45
2/9/20 1:01,11.78994231,2/8/20 17:00
2/9/20 1:16,11.73181163,2/8/20 17:15
2/9/20 1:46,12.56376397,2/8/20 17:45
2/9/20 2:16,12.79680201,2/8/20 18:15
2/9/20 2:31,12.83100989,2/8/20 18:30
2/9/20 2:46,12.6795189,2/8/20 18:45
2/9/20 3:01,12.73861195,2/8/20 19:00
2/9/20 3:16,12.6580966,2/8/20 19:15
2/9/20 3:46,12.54831614,2/8/20 19:45
2/9/20 4:01,12.6392398,2/8/20 20:00
2/9/20 4:31,12.40913865,2/8/20 20:30
2/9/20 5:31,12.10235695,2/8/20 21:30
2/9/20 6:01,11.97616786,2/8/20 22:00
2/9/20 6:16,11.67102836,2/8/20 22:15
2/9/20 6:46,11.55975006,2/8/20 22:45
2/9/20 7:16,11.703163,2/8/20 23:15
2/9/20 7:46,11.40123171,2/8/20 23:45
2/9/20 8:16,11.17592278,2/9/20 0:15
2/9/20 8:31,10.950787,2/9/20 0:30
2/9/20 9:31,10.86475233,2/9/20 1:30
2/9/20 9:46,10.82169647,2/9/20 1:45
2/9/20 10:01,10.77421736,2/9/20 2:00
2/9/20 10:16,10.94376761,2/9/20 2:15
2/9/20 10:31,11.17417346,2/9/20 2:30
2/9/20 11:01,11.27207051,2/9/20 3:00
2/9/20 11:31,11.32882509,2/9/20 3:30
2/9/20 11:46,11.3794301,2/9/20 3:45
2/9/20 12:01,11.43871513,2/9/20 4:00
2/9/20 13:01,11.87835061,2/9/20 5:00
2/9/20 13:31,12.02891729,2/9/20 5:30
2/9/20 14:01,12.20073648,2/9/20 6:00
2/9/20 14:16,12.19728681,2/9/20 6:15
2/9/20 14:46,12.31878926,2/9/20 6:45
2/9/20 15:01,12.23781011,2/9/20 7:00
2/9/20 15:16,12.21712017,2/9/20 7:15
2/9/20 15:31,12.23781011,2/9/20 7:30
2/9/20 15:46,12.24815288,2/9/20 7:45
2/9/20 16:01,12.29898352,2/9/20 8:00
2/9/20 16:16,12.35666356,2/9/20 8:15
2/9/20 16:31,12.35236066,2/9/20 8:30
2/9/20 17:01,12.40999859,2/9/20 9:00
2/9/20 17:16,12.44782565,2/9/20 9:15
2/9/20 17:31,12.40999859,2/9/20 9:30
2/9/20 17:46,12.43235331,2/9/20 9:45
2/9/20 18:01,12.28520243,2/9/20 10:00
2/9/20 18:46,11.82462504,2/9/20 10:45
2/9/20 19:01,11.79080958,2/9/20 11:00
2/9/20 19:16,11.78387113,2/9/20 11:15
2/9/20 19:31,11.79427855,2/9/20 11:30
2/9/20 19:46,11.7630518,2/9/20 11:45
2/9/20 20:16,11.90260077,2/9/20 12:15
2/9/20 20:31,12.0064386,2/9/20 12:30
2/9/20 21:16,12.35494243,2/9/20 13:15
2/9/20 21:46,12.23091412,2/9/20 13:45
2/9/20 22:01,12.35408185,2/9/20 14:00
2/9/20 22:16,12.38849721,2/9/20 14:15
2/9/20 22:31,12.33170316,2/9/20 14:30
2/9/20 22:46,12.21539575,2/9/20 14:45
2/9/20 23:16,12.12480607,2/9/20 15:15
2/9/20 23:31,11.50752954,2/9/20 15:30
2/10/20 0:16,11.46224133,2/9/20 16:15
2/10/20 0:46,11.18641784,2/9/20 16:45
2/10/20 1:01,11.51275329,2/9/20 17:00
2/10/20 1:16,11.04285334,2/9/20 17:15
2/10/20 1:31,11.31223989,2/9/20 17:30
2/10/20 2:01,11.26508226,2/9/20 18:00
2/10/20 2:16,11.39948782,2/9/20 18:15
2/10/20 2:46,11.74135866,2/9/20 18:45
2/10/20 3:01,11.50840019,2/9/20 19:00
2/10/20 3:16,11.22401262,2/9/20 19:15
2/10/20 3:46,11.02094343,2/9/20 19:45
2/10/20 4:01,10.92007211,2/9/20 20:00
2/10/20 4:16,10.8752927,2/9/20 20:15
2/10/20 4:31,11.19428813,2/9/20 20:30
2/10/20 4:46,11.42389842,2/9/20 20:45
2/10/20 5:01,11.70837268,2/9/20 21:00
2/10/20 5:16,11.53625548,2/9/20 21:15
2/10/20 5:31,11.46224133,2/9/20 21:30
2/10/20 6:01,11.31049386,2/9/20 22:00
2/10/20 6:46,11.35325951,2/9/20 22:45
2/10/20 7:01,11.39774389,2/9/20 23:00
2/10/20 7:16,11.37070762,2/9/20 23:15
2/10/20 7:31,11.49098521,2/9/20 23:30
2/10/20 7:46,11.4665972,2/9/20 23:45
2/10/20 8:01,11.4526575,2/10/20 0:00
2/10/20 8:16,11.45004351,2/10/20 0:15
2/10/20 8:31,11.44568665,2/10/20 0:30
2/10/20 8:46,11.4665972,2/10/20 0:45
2/10/20 9:16,11.39599992,2/10/20 1:15
2/10/20 9:46,10.47631992,2/10/20 1:45
2/10/20 10:01,10.47631992,2/10/20 2:00
2/10/20 10:16,10.27910011,2/10/20 2:15
2/10/20 10:31,10.24543905,2/10/20 2:30
2/10/20 10:46,10.15412033,2/10/20 2:45
2/10/20 11:01,10.06623818,2/10/20 3:00
2/10/20 11:16,10.09554421,2/10/20 3:15
2/10/20 11:31,10.33575676,2/10/20 3:30
2/10/20 11:46,10.50281046,2/10/20 3:45
2/10/20 12:01,10.74782655,2/10/20 4:00
2/10/20 12:16,10.86475233,2/10/20 4:15
2/10/20 12:31,10.8867097,2/10/20 4:30
2/10/20 12:46,10.8506961,2/10/20 4:45
2/10/20 13:01,10.93938014,2/10/20 5:00
2/10/20 13:16,11.0656326,2/10/20 5:15
2/10/20 13:31,11.06738455,2/10/20 5:30
2/10/20 14:01,11.05424387,2/10/20 6:00
2/10/20 14:16,11.18729236,2/10/20 6:15
2/10/20 14:31,11.21876801,2/10/20 6:30
2/10/20 14:46,11.01480746,2/10/20 6:45
2/10/20 15:01,11.0437296,2/10/20 7:00
2/10/20 15:46,11.03584289,2/10/20 7:45
2/10/20 16:01,11.02883176,2/10/20 8:00
2/10/20 16:16,11.03146102,2/10/20 8:15
2/10/20 16:31,11.00604089,2/10/20 8:30
2/10/20 17:01,11.16367662,2/10/20 9:00
2/10/20 17:16,11.21701972,2/10/20 9:15
2/10/20 17:31,11.28342499,2/10/20 9:30
2/10/20 17:46,11.33231623,2/10/20 9:45
2/10/20 18:01,11.36372888,2/10/20 10:00
2/10/20 18:16,11.44742943,2/10/20 10:15
2/10/20 18:31,11.52755185,2/10/20 10:30
2/10/20 18:46,11.67102836,2/10/20 10:45
2/10/20 19:01,11.72399949,2/10/20 11:00
2/10/20 19:16,11.78387113,2/10/20 11:15
2/10/20 19:46,11.88268159,2/10/20 11:45
2/10/20 20:16,12.14379609,2/10/20 12:15
2/10/20 20:31,12.20677301,2/10/20 12:30
2/10/20 20:46,12.19728681,2/10/20 12:45
2/10/20 21:01,12.22574169,2/10/20 13:00
2/10/20 21:46,11.99433181,2/10/20 13:45
2/10/20 22:01,11.97270754,2/10/20 14:00
2/10/20 22:16,11.9121254,2/10/20 14:15
2/10/20 22:31,11.82635874,2/10/20 14:30
2/10/20 22:46,11.91299122,2/10/20 14:45
2/10/20 23:16,11.60758586,2/10/20 15:15
2/10/20 23:31,11.19778576,2/10/20 15:30
2/10/20 23:46,11.29827046,2/10/20 15:45
2/11/20 0:01,11.21614556,2/10/20 16:00
2/11/20 0:16,11.2030319,2/10/20 16:15
2/11/20 0:31,11.23100484,2/10/20 16:30
2/11/20 0:46,11.32533378,2/10/20 16:45
2/11/20 1:01,11.35500451,2/10/20 17:00
2/11/20 1:16,11.30962083,2/10/20 17:15
2/11/20 1:31,11.4665972,2/10/20 17:30
2/11/20 1:46,11.61454117,2/10/20 17:45
2/11/20 2:01,11.74135866,2/10/20 18:00
2/11/20 2:16,11.7561107,2/10/20 18:15
2/11/20 2:31,11.76478697,2/10/20 18:30
2/11/20 2:46,11.76478697,2/10/20 18:45
2/11/20 3:16,11.86015768,2/10/20 19:15
2/11/20 3:46,11.76044897,2/10/20 19:45
2/11/20 4:01,11.80034886,2/10/20 20:00
2/11/20 4:16,11.85149279,2/10/20 20:15
2/11/20 4:31,11.89567297,2/10/20 20:30
2/11/20 4:46,11.96146039,2/10/20 20:45
2/11/20 5:01,11.94069184,2/10/20 21:00
2/11/20 5:16,11.93030534,2/10/20 21:15
2/11/20 5:31,11.90086888,2/10/20 21:30
2/11/20 5:46,11.81942369,2/10/20 21:45
2/11/20 6:46,11.79774737,2/10/20 22:45
2/11/20 7:31,11.7526399,2/10/20 23:30
2/11/20 7:46,11.63453397,2/10/20 23:45
2/11/20 8:01,11.60062988,2/11/20 0:00
2/11/20 8:16,11.56584,2/11/20 0:15
2/11/20 8:46,11.52319965,2/11/20 0:45
2/11/20 9:01,11.47530814,2/11/20 1:00
2/11/20 9:16,11.35325951,2/11/20 1:15
2/11/20 9:31,11.286045,2/11/20 1:30
2/11/20 9:46,11.14180332,2/11/20 1:45
2/11/20 10:01,10.98148883,2/11/20 2:00
2/11/20 10:16,10.34195086,2/11/20 2:15
2/11/20 10:46,10.07245561,2/11/20 2:45
2/11/20 11:16,10.15057162,2/11/20 3:15
2/11/20 11:31,10.13460028,2/11/20 3:30
2/11/20 12:01,10.3207117,2/11/20 4:00
2/11/20 12:16,10.38264172,2/11/20 4:15
2/11/20 12:31,10.39236872,2/11/20 4:30
2/11/20 12:46,10.43479843,2/11/20 4:45
2/11/20 13:01,10.49839605,2/11/20 5:00
2/11/20 13:16,10.72406655,2/11/20 5:15
2/11/20 13:46,10.68973272,2/11/20 5:45
2/11/20 14:01,11.06212856,2/11/20 6:00
2/11/20 14:16,10.97534951,2/11/20 6:15
2/11/20 14:46,11.04110079,2/11/20 6:45
2/11/20 15:01,11.15317827,2/11/20 7:00
2/11/20 15:16,11.16105218,2/11/20 7:15
2/11/20 16:01,11.31573183,2/11/20 8:00
2/11/20 16:16,11.37768569,2/11/20 8:15
2/11/20 16:31,11.39251185,2/11/20 8:30
2/11/20 16:46,11.38727944,2/11/20 8:45
2/11/20 17:01,11.43958661,2/11/20 9:00
2/11/20 17:16,11.46833947,2/11/20 9:15
2/11/20 17:31,11.50578821,2/11/20 9:30
2/11/20 17:46,11.51449445,2/11/20 9:45
2/11/20 18:01,11.55975006,2/11/20 10:00
2/11/20 18:16,11.61367179,2/11/20 10:15
2/11/20 19:01,11.88787842,2/11/20 11:00
2/11/20 19:16,11.92511154,2/11/20 11:15
2/11/20 19:31,11.98568287,2/11/20 11:30
2/11/20 19:46,11.97962801,2/11/20 11:45
2/11/20 20:01,11.99692629,2/11/20 12:00
2/11/20 20:16,12.02545948,2/11/20 12:15
2/11/20 20:31,12.05830203,2/11/20 12:30
2/11/20 21:01,11.9329021,2/11/20 13:00
2/11/20 21:16,11.75177218,2/11/20 13:15
2/11/20 22:01,11.73007567,2/11/20 14:00
2/11/20 22:16,11.60323845,2/11/20 14:15
2/11/20 22:31,11.55104925,2/11/20 14:30
2/11/20 22:46,11.49708093,2/11/20 14:45
2/11/20 23:01,11.46572604,2/11/20 15:00
2/11/20 23:16,11.34627909,2/11/20 15:15
2/11/20 23:31,11.26595583,2/11/20 15:30
2/11/20 23:46,11.15930249,2/11/20 15:45
2/12/20 0:01,11.0700124,2/11/20 16:00
2/12/20 0:16,11.15405319,2/11/20 16:15
2/12/20 0:46,11.0656326,2/11/20 16:45
2/12/20 1:01,11.09628565,2/11/20 17:00
2/12/20 1:16,11.0568722,2/11/20 17:15
2/12/20 1:31,11.11554662,2/11/20 17:30
2/12/20 1:46,11.11116958,2/11/20 17:45
2/12/20 2:01,11.10066359,2/11/20 18:00
2/12/20 2:16,11.08402599,2/11/20 18:15
2/12/20 2:31,11.07264016,2/11/20 18:30
2/12/20 2:46,11.04110079,2/11/20 18:45
2/12/20 3:01,11.04986311,2/11/20 19:00
2/12/20 3:16,10.99727326,2/11/20 19:15
2/12/20 3:46,10.97798071,2/11/20 19:45
2/12/20 4:01,11.38117447,2/11/20 20:00
2/12/20 4:16,11.51536502,2/11/20 20:15
2/12/20 4:31,11.68318909,2/11/20 20:30
2/12/20 4:46,11.79514577,2/11/20 20:45
2/12/20 5:01,11.8228913,2/11/20 21:00
2/12/20 5:16,11.70750443,2/11/20 21:15
2/12/20 5:31,11.73615135,2/11/20 21:30
2/12/20 5:46,11.71965904,2/11/20 21:45
2/12/20 6:01,11.72052715,2/11/20 22:00
2/12/20 6:16,11.74656561,2/11/20 22:15
2/12/20 6:46,11.75697838,2/11/20 22:45
2/12/20 7:01,11.72660363,2/11/20 23:00
2/12/20 7:16,11.76044897,2/11/20 23:15
2/12/20 7:31,11.75784604,2/11/20 23:30
2/12/20 7:46,11.79601298,2/11/20 23:45
2/12/20 8:01,11.77693202,2/12/20 0:00
2/12/20 8:16,11.76131659,2/12/20 0:15
2/12/20 8:46,11.74222651,2/12/20 0:45
2/12/20 9:01,11.7526399,2/12/20 1:00
2/12/20 9:16,11.74135866,2/12/20 1:15
2/12/20 9:46,11.68926868,2/12/20 1:45
2/12/20 10:01,11.54321763,2/12/20 2:00
2/12/20 10:16,11.49882247,2/12/20 2:15
2/12/20 10:31,11.5336445,2/12/20 2:30
2/12/20 10:46,11.51884718,2/12/20 2:45
2/12/20 11:16,11.51362388,2/12/20 3:15
2/12/20 11:46,11.00078044,2/12/20 3:45
2/12/20 12:01,10.8260911,2/12/20 4:00
2/12/20 12:16,10.82345436,2/12/20 4:15
2/12/20 12:46,10.7654215,2/12/20 4:45
2/12/20 13:01,10.63511699,2/12/20 5:00
2/12/20 13:16,10.56546589,2/12/20 5:15
2/12/20 13:31,10.58486917,2/12/20 5:30
2/12/20 13:46,10.66947688,2/12/20 5:45
2/12/20 14:01,10.67123848,2/12/20 6:00
2/12/20 14:16,10.65714445,2/12/20 6:15
2/12/20 14:31,10.6527395,2/12/20 6:30
2/12/20 14:46,10.66947688,2/12/20 6:45
2/12/20 15:01,10.68621037,2/12/20 7:00
2/12/20 15:16,10.74518694,2/12/20 7:15
2/12/20 15:46,10.87968407,2/12/20 7:45
2/12/20 16:01,10.98061181,2/12/20 8:00
2/12/20 16:16,11.09190744,2/12/20 8:15
2/12/20 16:31,11.11204501,2/12/20 8:30
2/12/20 16:46,11.24586107,2/12/20 8:45
2/12/20 17:01,11.41866827,2/12/20 9:00
2/12/20 17:16,11.45614268,2/12/20 9:15
2/12/20 17:31,11.50230542,2/12/20 9:30
2/12/20 17:46,11.55017911,2/12/20 9:45
2/12/20 18:01,11.59541246,2/12/20 10:00
2/12/20 18:16,11.6588656,2/12/20 10:15
2/12/20 18:31,11.70142635,2/12/20 10:30
2/12/20 18:46,11.76825719,2/12/20 10:45
2/12/20 19:01,11.81248797,2/12/20 11:00
2/12/20 19:16,11.84802654,2/12/20 11:15
2/12/20 19:46,11.89913695,2/12/20 11:45
2/12/20 20:01,11.94501911,2/12/20 12:00
2/12/20 20:16,11.99260211,2/12/20 12:15
2/12/20 20:31,12.01508507,2/12/20 12:30
2/12/20 21:01,12.03410369,2/12/20 13:00
2/12/20 21:16,12.07471776,2/12/20 13:15
2/12/20 21:31,12.09372083,2/12/20 13:30
2/12/20 21:46,12.14293301,2/12/20 13:45
2/12/20 22:01,12.18089866,2/12/20 14:00
2/12/20 22:46,12.27572643,2/12/20 14:45
2/13/20 1:01,11.66929095,2/12/20 17:00
2/13/20 1:16,11.61627989,2/12/20 17:15
2/13/20 2:01,11.43435759,2/12/20 18:00
2/13/20 2:16,11.37681347,2/12/20 18:15
2/13/20 3:01,11.35936683,2/12/20 19:00
2/13/20 3:16,11.36111168,2/12/20 19:15
2/13/20 3:46,11.89307488,2/12/20 19:45
2/13/20 4:01,12.13084889,2/12/20 20:00
2/13/20 4:16,12.11962612,2/12/20 20:15
2/13/20 4:31,12.0868112,2/12/20 20:30
2/13/20 4:46,12.05398149,2/12/20 20:45
2/13/20 5:01,12.01767881,2/12/20 21:00
2/13/20 5:16,12.02891729,2/12/20 21:15
2/13/20 5:46,12.13257531,2/12/20 21:45
2/13/20 6:01,12.12825917,2/12/20 22:00
2/13/20 6:16,12.24211977,2/12/20 22:15
2/13/20 6:31,12.25763246,2/12/20 22:30
2/13/20 6:46,12.29812227,2/12/20 22:45
2/13/20 7:01,12.24211977,2/12/20 23:00
2/13/20 7:16,12.27228031,2/12/20 23:15
2/13/20 7:31,12.28003386,2/12/20 23:30
2/13/20 8:16,12.27744943,2/13/20 0:15
2/13/20 8:31,12.27917239,2/13/20 0:30
2/13/20 8:46,12.26194096,2/13/20 0:45
2/13/20 9:01,12.20591068,2/13/20 1:00
2/13/20 9:16,12.25849418,2/13/20 1:15
2/13/20 9:31,12.26883402,2/13/20 1:30
2/13/20 9:46,12.26711081,2/13/20 1:45
2/13/20 10:01,12.2895093,2/13/20 2:00
2/13/20 10:16,12.07644552,2/13/20 2:15
2/13/20 10:31,11.92511154,2/13/20 2:30
2/13/20 10:46,11.96492124,2/13/20 2:45
2/13/20 11:31,12.03756109,2/13/20 3:30
2/13/20 11:46,12.03410369,2/13/20 3:45
2/13/20 12:01,11.96751676,2/13/20 4:00
2/13/20 12:16,11.98395296,2/13/20 4:15
2/13/20 12:46,12.0479323,2/13/20 4:45
2/13/20 13:01,12.1696836,2/13/20 5:00
2/13/20 13:16,12.15070032,2/13/20 5:15
2/13/20 13:31,12.0902661,2/13/20 5:30
2/13/20 13:46,11.94761535,2/13/20 5:45
2/13/20 14:01,11.98568287,2/13/20 6:00
2/13/20 14:16,11.97876299,2/13/20 6:15
2/13/20 14:31,11.96405604,2/13/20 6:30
2/13/20 14:46,12.07644552,2/13/20 6:45
2/13/20 15:01,12.13257531,2/13/20 7:00
2/13/20 15:16,12.07903708,2/13/20 7:15
2/13/20 15:46,12.13343851,2/13/20 7:45
2/13/20 16:01,12.15501514,2/13/20 8:00
2/13/20 16:16,12.10322051,2/13/20 8:15
2/13/20 16:31,12.17744806,2/13/20 8:30
2/13/20 16:46,12.15156331,2/13/20 8:45
2/13/20 17:16,12.17054635,2/13/20 9:15
2/13/20 17:31,12.15587807,2/13/20 9:30
2/13/20 17:46,12.18521169,2/13/20 9:45
2/13/20 18:01,12.18866193,2/13/20 10:00
2/13/20 18:16,12.20935994,2/13/20 10:15
2/13/20 18:31,12.22919002,2/13/20 10:30
2/13/20 19:01,12.25677073,2/13/20 11:00
2/13/20 19:16,12.26107928,2/13/20 11:15
2/13/20 19:31,12.26107928,2/13/20 11:30
2/13/20 19:46,12.30415075,2/13/20 11:45
2/13/20 20:01,12.36010571,2/13/20 12:00
2/13/20 20:31,12.35752412,2/13/20 12:30
2/13/20 20:46,12.36612907,2/13/20 12:45
2/13/20 21:01,12.37043117,2/13/20 13:00
2/13/20 21:16,12.4142981,2/13/20 13:15
2/13/20 21:31,12.4263354,2/13/20 13:30
2/13/20 21:46,12.46157609,2/13/20 13:45
2/13/20 22:01,12.52685541,2/13/20 14:00
2/13/20 22:16,12.57234469,2/13/20 14:15
2/13/20 22:31,12.59808081,2/13/20 14:30
2/13/20 22:46,12.58607175,2/13/20 14:45
2/13/20 23:01,12.58864529,2/13/20 15:00
2/13/20 23:16,12.65638255,2/13/20 15:15
2/13/20 23:31,12.56376397,2/13/20 15:30
2/13/20 23:46,12.60837273,2/13/20 15:45
2/14/20 0:01,12.60579989,2/13/20 16:00
2/14/20 0:16,12.5440245,2/13/20 16:15
2/14/20 0:31,12.39107771,2/13/20 16:30
2/14/20 0:46,12.04447539,2/13/20 16:45
2/14/20 1:01,11.96751676,2/13/20 17:00
2/14/20 1:16,11.84196021,2/13/20 17:15
2/14/20 1:31,11.66234089,2/13/20 17:30
2/14/20 1:46,11.63974858,2/13/20 17:45
2/14/20 2:01,11.76391939,2/13/20 18:00
2/14/20 2:16,11.98568287,2/13/20 18:15
2/14/20 2:31,12.2895093,2/13/20 18:30
2/14/20 3:01,12.5654802,2/13/20 19:00
2/14/20 3:16,12.56633829,2/13/20 19:15
2/14/20 3:46,12.64695453,2/13/20 19:45
2/14/20 4:16,12.62552271,2/13/20 20:15
2/14/20 4:31,12.63323889,2/13/20 20:30
2/14/20 4:46,12.62723748,2/13/20 20:45
2/14/20 5:01,12.65552551,2/13/20 21:00
2/14/20 5:16,12.66409548,2/13/20 21:15
2/14/20 5:31,12.62209303,2/13/20 21:30
2/14/20 5:46,12.62809486,2/13/20 21:45
2/14/20 6:01,12.66409548,2/13/20 22:00
2/14/20 6:16,12.67866213,2/13/20 22:15
2/14/20 6:31,12.66838009,2/13/20 22:30
2/14/20 6:46,12.66409548,2/13/20 22:45
2/14/20 7:01,12.68208915,2/13/20 23:00
2/14/20 7:16,12.69151265,2/13/20 23:15
2/14/20 7:31,12.67352129,2/13/20 23:30
2/14/20 7:46,12.67180759,2/13/20 23:45
2/14/20 8:01,12.64009703,2/14/20 0:00
2/14/20 8:16,12.68380261,2/14/20 0:15
2/14/20 8:31,12.69065602,2/14/20 0:30
2/14/20 8:46,12.66066761,2/14/20 0:45
2/14/20 9:01,12.64524022,2/14/20 1:00
2/14/20 9:16,12.62123559,2/14/20 1:15
2/14/20 9:46,12.41171842,2/14/20 1:45
2/14/20 10:01,12.27400339,2/14/20 2:00
2/14/20 10:16,12.22401747,2/14/20 2:15
2/14/20 10:31,12.16882083,2/14/20 2:30
2/14/20 10:46,12.13602804,2/14/20 2:45
2/14/20 11:01,12.0868112,2/14/20 3:00
2/14/20 11:16,12.07298997,2/14/20 3:15
2/14/20 11:31,12.03237493,2/14/20 3:30
2/14/20 12:01,11.91299122,2/14/20 4:00
2/14/20 13:01,11.79341133,2/14/20 5:00
2/14/20 13:16,11.72920767,2/14/20 5:15
2/14/20 13:31,11.74483,2/14/20 5:30
2/14/20 13:46,11.81162095,2/14/20 5:45
2/14/20 14:01,11.86882155,2/14/20 6:00
2/14/20 14:16,11.88787842,2/14/20 6:15
2/14/20 14:31,12.13084889,2/14/20 6:30
2/14/20 14:46,12.27314185,2/14/20 6:45
2/14/20 15:01,12.35752412,2/14/20 7:00
2/14/20 15:16,12.26538757,2/14/20 7:15
2/14/20 16:01,12.39279799,2/14/20 8:00
2/14/20 16:16,12.42461591,2/14/20 8:15
2/14/20 16:31,12.52599685,2/14/20 8:30
2/14/20 17:01,12.38505641,2/14/20 9:00
2/14/20 17:16,12.39537834,2/14/20 9:15
2/14/20 17:31,12.47790138,2/14/20 9:30
2/14/20 17:46,12.51655202,2/14/20 9:45
2/14/20 18:46,12.5869296,2/14/20 10:45
2/14/20 19:01,12.60322695,2/14/20 11:00
2/14/20 19:16,12.60579989,2/14/20 11:15
2/14/20 19:31,12.64352586,2/14/20 11:30
2/14/20 19:46,12.68208915,2/14/20 11:45
2/14/20 20:01,12.71549426,2/14/20 12:00
2/14/20 20:16,12.74203618,2/14/20 12:15
2/14/20 20:31,12.74460424,2/14/20 12:30
2/14/20 21:01,12.73347532,2/14/20 13:00
2/14/20 21:16,12.7531638,2/14/20 13:15
2/14/20 21:46,12.75145197,2/14/20 13:45
2/14/20 22:01,12.82673477,2/14/20 14:00
2/14/20 22:16,12.76343395,2/14/20 14:15
2/14/20 22:31,12.76343395,2/14/20 14:30
2/14/20 22:46,12.77370266,2/14/20 14:45
2/14/20 23:16,12.64438304,2/14/20 15:15
2/14/20 23:31,12.62552271,2/14/20 15:30
2/14/20 23:46,12.61694822,2/14/20 15:45
2/15/20 0:01,12.59636535,2/14/20 16:00
2/15/20 0:16,12.48047873,2/14/20 16:15
2/15/20 0:46,12.19901167,2/14/20 16:45
2/15/20 1:01,12.05657385,2/14/20 17:00
2/15/20 1:16,11.8384935,2/14/20 17:15
2/15/20 1:31,11.49708093,2/14/20 17:30
2/15/20 1:46,11.36721834,2/14/20 17:45
2/15/20 2:01,11.52755185,2/14/20 18:00
2/15/20 2:16,11.68579469,2/14/20 18:15
2/15/20 2:31,11.83415989,2/14/20 18:30
2/15/20 2:46,11.96146039,2/14/20 18:45
2/15/20 3:01,12.29639976,2/14/20 19:00
2/15/20 3:16,12.39279799,2/14/20 19:15
2/15/20 3:31,12.47360561,2/14/20 19:30
2/15/20 3:46,12.540591,2/14/20 19:45
2/15/20 4:01,12.61008791,2/14/20 20:00
2/15/20 4:16,12.6580966,2/14/20 20:15
2/15/20 4:31,12.70179144,2/14/20 20:30
2/15/20 4:46,12.68294589,2/14/20 20:45
2/15/20 5:01,12.67095073,2/14/20 21:00
2/15/20 5:16,12.70521739,2/14/20 21:15
2/15/20 5:31,12.69493907,2/14/20 21:30
2/15/20 5:46,12.72833832,2/14/20 21:45
2/15/20 6:01,12.72662591,2/14/20 22:00
2/15/20 6:16,12.72148844,2/14/20 22:15
2/15/20 6:31,12.70949959,2/14/20 22:30
2/15/20 6:46,12.56891252,2/14/20 22:45
2/15/20 7:01,12.50367075,2/14/20 23:00
2/15/20 7:16,12.43407262,2/14/20 23:15
2/15/20 7:31,12.33945041,2/14/20 23:30
2/15/20 7:46,12.32309415,2/14/20 23:45
2/15/20 8:01,12.45040405,2/15/20 0:00
2/15/20 8:16,12.55775687,2/15/20 0:15
2/15/20 8:31,12.57491871,2/15/20 0:30
2/15/20 8:46,12.57491871,2/15/20 0:45
2/15/20 9:01,12.51397595,2/15/20 1:00
2/15/20 9:16,12.47274642,2/15/20 1:15
2/15/20 9:31,12.53200656,2/15/20 1:30
2/15/20 9:46,12.46930958,2/15/20 1:45
2/15/20 10:01,12.46329472,2/15/20 2:00
2/15/20 10:16,12.45384179,2/15/20 2:15
2/15/20 10:31,12.47446478,2/15/20 2:30
2/15/20 10:46,12.4650133,2/15/20 2:45
2/15/20 11:01,12.3979586,2/15/20 3:00
2/15/20 11:16,12.3239551,2/15/20 3:15
2/15/20 11:31,12.1343017,2/15/20 3:30
2/15/20 11:46,12.0064386,2/15/20 3:45
2/15/20 12:01,12.00903264,2/15/20 4:00
2/15/20 12:16,11.9545382,2/15/20 4:15
2/15/20 12:31,11.92338019,2/15/20 4:30
2/15/20 12:46,11.93549877,2/15/20 4:45
2/15/20 13:01,11.94934612,2/15/20 5:00
2/15/20 13:16,11.84889311,2/15/20 5:15
2/15/20 13:31,11.8280924,2/15/20 5:30
2/15/20 13:46,11.7561107,2/15/20 5:45
2/15/20 14:01,11.78126904,2/15/20 6:00
2/15/20 14:16,11.75177218,2/15/20 6:15
2/15/20 14:31,11.7856058,2/15/20 6:30
2/15/20 14:46,11.91385702,2/15/20 6:45
2/15/20 15:01,11.98654781,2/15/20 7:00
2/15/20 15:16,11.95713409,2/15/20 7:15
2/15/20 15:46,12.1576039,2/15/20 7:45
2/15/20 16:01,12.1593297,2/15/20 8:00
2/15/20 16:16,12.13084889,2/15/20 8:15
2/15/20 16:31,12.09112979,2/15/20 8:30
2/15/20 16:46,12.17744806,2/15/20 8:45
2/15/20 17:01,12.20849764,2/15/20 9:00
2/15/20 17:16,12.26107928,2/15/20 9:15
2/15/20 17:31,12.32137223,2/15/20 9:30
2/15/20 18:01,12.45212294,2/15/20 10:00
2/15/20 18:16,12.44524715,2/15/20 10:15
2/15/20 19:01,12.59207653,2/15/20 11:00
2/15/20 19:16,12.63838256,2/15/20 11:15
2/15/20 19:31,12.70521739,2/15/20 11:30
2/15/20 20:01,12.74974009,2/15/20 12:00
2/15/20 21:01,12.86776558,2/15/20 13:00
2/15/20 21:16,12.94122176,2/15/20 13:15
2/15/20 21:46,13.02739634,2/15/20 13:45
2/15/20 22:01,13.07939345,2/15/20 14:00
2/15/20 22:16,13.11943172,2/15/20 14:15
2/15/20 22:31,13.20965086,2/15/20 14:30
2/15/20 22:46,13.19689072,2/15/20 14:45
2/15/20 23:01,13.18668102,2/15/20 15:00
2/15/20 23:16,13.2147543,2/15/20 15:15
2/15/20 23:31,13.20965086,2/15/20 15:30
2/15/20 23:46,13.1985922,2/15/20 15:45
2/16/20 0:01,13.07428061,2/15/20 16:00
2/16/20 0:16,12.71549426,2/15/20 16:15
2/16/20 0:31,12.94549021,2/15/20 16:30
2/16/20 0:46,12.84468857,2/15/20 16:45
2/16/20 1:01,12.534582,2/15/20 17:00
2/16/20 1:16,12.60151161,2/15/20 17:15
2/16/20 1:31,12.51998665,2/15/20 17:30
2/16/20 1:46,12.4263354,2/15/20 17:45
2/16/20 2:01,12.43579189,2/15/20 18:00
2/16/20 2:16,12.39967872,2/15/20 18:15
2/16/20 2:31,12.34031116,2/15/20 18:30
2/16/20 2:46,12.2895093,2/15/20 18:45
2/16/20 3:01,12.2205689,2/15/20 19:00
2/16/20 3:16,12.19383698,2/15/20 19:15
2/16/20 3:31,12.24211977,2/15/20 19:30
2/16/20 3:46,12.34289336,2/15/20 19:45
2/16/20 4:01,12.45985743,2/15/20 20:00
2/16/20 4:16,12.5217039,2/15/20 20:15
2/16/20 4:31,12.58264023,2/15/20 20:30
2/16/20 4:46,12.6795189,2/15/20 20:45
2/16/20 5:01,12.63066692,2/15/20 21:00
2/16/20 5:16,12.63495348,2/15/20 21:15
2/16/20 5:31,12.60923032,2/15/20 21:30
2/16/20 5:46,12.62123559,2/15/20 21:45
2/16/20 6:01,12.64438304,2/15/20 22:00
2/16/20 6:16,12.60579989,2/15/20 22:15
2/16/20 6:31,12.59979623,2/15/20 22:30
2/16/20 6:46,12.57406071,2/15/20 22:45
2/16/20 7:01,12.58950311,2/15/20 23:00
2/16/20 7:16,12.60236929,2/15/20 23:15
2/16/20 7:31,12.65038304,2/15/20 23:30
2/16/20 7:46,12.69493907,2/15/20 23:45
2/16/20 8:01,12.63409619,2/16/20 0:00
2/16/20 8:16,12.59979623,2/16/20 0:15
2/16/20 8:31,12.60494225,2/16/20 0:30
2/16/20 8:46,12.63066692,2/16/20 0:45
2/16/20 9:01,12.64695453,2/16/20 1:00
2/16/20 9:16,12.65552551,2/16/20 1:15
2/16/20 9:31,12.72320097,2/16/20 1:30
2/16/20 9:46,12.75487559,2/16/20 1:45
2/16/20 10:01,12.73518757,2/16/20 2:00
2/16/20 10:16,12.70179144,2/16/20 2:15
2/16/20 10:31,12.65381139,2/16/20 2:30
2/16/20 10:46,12.62723748,2/16/20 2:45
2/16/20 11:01,12.6392398,2/16/20 3:00
2/16/20 11:16,12.6246653,2/16/20 3:15
2/16/20 11:31,12.54144939,2/16/20 3:30
2/16/20 11:46,12.52084528,2/16/20 3:45
2/16/20 12:01,12.52513828,2/16/20 4:00
2/16/20 12:16,12.24642919,2/16/20 4:15
2/16/20 12:31,12.33514649,2/16/20 4:30
2/16/20 12:46,12.25849418,2/16/20 4:45
2/16/20 13:16,12.04706809,2/16/20 5:15
2/16/20 14:01,12.15415219,2/16/20 6:00
2/16/20 14:16,12.17572269,2/16/20 6:15
2/16/20 14:31,12.03669676,2/16/20 6:30
2/16/20 14:46,12.04966069,2/16/20 6:45
2/16/20 15:16,12.14120683,2/16/20 7:15
2/16/20 15:31,12.1912495,2/16/20 7:30
2/16/20 15:46,12.25849418,2/16/20 7:45
2/16/20 16:01,12.25160014,2/16/20 8:00
2/16/20 16:16,12.29812227,2/16/20 8:15
2/16/20 16:31,12.31792826,2/16/20 8:30
2/16/20 16:46,12.35063942,2/16/20 8:45
2/16/20 17:01,12.36612907,2/16/20 9:00
2/16/20 17:16,12.44696616,2/16/20 9:15
2/16/20 17:31,12.47704225,2/16/20 9:30
2/16/20 17:46,12.48649218,2/16/20 9:45
2/16/20 18:01,12.47532395,2/16/20 10:00
2/16/20 18:31,12.55775687,2/16/20 10:30
2/16/20 18:46,12.6126606,2/16/20 10:45
2/16/20 19:01,12.64524022,2/16/20 11:00
2/16/20 19:16,12.7540197,2/16/20 11:15
2/16/20 19:31,12.78482548,2/16/20 11:30
2/16/20 19:46,12.92926879,2/16/20 11:45
2/16/20 20:01,12.905357,2/16/20 12:00
2/16/20 20:16,12.94890479,2/16/20 12:15
2/16/20 20:31,12.96597531,2/16/20 12:30
2/16/20 20:46,13.01631023,2/16/20 12:45
2/16/20 21:01,13.04785861,2/16/20 13:00
2/16/20 21:16,13.09728559,2/16/20 13:15
2/16/20 22:16,13.33628162,2/16/20 14:15
2/16/20 22:31,13.34222537,2/16/20 14:30
2/16/20 22:46,13.38636389,2/16/20 14:45
2/16/20 23:01,13.42708369,2/16/20 15:00
2/16/20 23:31,13.50337275,2/16/20 15:30
2/17/20 0:01,13.55672819,2/16/20 16:00
2/17/20 0:16,13.55842138,2/16/20 16:15
2/17/20 0:31,13.46184738,2/16/20 16:30
2/17/20 0:46,13.47710432,2/16/20 16:45
2/17/20 1:01,13.12965077,2/16/20 17:00
2/17/20 1:46,12.65638255,2/16/20 17:45
2/17/20 2:01,12.57062863,2/16/20 18:00
2/17/20 2:16,12.37129156,2/16/20 18:15
2/17/20 2:31,12.41171842,2/16/20 18:30
2/17/20 2:46,12.38677683,2/16/20 18:45
2/17/20 3:16,12.4013988,2/16/20 19:15
2/17/20 3:46,12.19383698,2/16/20 19:45
2/17/20 4:01,12.17227184,2/16/20 20:00
2/17/20 6:01,12.60665751,2/16/20 22:00
2/17/20 6:16,12.59550761,2/16/20 22:15
2/17/20 6:31,12.60837273,2/16/20 22:30
2/17/20 6:46,12.57234469,2/16/20 22:45
2/17/20 7:01,12.49765871,2/16/20 23:00
2/17/20 7:16,12.55604046,2/16/20 23:15
2/17/20 7:31,12.71977586,2/16/20 23:30
2/17/20 7:46,12.72320097,2/16/20 23:45
2/17/20 8:01,12.72148844,2/17/20 0:00
2/17/20 8:16,12.69493907,2/17/20 0:15
2/17/20 8:31,12.80706605,2/17/20 0:30
2/17/20 8:46,12.80450017,2/17/20 0:45
2/17/20 9:01,12.83100989,2/17/20 1:00
2/17/20 9:16,12.83357484,2/17/20 1:15
2/17/20 9:31,12.84297888,2/17/20 1:30
2/17/20 9:46,12.78311438,2/17/20 1:45
2/17/20 10:01,12.81219753,2/17/20 2:00
2/17/20 10:16,12.77883648,2/17/20 2:15
2/17/20 10:31,12.79509119,2/17/20 2:30
2/17/20 10:46,12.82502466,2/17/20 2:45
2/17/20 11:01,12.82245941,2/17/20 3:00
2/17/20 11:16,12.83015489,2/17/20 3:15
2/17/20 11:31,12.7925249,2/17/20 3:30
2/17/20 11:46,12.77969208,2/17/20 3:45
2/17/20 12:01,12.78910303,2/17/20 4:00
2/17/20 12:46,12.6152332,2/17/20 4:45
2/17/20 13:01,11.7404908,2/17/20 5:00
2/17/20 13:16,11.63453397,2/17/20 5:15
2/17/20 13:31,11.665816,2/17/20 5:30
2/17/20 13:46,11.66407846,2/17/20 5:45
2/17/20 14:01,11.67537171,2/17/20 6:00
2/17/20 14:16,11.69882131,2/17/20 6:15
2/17/20 14:31,11.71097738,2/17/20 6:30
2/17/20 14:46,11.67189705,2/17/20 6:45
2/17/20 15:01,11.6571279,2/17/20 7:00
2/17/20 15:16,11.69013716,2/17/20 7:15
2/17/20 16:01,12.1118555,2/17/20 8:00
2/17/20 16:16,12.18607427,2/17/20 8:15
2/17/20 16:46,12.28606383,2/17/20 8:45
2/17/20 17:16,12.45813872,2/17/20 9:15
2/17/20 17:31,12.46415401,2/17/20 9:30
2/17/20 17:46,12.51225851,2/17/20 9:45
2/17/20 18:01,12.68380261,2/17/20 10:00
2/17/20 18:16,12.80022351,2/17/20 10:15
2/17/20 18:31,12.80364486,2/17/20 10:30
2/17/20 18:46,12.83186488,2/17/20 10:45
2/17/20 19:01,12.87887414,2/17/20 11:00
2/17/20 19:16,12.97706902,2/17/20 11:15
2/17/20 19:31,13.03507036,2/17/20 11:30
2/17/20 19:46,13.0214271,2/17/20 11:45
2/17/20 20:01,13.03933336,2/17/20 12:00
2/17/20 20:16,13.07342844,2/17/20 12:15
2/17/20 20:31,13.08876606,2/17/20 12:30
2/17/20 21:01,13.14667935,2/17/20 13:00
2/17/20 21:16,13.45252215,2/17/20 13:15
2/17/20 21:31,13.3303374,2/17/20 13:30
2/17/20 21:46,13.35496035,2/17/20 13:45
2/17/20 22:16,13.37108816,2/17/20 14:15
2/17/20 22:31,13.38975806,2/17/20 14:30
2/17/20 22:46,13.38296955,2/17/20 14:45
2/17/20 23:01,13.37872642,2/17/20 15:00
2/17/20 23:16,13.37023942,2/17/20 15:15
2/17/20 23:31,13.36260028,2/17/20 15:30
2/17/20 23:46,13.34816863,2/17/20 15:45
2/18/20 0:16,13.32524197,2/17/20 16:15
2/18/20 0:31,13.53217254,2/17/20 16:30
2/18/20 1:01,13.26576921,2/17/20 17:00
2/18/20 1:16,13.16881062,2/17/20 17:15
2/18/20 1:31,12.40999859,2/17/20 17:30
2/18/20 2:31,11.90346669,2/17/20 18:30
2/18/20 3:01,11.90433261,2/17/20 19:00
2/18/20 3:46,12.08767494,2/17/20 19:45
2/18/20 4:01,12.10667463,2/17/20 20:00
2/18/20 4:31,11.81508894,2/17/20 20:30
2/18/20 4:46,11.93896086,2/17/20 20:45
2/18/20 5:01,11.88181541,2/17/20 21:00
2/18/20 5:16,12.59550761,2/17/20 21:15
2/18/20 5:31,12.69665223,2/17/20 21:30
2/18/20 5:46,12.72405722,2/17/20 21:45
2/18/20 6:01,12.69151265,2/17/20 22:00
2/18/20 6:31,12.72748212,2/17/20 22:30
2/18/20 7:01,12.65895362,2/17/20 23:00
2/18/20 7:16,12.78824754,2/17/20 23:15
2/18/20 7:31,12.80877658,2/17/20 23:30
2/18/20 7:46,12.7976574,2/17/20 23:45
2/18/20 8:01,12.76343395,2/18/20 0:00
2/18/20 8:16,12.75230789,2/18/20 0:15
2/18/20 9:01,12.72833832,2/18/20 1:00
2/18/20 9:16,12.69836534,2/18/20 1:15
2/18/20 10:16,12.5603314,2/18/20 2:15
2/18/20 10:31,12.80963183,2/18/20 2:30
2/18/20 10:46,12.81561832,2/18/20 2:45
2/18/20 11:31,12.83528475,2/18/20 3:30
2/18/20 11:46,12.8181838,2/18/20 3:45
2/18/20 12:01,12.80278954,2/18/20 4:00
2/18/20 12:16,12.79936815,2/18/20 4:15
2/18/20 12:46,12.76685701,2/18/20 4:45
2/18/20 13:01,12.71378155,2/18/20 5:00
2/18/20 13:16,12.6126606,2/18/20 5:15
2/18/20 13:31,12.44266857,2/18/20 5:30
2/18/20 13:46,12.63238157,2/18/20 5:45
2/18/20 14:01,12.65295432,2/18/20 6:00
2/18/20 14:16,12.62295047,2/18/20 6:15
2/18/20 14:31,11.68926868,2/18/20 6:30
2/18/20 14:46,11.46311252,2/18/20 6:45
2/18/20 15:01,11.44568665,2/18/20 7:00
2/18/20 15:16,11.45701395,2/18/20 7:15
2/18/20 15:46,11.44568665,2/18/20 7:45
2/18/20 16:01,13.21390375,2/18/20 8:00
2/18/20 16:16,11.49446854,2/18/20 8:15
2/18/20 16:46,11.67015966,2/18/20 8:45
2/18/20 17:31,11.95799937,2/18/20 9:30
2/18/20 17:46,12.11617261,2/18/20 9:45
2/18/20 18:01,12.09976622,2/18/20 10:00
2/18/20 18:16,12.16882083,2/18/20 10:15
2/18/20 18:31,12.21194677,2/18/20 10:30
2/18/20 18:46,12.28003386,2/18/20 10:45
2/18/20 19:01,12.32051125,2/18/20 11:00
2/18/20 19:16,12.41343822,2/18/20 11:15
2/18/20 20:01,12.5440245,2/18/20 12:00
2/18/20 20:31,12.60837273,2/18/20 12:30
2/18/20 20:46,12.67694855,2/18/20 12:45
2/18/20 21:16,12.83699463,2/18/20 13:15
2/18/20 22:01,12.98730788,2/18/20 14:00
2/18/20 22:46,13.05723525,2/18/20 14:45
2/18/20 23:31,13.11517337,2/18/20 15:30
2/18/20 23:46,13.1313538,2/18/20 15:45
2/19/20 0:01,13.15434093,2/18/20 16:00
2/19/20 0:31,13.27426826,2/18/20 16:30
2/19/20 0:46,13.31335126,2/18/20 16:45
2/19/20 1:16,13.39484903,2/18/20 17:15
2/19/20 1:31,13.37278562,2/18/20 17:30
2/19/20 1:46,13.32439269,2/18/20 17:45
2/19/20 3:31,12.92756106,2/18/20 19:30
2/19/20 3:46,12.71720693,2/18/20 19:45
2/19/20 4:16,12.40225882,2/18/20 20:15
2/19/20 4:31,11.9225145,2/18/20 20:30
2/19/20 5:01,11.77085975,2/18/20 21:00
2/19/20 5:46,11.61454117,2/18/20 21:45
2/19/20 6:01,11.5014347,2/18/20 22:00
2/19/20 6:31,11.42302676,2/18/20 22:30
2/19/20 6:46,11.45352881,2/18/20 22:45
2/19/20 7:01,11.42738498,2/18/20 23:00
2/19/20 7:16,11.41430952,2/18/20 23:15
2/19/20 8:01,11.44045808,2/19/20 0:00
2/19/20 8:16,12.03842541,2/19/20 0:15
2/19/20 8:31,12.35063942,2/19/20 0:30
2/19/20 8:46,12.53114806,2/19/20 0:45
2/19/20 9:16,12.74546024,2/19/20 1:15
2/19/20 9:31,12.76343395,2/19/20 1:30
2/19/20 9:46,12.69065602,2/19/20 1:45
2/19/20 10:01,12.72063216,2/19/20 2:00
2/19/20 11:01,12.85494592,2/19/20 3:00
2/19/20 11:16,12.81305274,2/19/20 3:15
2/19/20 11:31,12.79851278,2/19/20 3:30
2/19/20 11:46,12.81305274,2/19/20 3:45
2/19/20 12:01,12.82331451,2/19/20 4:00
2/19/20 12:16,12.81732865,2/19/20 4:15
2/19/20 12:31,12.80621076,2/19/20 4:30
2/19/20 12:46,12.80450017,2/19/20 4:45
2/19/20 13:16,12.78568101,2/19/20 5:15
2/19/20 13:31,12.7959466,2/19/20 5:30
2/19/20 13:46,12.80107886,2/19/20 5:45
2/19/20 14:01,12.80621076,2/19/20 6:00
2/19/20 14:31,12.78225882,2/19/20 6:30
2/19/20 14:46,12.7959466,2/19/20 6:45
2/19/20 15:01,12.80107886,2/19/20 7:00
2/19/20 15:31,12.27486491,2/19/20 7:30
2/19/20 15:46,12.16795805,2/19/20 7:45
2/19/20 16:01,11.94674994,2/19/20 8:00
2/19/20 16:16,11.88181541,2/19/20 8:15
2/19/20 16:31,11.89307488,2/19/20 8:30
2/19/20 16:46,11.83502664,2/19/20 8:45
2/19/20 17:01,11.87142051,2/19/20 9:00
2/19/20 17:16,11.93549877,2/19/20 9:15
2/19/20 17:31,11.89740498,2/19/20 9:30
2/19/20 18:01,12.1714091,2/19/20 10:00
2/19/20 18:16,12.22229321,2/19/20 10:15
2/19/20 18:46,12.38677683,2/19/20 10:45
2/19/20 19:01,12.4435281,2/19/20 11:00
2/19/20 19:16,12.45470119,2/19/20 11:15
2/19/20 19:31,12.43579189,2/19/20 11:30
2/19/20 19:46,12.82160431,2/19/20 11:45
2/19/20 20:01,12.40483883,2/19/20 12:00
2/19/20 20:16,12.41257833,2/19/20 12:15
2/19/20 21:01,12.52513828,2/19/20 13:00
2/19/20 21:16,12.60665751,2/19/20 13:15
2/19/20 21:46,12.75230789,2/19/20 13:45
2/19/20 22:01,12.85580063,2/19/20 14:00
2/19/20 22:16,12.86605642,2/19/20 14:15
2/19/20 22:31,12.87801969,2/19/20 14:30
2/19/20 22:46,12.97109569,2/19/20 14:45
2/19/20 23:01,13.06831518,2/19/20 15:00
2/19/20 23:16,13.08535798,2/19/20 15:15
2/19/20 23:31,13.08024556,2/19/20 15:30
2/19/20 23:46,13.08365388,2/19/20 15:45
2/20/20 0:01,13.16455513,2/19/20 16:00
2/20/20 0:16,13.3167488,2/19/20 16:15
2/20/20 0:31,13.40927154,2/19/20 16:30
2/20/20 0:46,13.4067266,2/19/20 16:45
2/20/20 1:01,13.48049432,2/19/20 17:00
2/20/20 1:16,13.52370318,2/19/20 17:15
2/20/20 1:31,13.52370318,2/19/20 17:30
2/20/20 1:46,13.51523285,2/19/20 17:45
2/20/20 2:01,13.47625679,2/19/20 18:00
2/20/20 2:16,13.47795183,2/19/20 18:15
2/20/20 2:31,13.45676104,2/19/20 18:30
2/20/20 2:46,13.33967811,2/19/20 18:45
2/20/20 3:01,13.163704,2/19/20 19:00
2/20/20 3:16,13.09302595,2/19/20 19:15
2/20/20 3:31,13.05638287,2/19/20 19:30
2/20/20 3:46,13.02483815,2/19/20 19:45
2/20/20 4:01,12.89339818,2/19/20 20:00
2/20/20 4:16,12.1144458,2/19/20 20:15
2/20/20 4:31,11.93030534,2/19/20 20:30
2/20/20 4:46,11.94328823,2/19/20 20:45
2/20/20 5:01,11.86882155,2/19/20 21:00
2/20/20 5:16,11.77606458,2/19/20 21:15
2/20/20 5:31,11.65799676,2/19/20 21:30
2/20/20 5:46,11.59802122,2/19/20 21:45
2/20/20 6:01,11.58149751,2/19/20 22:00
2/20/20 6:16,11.57888816,2/19/20 22:15
2/20/20 6:31,11.46224133,2/19/20 22:30
2/20/20 6:46,11.43174294,2/19/20 22:45
2/20/20 7:01,11.43435759,2/19/20 23:00
2/20/20 7:16,11.43435759,2/19/20 23:15
2/20/20 7:31,11.38466309,2/19/20 23:30
2/20/20 7:46,11.38379095,2/19/20 23:45
2/20/20 8:01,11.47966322,2/20/20 0:00
2/20/20 8:16,11.7621842,2/20/20 0:15
2/20/20 8:31,11.99865589,2/20/20 0:30
2/20/20 8:46,12.11530921,2/20/20 0:45
2/20/20 9:01,12.29812227,2/20/20 1:00
2/20/20 9:16,12.4967998,2/20/20 1:15
2/20/20 9:31,12.62209303,2/20/20 1:30
2/20/20 9:46,12.74974009,2/20/20 1:45
2/20/20 10:01,12.80193421,2/20/20 2:00
2/20/20 10:16,12.77541397,2/20/20 2:15
2/20/20 10:31,12.82929987,2/20/20 2:30
2/20/20 10:46,12.83357484,2/20/20 2:45
2/20/20 11:01,12.78054767,2/20/20 3:00
2/20/20 11:16,12.77798087,2/20/20 3:15
2/20/20 11:31,12.7531638,2/20/20 3:30
2/20/20 11:46,12.8181838,2/20/20 3:45
2/20/20 12:01,12.76600126,2/20/20 4:00
2/20/20 12:16,12.76086655,2/20/20 4:15
2/20/20 12:31,12.86007405,2/20/20 4:30
2/20/20 12:46,12.86862014,2/20/20 4:45
2/20/20 13:01,12.83100989,2/20/20 5:00
2/20/20 13:16,12.89852362,2/20/20 5:15
2/20/20 13:31,12.93866057,2/20/20 5:30
2/20/20 13:46,12.91475184,2/20/20 5:45
2/20/20 14:01,12.8891267,2/20/20 6:00
2/20/20 14:16,12.85751003,2/20/20 6:15
2/20/20 14:31,12.85921938,2/20/20 6:30
2/20/20 14:46,12.84126914,2/20/20 6:45
2/20/20 15:01,12.84981742,2/20/20 7:00
2/20/20 15:16,12.84896264,2/20/20 7:15
2/20/20 15:31,12.81647349,2/20/20 7:30
2/20/20 15:46,12.80278954,2/20/20 7:45
2/20/20 16:01,12.71549426,2/20/20 8:00
2/20/20 16:16,12.79509119,2/20/20 8:15
2/20/20 16:31,12.75915489,2/20/20 8:30
2/20/20 16:46,12.71891956,2/20/20 8:45
2/20/20 17:01,12.61180305,2/20/20 9:00
2/20/20 17:16,12.519128,2/20/20 9:15
2/20/20 17:31,12.57148666,2/20/20 9:30
2/20/20 17:46,12.44180902,2/20/20 9:45
2/20/20 18:01,12.43321297,2/20/20 10:00
2/20/20 18:16,12.27744943,2/20/20 10:15
2/20/20 18:31,12.18521169,2/20/20 10:30
2/20/20 18:46,12.18866193,2/20/20 10:45
2/20/20 19:01,12.16019258,2/20/20 11:00
2/20/20 19:16,12.0971754,2/20/20 11:15
2/20/20 19:31,12.07817323,2/20/20 11:30
2/20/20 19:46,12.20763533,2/20/20 11:45
2/20/20 20:01,12.34805749,2/20/20 12:00
2/20/20 20:16,12.29984475,2/20/20 12:15
2/20/20 20:31,12.07039819,2/20/20 12:30
2/20/20 20:46,11.9701122,2/20/20 12:45
2/20/20 21:01,11.86275695,2/20/20 13:00
2/20/20 21:16,11.76391939,2/20/20 13:15
2/20/20 21:31,11.57975796,2/20/20 13:30
2/20/20 21:46,11.46572604,2/20/20 13:45
2/20/20 22:01,11.43784364,2/20/20 14:00
2/20/20 22:16,11.4204117,2/20/20 14:15
2/20/20 22:31,12.00557389,2/20/20 14:30
2/20/20 22:46,12.70264794,2/20/20 14:45
2/20/20 23:01,12.97109569,2/20/20 15:00
2/20/20 23:16,12.95402636,2/20/20 15:15
2/20/20 23:31,13.03421773,2/20/20 15:30
2/20/20 23:46,13.09813748,2/20/20 15:45
2/21/20 0:01,13.15604339,2/20/20 16:00
2/21/20 0:16,13.30995356,2/20/20 16:15
2/21/20 0:31,13.59566178,2/20/20 16:30
2/21/20 0:46,13.62865461,2/20/20 16:45
2/21/20 1:01,13.62357975,2/20/20 17:00
2/21/20 1:16,13.67769364,2/20/20 17:15
2/21/20 1:31,13.61512087,2/20/20 17:30
2/21/20 1:46,13.53556001,2/20/20 17:45
2/21/20 2:01,13.51353867,2/20/20 18:00
2/21/20 2:16,13.49320543,2/20/20 18:15
2/21/20 2:31,13.57535116,2/20/20 18:30
2/21/20 2:46,13.4999838,2/20/20 18:45
2/21/20 3:01,13.5338663,2/20/20 19:00
2/21/20 3:16,13.48642644,2/20/20 19:15
2/21/20 3:31,13.46608574,2/20/20 19:30
2/21/20 3:46,13.43641214,2/20/20 19:45
2/21/20 4:01,13.41605763,2/20/20 20:00
2/21/20 4:16,13.39230359,2/20/20 20:15
2/21/20 4:31,13.3303374,2/20/20 20:30
2/21/20 4:46,13.18497926,2/20/20 20:45
2/21/20 5:01,13.11176651,2/20/20 21:00
2/21/20 5:16,13.03507036,2/20/20 21:15
2/21/20 5:31,13.00266349,2/20/20 21:30
2/21/20 5:46,12.6580966,2/20/20 21:45
2/21/20 6:01,12.29639976,2/20/20 22:00
2/21/20 6:16,11.59454286,2/20/20 22:15
2/21/20 6:31,11.54756863,2/20/20 22:30
2/21/20 6:46,11.4857599,2/20/20 22:45
2/21/20 7:01,11.49185606,2/20/20 23:00
2/21/20 7:16,11.51101208,2/20/20 23:15
2/21/20 7:31,11.4883726,2/20/20 23:30
2/21/20 7:46,11.48488897,2/20/20 23:45
2/21/20 8:01,11.3829188,2/21/20 0:00
2/21/20 8:16,11.34191598,2/21/20 0:15
2/21/20 8:31,11.33231623,2/21/20 0:30
2/21/20 8:46,11.27207051,2/21/20 0:45
2/21/20 9:01,11.25110372,2/21/20 1:00
2/21/20 9:16,12.21884456,2/21/20 1:15
2/21/20 9:31,12.25590899,2/21/20 1:30
2/21/20 9:46,12.42891457,2/21/20 1:45
2/21/20 10:01,12.43493226,2/21/20 2:00
2/21/20 10:16,12.3979586,2/21/20 2:15
2/21/20 10:31,12.39623844,2/21/20 2:30
2/21/20 10:46,12.4761831,2/21/20 2:45
2/21/20 11:01,12.55174927,2/21/20 3:00
2/21/20 11:16,12.68465932,2/21/20 3:15
2/21/20 11:31,12.77199131,2/21/20 3:30
2/21/20 11:46,12.74374823,2/21/20 3:45
2/21/20 12:01,12.74717221,2/21/20 4:00
2/21/20 12:16,12.79509119,2/21/20 4:15
2/21/20 12:31,12.83100989,2/21/20 4:30
2/21/20 12:46,12.75487559,2/21/20 4:45
2/21/20 13:01,12.80107886,2/21/20 5:00
2/21/20 13:16,12.8344298,2/21/20 5:15
2/21/20 13:31,12.86947469,2/21/20 5:30
2/21/20 13:46,12.8609287,2/21/20 5:45
2/21/20 14:01,12.84383373,2/21/20 6:00
2/21/20 14:16,12.82331451,2/21/20 6:15
2/21/20 14:31,12.89681518,2/21/20 6:30
2/21/20 14:46,12.80963183,2/21/20 6:45
2/21/20 15:01,12.71977586,2/21/20 7:00
2/21/20 15:16,12.67437812,2/21/20 7:15
2/21/20 15:31,12.76600126,2/21/20 7:30
2/21/20 15:46,12.7120688,2/21/20 7:45
2/21/20 16:01,12.73347532,2/21/20 8:00
2/21/20 16:16,12.75573147,2/21/20 8:15
2/21/20 16:31,12.80877658,2/21/20 8:30
2/21/20 16:46,12.84126914,2/21/20 8:45
2/21/20 17:01,12.8720383,2/21/20 9:00
2/21/20 17:16,12.86605642,2/21/20 9:15
2/21/20 17:31,12.89937783,2/21/20 9:30
2/21/20 17:46,12.96170805,2/21/20 9:45
2/21/20 18:01,13.00948718,2/21/20 10:00
2/21/20 18:16,13.01631023,2/21/20 10:15
2/21/20 18:31,13.04359611,2/21/20 10:30
2/21/20 18:46,12.97962887,2/21/20 10:45
2/21/20 19:01,12.87887414,2/21/20 11:00
2/21/20 19:16,12.82587972,2/21/20 11:15
2/21/20 19:31,12.68637271,2/21/20 11:30
2/21/20 19:46,12.62123559,2/21/20 11:45
2/21/20 20:01,12.49422303,2/21/20 12:00
2/21/20 20:16,11.94674994,2/21/20 12:15
2/21/20 20:31,11.71184559,2/21/20 12:30
2/21/20 20:46,12.0522532,2/21/20 12:45
2/21/20 21:01,12.23953401,2/21/20 13:00
2/21/20 21:16,12.00211497,2/21/20 13:15
2/21/20 21:31,12.01508507,2/21/20 13:30
2/21/20 21:46,12.25504724,2/21/20 13:45
2/21/20 22:01,12.04620387,2/21/20 14:00
2/21/20 22:16,12.03410369,2/21/20 14:15
2/21/20 22:31,12.33256401,2/21/20 14:30
2/21/20 22:46,12.56462209,2/21/20 14:45
2/21/20 23:01,12.76685701,2/21/20 15:00
2/21/20 23:16,13.00010444,2/21/20 15:15
2/21/20 23:31,13.03848078,2/21/20 15:30
2/21/20 23:46,12.94805116,2/21/20 15:45
2/22/20 0:01,12.91389782,2/21/20 16:00
2/22/20 0:16,12.97962887,2/21/20 16:15
2/22/20 0:31,13.02227988,2/21/20 16:30
2/22/20 0:46,13.10069312,2/21/20 16:45
2/22/20 1:01,13.08194974,2/21/20 17:00
2/22/20 1:16,13.01972152,2/21/20 17:15
2/22/20 1:31,12.99583917,2/21/20 17:30
2/22/20 1:46,13.10750771,2/21/20 17:45
2/22/20 2:01,12.76343395,2/21/20 18:00
2/22/20 2:16,13.04700613,2/21/20 18:15
2/22/20 2:31,13.17391689,2/21/20 18:30
2/22/20 2:46,13.20284573,2/21/20 18:45
2/22/20 3:01,13.29975953,2/21/20 19:00
2/22/20 3:16,13.26321931,2/21/20 19:15
2/22/20 3:31,13.19603997,2/21/20 19:30
2/22/20 3:46,13.14412532,2/21/20 19:45
2/22/20 4:01,13.15093588,2/21/20 20:00
2/22/20 4:16,13.15859702,2/21/20 20:15
2/22/20 4:31,13.1500846,2/21/20 20:30
2/22/20 4:46,13.04444863,2/21/20 20:45
2/22/20 5:01,13.04785861,2/21/20 21:00
2/22/20 5:16,13.03421773,2/21/20 21:15
2/22/20 5:31,13.02313265,2/21/20 21:30
2/22/20 5:46,12.99157365,2/21/20 21:45
2/22/20 6:01,12.97450908,2/21/20 22:00
2/22/20 6:16,12.99669224,2/21/20 22:15
2/22/20 6:31,12.49765871,2/21/20 22:30
2/22/20 6:46,12.30328957,2/21/20 22:45
2/22/20 7:01,12.0479323,2/21/20 23:00
2/22/20 7:16,11.80815281,2/21/20 23:15
2/22/20 7:31,11.8280924,2/21/20 23:30
2/22/20 7:46,11.70837268,2/21/20 23:45
2/22/20 8:01,11.69100562,2/22/20 0:00
2/22/20 8:16,11.78907503,2/22/20 0:15
2/22/20 8:31,11.7526399,2/22/20 0:30
2/22/20 8:46,11.85669185,2/22/20 0:45
2/22/20 9:01,11.80901986,2/22/20 1:00
2/22/20 9:16,11.81508894,2/22/20 1:15
2/22/20 9:31,11.84369349,2/22/20 1:30
2/22/20 9:46,12.00730329,2/22/20 1:45
2/22/20 10:01,12.10149338,2/22/20 2:00
2/22/20 10:16,12.26452593,2/22/20 2:15
2/22/20 10:31,12.37989489,2/22/20 2:30
2/22/20 10:46,12.42289638,2/22/20 2:45
2/22/20 11:01,12.45212294,2/22/20 3:00
2/22/20 11:16,12.33514649,2/22/20 3:15
2/22/20 11:31,12.30328957,2/22/20 3:30
2/22/20 11:46,12.27572643,2/22/20 3:45
2/22/20 12:01,12.37817431,2/22/20 4:00
2/22/20 12:16,12.35752412,2/22/20 4:15
2/22/20 12:31,12.46329472,2/22/20 4:30
2/22/20 12:46,12.54230777,2/22/20 4:45
2/22/20 13:01,12.62209303,2/22/20 5:00
2/22/20 13:16,12.71378155,2/22/20 5:15
2/22/20 13:31,12.77541397,2/22/20 5:30
2/22/20 13:46,12.80193421,2/22/20 5:45
2/22/20 14:01,12.81476313,2/22/20 6:00
2/22/20 14:16,12.81561832,2/22/20 6:15
2/22/20 14:31,12.82587972,2/22/20 6:30
2/22/20 14:46,12.83699463,2/22/20 6:45
2/22/20 15:01,12.83870446,2/22/20 7:00
2/22/20 15:16,12.83784955,2/22/20 7:15
2/22/20 15:31,12.86178335,2/22/20 7:30
2/22/20 15:46,12.88827237,2/22/20 7:45
2/22/20 16:01,12.88485497,2/22/20 8:00
2/22/20 16:16,12.90023203,2/22/20 8:15
2/22/20 16:31,12.92585329,2/22/20 8:30
2/22/20 16:46,12.94378286,2/22/20 8:45
2/22/20 17:01,12.95146562,2/22/20 9:00
2/22/20 17:16,12.94292917,2/22/20 9:15
2/22/20 17:31,12.94805116,2/22/20 9:30
2/22/20 17:46,12.95487992,2/22/20 9:45
2/22/20 18:01,12.97877559,2/22/20 10:00
2/22/20 18:16,12.99583917,2/22/20 10:15
2/22/20 18:31,12.98730788,2/22/20 10:30
2/22/20 18:46,13.00522245,2/22/20 10:45
2/22/20 19:01,13.02483815,2/22/20 11:00
2/22/20 19:16,13.05553049,2/22/20 11:15
2/22/20 19:31,13.08535798,2/22/20 11:30
2/22/20 19:46,13.09558176,2/22/20 11:45
2/22/20 20:01,12.89083532,2/22/20 12:00
2/22/20 20:16,12.74802818,2/22/20 12:15
2/22/20 20:31,12.60065393,2/22/20 12:30
2/22/20 20:46,12.38849721,2/22/20 12:45
2/22/20 21:01,12.58349812,2/22/20 13:00
2/22/20 21:16,12.32223319,2/22/20 13:15
2/22/20 21:31,12.33256401,2/22/20 13:30
2/22/20 21:46,12.33428567,2/22/20 13:45
2/22/20 22:01,12.37473301,2/22/20 14:00
2/22/20 22:16,12.18521169,2/22/20 14:15
2/22/20 22:31,12.22832795,2/22/20 14:30
2/22/20 22:46,12.33084231,2/22/20 14:45
2/22/20 23:01,12.41515798,2/22/20 15:00
2/22/20 23:16,12.38333594,2/22/20 15:15
2/22/20 23:31,12.26797242,2/22/20 15:30
2/22/20 23:46,12.24901471,2/22/20 15:45
2/23/20 0:01,12.43235331,2/22/20 16:00
2/23/20 0:16,12.74374823,2/22/20 16:15
2/23/20 0:31,12.7574432,2/22/20 16:30
2/23/20 0:46,12.78054767,2/22/20 16:45
2/23/20 1:01,12.91133567,2/22/20 17:00
2/23/20 1:16,12.83784955,2/22/20 17:15
2/23/20 1:31,12.95146562,2/22/20 17:30
2/23/20 1:46,12.96768214,2/22/20 17:45
2/23/20 2:01,12.97877559,2/22/20 18:00
2/23/20 2:16,12.96938894,2/22/20 18:15
2/23/20 2:31,12.94036804,2/22/20 18:30
2/23/20 2:46,12.95744055,2/22/20 18:45
2/23/20 3:01,12.96256152,2/22/20 19:00
2/23/20 3:16,12.95402636,2/22/20 19:15
2/23/20 3:31,12.95231921,2/22/20 19:30
2/23/20 3:46,12.94805116,2/22/20 19:45
2/23/20 4:01,12.94122176,2/22/20 20:00
2/23/20 4:16,12.94634387,2/22/20 20:15
2/23/20 4:31,12.94549021,2/22/20 20:30
2/23/20 4:46,12.93353793,2/22/20 20:45
2/23/20 5:01,12.91133567,2/22/20 21:00
2/23/20 5:16,12.90108621,2/22/20 21:15
2/23/20 5:31,12.91048161,2/22/20 21:30
2/23/20 5:46,12.90791935,2/22/20 21:45
2/23/20 6:01,12.905357,2/22/20 22:00
2/23/20 6:16,12.90706524,2/22/20 22:15
2/23/20 6:31,12.90279456,2/22/20 22:30
2/23/20 6:46,12.91475184,2/22/20 22:45
2/23/20 7:01,12.54917444,2/22/20 23:00
2/23/20 7:16,12.38763703,2/22/20 23:15
2/23/20 7:31,12.31878926,2/22/20 23:30
2/23/20 7:46,12.40741876,2/22/20 23:45
2/23/20 8:01,12.79851278,2/23/20 0:00
2/23/20 8:16,12.78653653,2/23/20 0:15
2/23/20 8:31,12.62552271,2/23/20 0:30
2/23/20 8:46,12.52256251,2/23/20 0:45
2/23/20 9:01,12.47704225,2/23/20 1:00
2/23/20 9:16,12.38763703,2/23/20 1:15
2/23/20 9:31,12.41171842,2/23/20 1:30
2/23/20 9:46,12.39623844,2/23/20 1:45
2/23/20 10:01,12.37645368,2/23/20 2:00
2/23/20 10:16,12.36440816,2/23/20 2:15
2/23/20 10:31,12.29984475,2/23/20 2:30
2/23/20 10:46,12.42891457,2/23/20 2:45
2/23/20 11:01,12.42203659,2/23/20 3:00
2/23/20 11:16,12.4263354,2/23/20 3:15
2/23/20 11:31,12.68208915,2/23/20 3:30
2/23/20 11:46,12.67694855,2/23/20 3:45
2/23/20 12:01,12.80364486,2/23/20 4:00
2/23/20 12:16,12.89766941,2/23/20 4:15
2/23/20 12:31,12.80278954,2/23/20 4:30
2/23/20 12:46,12.83100989,2/23/20 4:45
2/23/20 13:01,12.86520182,2/23/20 5:00
2/23/20 13:16,12.85751003,2/23/20 5:15
2/23/20 13:31,12.84981742,2/23/20 5:30
2/23/20 13:46,12.86776558,2/23/20 5:45
2/23/20 14:01,12.83528475,2/23/20 6:00
2/23/20 14:16,12.87972857,2/23/20 6:15
2/23/20 14:31,12.81647349,2/23/20 6:30
2/23/20 14:46,12.82758982,2/23/20 6:45
2/23/20 15:01,12.8207492,2/23/20 7:00
2/23/20 15:16,12.84554341,2/23/20 7:15
2/23/20 15:31,12.83100989,2/23/20 7:30
2/23/20 15:46,12.81305274,2/23/20 7:45
2/23/20 16:01,12.81048707,2/23/20 8:00
2/23/20 16:16,12.8506722,2/23/20 8:15
2/23/20 16:31,12.8840006,2/23/20 8:30
2/23/20 16:46,12.95487992,2/23/20 8:45
2/23/20 17:01,12.9847483,2/23/20 9:00
2/23/20 17:16,13.02227988,2/23/20 9:15
2/23/20 17:31,13.04785861,2/23/20 9:30
2/23/20 17:46,13.06746294,2/23/20 9:45
2/23/20 18:01,13.11772841,2/23/20 10:00
2/23/20 18:16,13.14157119,2/23/20 10:15
2/23/20 18:31,13.15348968,2/23/20 10:30
2/23/20 18:46,13.16966169,2/23/20 10:45
2/23/20 19:01,13.15689461,2/23/20 11:00
2/23/20 19:16,13.08365388,2/23/20 11:15
2/23/20 19:31,13.11687674,2/23/20 11:30
2/23/20 19:46,13.11772841,2/23/20 11:45
2/23/20 20:01,13.16710845,2/23/20 12:00
2/23/20 20:16,13.22410968,2/23/20 12:15
2/23/20 20:31,13.28446583,2/23/20 12:30
2/23/20 20:46,13.37108816,2/23/20 12:45
2/23/20 21:01,13.3685419,2/23/20 13:00
2/23/20 21:16,13.48642644,2/23/20 13:15
2/23/20 21:31,13.53217254,2/23/20 13:30
2/23/20 21:46,13.44913086,2/23/20 13:45
2/23/20 22:01,13.37957507,2/23/20 14:00
2/23/20 22:16,13.40418157,2/23/20 14:15
2/23/20 22:31,13.35580927,2/23/20 14:30
2/23/20 22:46,13.38806099,2/23/20 14:45
2/23/20 23:01,13.36599555,2/23/20 15:00
2/23/20 23:16,13.36260028,2/23/20 15:15
2/23/20 23:31,13.39145509,2/23/20 15:30
2/23/20 23:46,13.36344911,2/23/20 15:45
2/24/20 0:01,13.46354275,2/23/20 16:00
2/24/20 0:16,13.63203766,2/23/20 16:15
2/24/20 0:31,13.67600318,2/23/20 16:30
2/24/20 0:46,13.63542055,2/23/20 16:45
2/24/20 1:01,13.60412288,2/23/20 17:00
2/24/20 1:16,13.65909646,2/23/20 17:15
2/24/20 1:31,13.75794593,2/23/20 17:30
2/24/20 1:46,13.66163272,2/23/20 17:45
2/24/20 2:01,13.64387711,2/23/20 18:00
2/24/20 2:16,13.60327682,2/23/20 18:15
2/24/20 2:31,13.56773324,2/23/20 18:30
2/24/20 2:46,13.47795183,2/23/20 18:45
2/24/20 3:01,13.37363433,2/23/20 19:00
2/24/20 3:16,13.30485672,2/23/20 19:15
2/24/20 3:31,13.27596795,2/23/20 19:30
2/24/20 3:46,13.21645537,2/23/20 19:45
2/24/20 4:01,13.16115055,2/23/20 20:00
2/24/20 4:16,13.14412532,2/23/20 20:15
2/24/20 4:31,13.11432167,2/23/20 20:30
2/24/20 4:46,13.04615364,2/23/20 20:45
2/24/20 5:01,13.00095747,2/23/20 21:00
2/24/20 5:16,12.99327989,2/23/20 21:15
2/24/20 5:31,12.97194905,2/23/20 21:30
2/24/20 5:46,12.97365575,2/23/20 21:45
2/24/20 6:01,12.8951067,2/23/20 22:00
2/24/20 6:16,12.7976574,2/23/20 22:15
2/24/20 6:31,12.71378155,2/23/20 22:30
2/24/20 6:46,12.39279799,2/23/20 22:45
2/24/20 7:01,12.24470545,2/23/20 23:00
2/24/20 7:16,11.57453904,2/23/20 23:15
2/24/20 7:31,11.71705465,2/23/20 23:30
2/24/20 7:46,11.86968788,2/23/20 23:45
2/24/20 8:01,12.0064386,2/24/20 0:00
2/24/20 8:16,12.09112979,2/24/20 0:15
2/24/20 8:31,12.18003603,2/24/20 0:30
2/24/20 8:46,12.03928973,2/24/20 0:45
2/24/20 9:01,12.33084231,2/24/20 1:00
2/24/20 9:16,12.32223319,2/24/20 1:15
2/24/20 9:31,12.37129156,2/24/20 1:30
2/24/20 9:46,12.4761831,2/24/20 1:45
2/24/20 10:01,12.45384179,2/24/20 2:00
2/24/20 10:16,12.47016881,2/24/20 2:15
2/24/20 10:31,12.47274642,2/24/20 2:30
2/24/20 10:46,12.51225851,2/24/20 2:45
2/24/20 11:01,12.47102802,2/24/20 3:00
2/24/20 11:16,12.43923031,2/24/20 3:15
2/24/20 11:31,12.39279799,2/24/20 3:30
2/24/20 11:46,12.43235331,2/24/20 3:45
2/24/20 12:01,12.420317,2/24/20 4:00
2/24/20 12:16,12.41171842,2/24/20 4:15
2/24/20 12:31,12.30415075,2/24/20 4:30
2/24/20 12:46,12.23608617,2/24/20 4:45
2/24/20 13:01,12.16623246,2/24/20 5:00
2/24/20 13:16,12.14206993,2/24/20 5:15
2/24/20 13:31,12.12221614,2/24/20 5:30
2/24/20 13:46,12.12307946,2/24/20 5:45
2/24/20 14:01,12.18003603,2/24/20 6:00
2/24/20 14:16,12.12825917,2/24/20 6:15
2/24/20 14:31,12.03496806,2/24/20 6:30
2/24/20 14:46,11.95021149,2/24/20 6:45
2/24/20 15:01,12.10149338,2/24/20 7:00
2/24/20 15:16,12.21453352,2/24/20 7:15
2/24/20 15:31,12.35494243,2/24/20 7:30
2/24/20 15:46,12.40397884,2/24/20 7:45
2/24/20 16:01,12.64609738,2/24/20 8:00
2/24/20 16:16,12.68123241,2/24/20 8:15
2/24/20 16:31,12.7163506,2/24/20 8:30
2/24/20 16:46,12.77027992,2/24/20 8:45
2/24/20 17:01,12.81048707,2/24/20 9:00
2/24/20 17:16,12.83271986,2/24/20 9:15
2/24/20 17:31,12.84468857,2/24/20 9:30
2/24/20 17:46,12.83955937,2/24/20 9:45
2/24/20 18:01,12.84554341,2/24/20 10:00
2/24/20 18:16,12.86434722,2/24/20 10:15
2/24/20 18:31,12.87887414,2/24/20 10:30
2/24/20 18:46,12.87289281,2/24/20 10:45
2/24/20 19:01,12.92329157,2/24/20 11:00
2/24/20 19:16,12.91048161,2/24/20 11:15
2/24/20 19:31,12.89681518,2/24/20 11:30
2/24/20 19:46,12.9198758,2/24/20 11:45
2/24/20 20:01,12.67609175,2/24/20 12:00
2/24/20 20:16,12.85921938,2/24/20 12:15
2/24/20 20:31,12.7120688,2/24/20 12:30
2/24/20 20:46,12.50109422,2/24/20 12:45
2/24/20 21:01,12.57148666,2/24/20 13:00
2/24/20 21:16,12.44438763,2/24/20 13:15
2/24/20 21:31,12.377314,2/24/20 13:30
2/24/20 21:46,12.52342111,2/24/20 13:45
2/24/20 22:01,12.54574119,2/24/20 14:00
2/24/20 22:16,12.58178232,2/24/20 14:15
2/24/20 22:31,12.65038304,2/24/20 14:30
2/24/20 22:46,12.53114806,2/24/20 14:45
2/24/20 23:01,12.5783506,2/24/20 15:00
2/24/20 23:16,12.58778745,2/24/20 15:15
2/24/20 23:31,12.62380789,2/24/20 15:30
2/24/20 23:46,12.65295432,2/24/20 15:45
2/25/20 0:16,12.77712525,2/24/20 16:15
2/25/20 0:31,12.88229182,2/24/20 16:30
2/25/20 0:46,12.92072976,2/24/20 16:45
2/25/20 1:01,12.98218863,2/24/20 17:00
2/25/20 1:16,13.03421773,2/24/20 17:15
2/25/20 1:31,13.06575842,2/24/20 17:30
2/25/20 1:46,13.11091477,2/24/20 17:45
2/25/20 2:01,13.16881062,2/24/20 18:00
2/25/20 2:16,13.17902281,2/24/20 18:15
2/25/20 2:31,13.18327747,2/24/20 18:30
2/25/20 2:46,13.13731412,2/24/20 18:45
2/25/20 3:01,13.00778131,2/24/20 19:00
2/25/20 3:16,12.92756106,2/24/20 19:15
2/25/20 3:31,13.00266349,2/24/20 19:30
2/25/20 3:46,13.10324866,2/24/20 19:45
2/25/20 4:01,13.17902281,2/24/20 20:00
2/25/20 4:16,13.17817185,2/24/20 20:15
2/25/20 4:31,13.16455513,2/24/20 20:30
2/25/20 4:46,13.16710845,2/24/20 20:45
2/25/20 5:01,13.14582802,2/24/20 21:00
2/25/20 5:16,13.14667935,2/24/20 21:15
2/25/20 5:31,13.14157119,2/24/20 21:30
2/25/20 5:46,13.11006302,2/24/20 21:45
2/25/20 6:01,13.09898937,2/24/20 22:00
2/25/20 6:16,12.82587972,2/24/20 22:15
2/25/20 6:31,12.90364871,2/24/20 22:30
2/25/20 6:46,12.9856015,2/24/20 22:45
2/25/20 7:01,12.82673477,2/24/20 23:00
2/25/20 7:16,12.96085457,2/24/20 23:15
2/25/20 7:31,13.00095747,2/24/20 23:30
2/25/20 7:46,12.96682873,2/24/20 23:45
2/25/20 8:01,12.99754531,2/25/20 0:00
2/25/20 8:16,13.11517337,2/25/20 0:15
2/25/20 8:31,12.77370266,2/25/20 0:30
2/25/20 8:46,12.73005069,2/25/20 0:45
2/25/20 9:01,12.26366428,2/25/20 1:00
2/25/20 9:16,12.20591068,2/25/20 1:15
2/25/20 9:31,12.1826239,2/25/20 1:30
2/25/20 9:46,12.21539575,2/25/20 1:45
2/25/20 10:01,12.07730938,2/25/20 2:00
2/25/20 10:16,11.97616786,2/25/20 2:15
2/25/20 10:31,11.94501911,2/25/20 2:30
2/25/20 10:46,11.9753028,2/25/20 2:45
2/25/20 11:01,11.83502664,2/25/20 3:00
2/25/20 11:16,11.76131659,2/25/20 3:15
2/25/20 11:31,11.68318909,2/25/20 3:30
2/25/20 11:46,11.50665888,2/25/20 3:45
2/25/20 12:01,11.49446854,2/25/20 4:00
2/25/20 12:16,11.71705465,2/25/20 4:15
2/25/20 12:31,11.92164879,2/25/20 4:30
2/25/20 12:46,12.07990091,2/25/20 4:45
2/25/20 13:01,12.23522419,2/25/20 5:00
2/25/20 13:16,12.19211201,2/25/20 5:15
2/25/20 13:31,12.19814924,2/25/20 5:30
2/25/20 13:46,12.39279799,2/25/20 5:45
2/25/20 14:01,12.50281191,2/25/20 6:00
2/25/20 14:16,12.49937648,2/25/20 6:15
2/25/20 14:31,12.58349812,2/25/20 6:30
2/25/20 14:46,12.60923032,2/25/20 6:45
2/25/20 15:01,12.61694822,2/25/20 7:00
2/25/20 15:16,12.5654802,2/25/20 7:15
2/25/20 15:31,12.57148666,2/25/20 7:30
2/25/20 15:46,12.59464985,2/25/20 7:45
2/25/20 16:01,12.60322695,2/25/20 8:00
2/25/20 16:16,12.60322695,2/25/20 8:15
2/25/20 16:31,12.61008791,2/25/20 8:30
2/25/20 16:46,12.62380789,2/25/20 8:45
2/25/20 17:01,12.71378155,2/25/20 9:00
2/25/20 17:16,12.76343395,2/25/20 9:15
2/25/20 17:31,12.82160431,2/25/20 9:30
2/25/20 17:46,12.87118377,2/25/20 9:45
2/25/20 18:01,12.8840006,2/25/20 10:00
2/25/20 18:16,12.99413299,2/25/20 10:15
2/25/20 18:31,13.01289878,2/25/20 10:30
2/25/20 18:46,13.05297329,2/25/20 10:45
2/25/20 19:01,13.0938779,2/25/20 11:00
2/25/20 19:16,13.12028336,2/25/20 11:15
2/25/20 19:31,13.2538689,2/25/20 11:30
2/25/20 19:46,13.18157563,2/25/20 11:45
2/25/20 20:01,13.163704,2/25/20 12:00
2/25/20 20:16,13.20369641,2/25/20 12:15
2/25/20 20:31,13.21050146,2/25/20 12:30
2/25/20 20:46,13.22410968,2/25/20 12:45
2/25/20 21:01,13.33713076,2/25/20 13:00
2/25/20 21:16,13.29041375,2/25/20 13:15
2/25/20 21:31,13.25556906,2/25/20 13:30
2/25/20 21:46,13.25811923,2/25/20 13:45
2/25/20 22:01,13.27936722,2/25/20 14:00
2/25/20 22:16,13.27001886,2/25/20 14:15
2/25/20 22:31,13.01716307,2/25/20 14:30
2/25/20 22:46,12.78482548,2/25/20 14:45
2/25/20 23:01,12.62980957,2/25/20 15:00
2/25/20 23:16,12.60837273,2/25/20 15:15
2/25/20 23:31,12.44180902,2/25/20 15:30
2/26/20 0:01,12.23263818,2/25/20 16:00
2/26/20 0:16,12.30759537,2/25/20 16:15
2/26/20 0:31,12.52771396,2/25/20 16:30
2/26/20 0:46,12.47446478,2/25/20 16:45
2/26/20 1:01,12.65038304,2/25/20 17:00
2/26/20 1:16,12.8840006,2/25/20 17:15
2/26/20 1:31,12.94719752,2/25/20 17:30
2/26/20 1:46,12.97194905,2/25/20 17:45
2/26/20 2:01,12.97962887,2/25/20 18:00
2/26/20 2:16,12.99413299,2/25/20 18:15
2/26/20 2:31,12.96170805,2/25/20 18:30
2/26/20 2:46,13.01289878,2/25/20 18:45
2/26/20 3:01,13.10495231,2/25/20 19:00
2/26/20 3:16,13.2317632,2/25/20 19:15
2/26/20 3:31,13.2445173,2/25/20 19:30
2/26/20 3:46,13.29806038,2/25/20 19:45
2/26/20 4:01,13.29890996,2/25/20 20:00
2/26/20 4:16,13.24536749,2/25/20 20:15
2/26/20 4:31,13.20539773,2/25/20 20:30
2/26/20 4:46,13.1407198,2/25/20 20:45
2/26/20 5:01,13.14157119,2/25/20 21:00
2/26/20 5:16,13.2538689,2/25/20 21:15
2/26/20 5:31,13.35835597,2/25/20 21:30
2/26/20 5:46,13.40502992,2/25/20 21:45
2/26/20 6:01,13.34816863,2/25/20 22:00
2/26/20 6:16,13.35411142,2/25/20 22:15
2/26/20 6:31,13.34731962,2/25/20 22:30
2/26/20 6:46,13.26916895,2/25/20 22:45
2/26/20 7:01,13.1951892,2/25/20 23:00
2/26/20 7:16,13.10410049,2/25/20 23:15
2/26/20 7:31,13.04189104,2/25/20 23:30
2/26/20 7:46,12.99583917,2/25/20 23:45
2/26/20 8:01,12.98304186,2/26/20 0:00
2/26/20 8:16,12.95829407,2/26/20 0:15
2/26/20 8:31,12.88143741,2/26/20 0:30
2/26/20 8:46,12.82160431,2/26/20 0:45
2/26/20 9:01,12.7531638,2/26/20 1:00
2/26/20 9:16,12.68722939,2/26/20 1:15
2/26/20 9:31,12.65981062,2/26/20 1:30
2/26/20 9:46,12.51741069,2/26/20 1:45
2/26/20 10:01,12.40655879,2/26/20 2:00
2/26/20 10:16,11.82462504,2/26/20 2:15
2/26/20 10:31,11.78213641,2/26/20 2:30
2/26/20 10:46,11.65452127,2/26/20 2:45
2/26/20 11:01,11.5545297,2/26/20 3:00
2/26/20 11:16,11.52407011,2/26/20 3:15
2/26/20 11:31,11.4169248,2/26/20 3:30
2/26/20 11:46,11.3829188,2/26/20 3:45
2/26/20 12:01,11.33755262,2/26/20 4:00
2/26/20 12:16,11.34017067,2/26/20 4:15
2/26/20 12:31,11.34715168,2/26/20 4:30
2/26/20 12:46,11.42564172,2/26/20 4:45
2/26/20 13:01,11.53277415,2/26/20 5:00
2/26/20 13:16,12.0487965,2/26/20 5:15
2/26/20 13:31,12.17054635,2/26/20 5:30
2/26/20 13:46,12.28778658,2/26/20 5:45
2/26/20 14:01,12.36010571,2/26/20 6:00
2/26/20 14:16,12.40569882,2/26/20 6:15
2/26/20 14:31,12.48821022,2/26/20 6:30
2/26/20 14:46,12.54659951,2/26/20 6:45
2/26/20 15:01,12.59379209,2/26/20 7:00
2/26/20 15:16,12.64266867,2/26/20 7:15
2/26/20 15:31,12.60322695,2/26/20 7:30
2/26/20 15:46,12.44610666,2/26/20 7:45
2/26/20 16:01,12.41171842,2/26/20 8:00
2/26/20 16:16,12.22746588,2/26/20 8:15
2/26/20 16:31,12.21712017,2/26/20 8:30
2/26/20 16:46,12.25418548,2/26/20 8:45
2/26/20 17:01,12.29553849,2/26/20 9:00
2/26/20 17:16,12.30587308,2/26/20 9:15
2/26/20 17:31,12.38591662,2/26/20 9:30
2/26/20 17:46,12.47704225,2/26/20 9:45
2/26/20 18:01,12.58264023,2/26/20 10:00
2/26/20 18:16,12.67694855,2/26/20 10:15
2/26/20 18:31,12.64352586,2/26/20 10:30
2/26/20 19:16,13.18923358,2/26/20 11:15
2/26/20 19:31,13.16710845,2/26/20 11:30
2/26/20 19:46,13.23261354,2/26/20 11:45
2/26/20 20:01,13.12965077,2/26/20 12:00
2/26/20 20:16,13.12454142,2/26/20 12:15
2/26/20 20:31,13.09898937,2/26/20 12:30
2/26/20 20:46,13.07939345,2/26/20 12:45
2/26/20 21:01,13.06405387,2/26/20 13:00
2/26/20 21:16,13.07513278,2/26/20 13:15
2/26/20 21:31,13.09047005,2/26/20 13:30
2/26/20 21:46,13.1330568,2/26/20 13:45
2/26/20 22:01,13.19178605,2/26/20 14:00
2/26/20 22:16,13.16795954,2/26/20 14:15
2/26/20 22:31,13.15093588,2/26/20 14:30
2/26/20 22:46,13.00351649,2/26/20 14:45
2/26/20 23:01,12.58607175,2/26/20 15:00
2/26/20 23:16,12.36440816,2/26/20 15:15
2/26/20 23:31,12.33514649,2/26/20 15:30
2/26/20 23:46,12.24470545,2/26/20 15:45
2/27/20 0:01,11.62758058,2/26/20 16:00
2/27/20 0:16,11.46311252,2/26/20 16:15
2/27/20 0:31,11.41169415,2/26/20 16:30
2/27/20 0:46,11.35936683,2/26/20 16:45
2/27/20 1:01,11.32184231,2/26/20 17:00
2/27/20 1:16,11.33231623,2/26/20 17:15
2/27/20 1:31,11.35936683,2/26/20 17:30
2/27/20 2:01,11.23275279,2/26/20 18:00
2/27/20 2:16,11.84022688,2/26/20 18:15
2/27/20 2:31,12.37215194,2/26/20 18:30
2/27/20 2:46,12.50195307,2/26/20 18:45
2/27/20 3:01,12.61437568,2/26/20 19:00
2/27/20 3:16,12.62037814,2/26/20 19:15
2/27/20 3:31,12.75658734,2/26/20 19:30
2/27/20 3:46,12.78653653,2/26/20 19:45
2/27/20 4:01,12.9753624,2/26/20 20:00
2/27/20 4:16,12.98389508,2/26/20 20:15
2/27/20 4:31,13.00863425,2/26/20 20:30
2/27/20 4:46,13.06575842,2/26/20 20:45
2/27/20 5:01,13.02398541,2/26/20 21:00
2/27/20 5:16,13.04189104,2/26/20 21:15
2/27/20 5:31,12.99157365,2/26/20 21:30
2/27/20 5:46,12.91218973,2/26/20 21:45
2/27/20 6:01,12.91048161,2/26/20 22:00
2/27/20 6:16,12.8754563,2/26/20 22:15
2/27/20 6:31,12.8891267,2/26/20 22:30
2/27/20 6:46,12.92585329,2/26/20 22:45
2/27/20 7:01,12.92072976,2/26/20 23:00
2/27/20 7:16,12.95231921,2/26/20 23:15
2/27/20 7:31,13.01631023,2/26/20 23:30
2/27/20 7:46,13.02910175,2/26/20 23:45
2/27/20 8:01,13.03251244,2/27/20 0:00
2/27/20 8:16,13.01289878,2/27/20 0:15
2/27/20 8:31,12.91645987,2/27/20 0:30
2/27/20 8:46,12.94122176,2/27/20 0:45
2/27/20 9:01,12.87887414,2/27/20 1:00
2/27/20 9:16,12.80792132,2/27/20 1:15
2/27/20 9:31,12.63323889,2/27/20 1:30
2/27/20 9:46,12.56719638,2/27/20 1:45
2/27/20 10:01,12.40655879,2/27/20 2:00
2/27/20 10:16,12.18089866,2/27/20 2:15
2/27/20 10:31,11.79080958,2/27/20 2:30
2/27/20 10:46,11.58149751,2/27/20 2:45
2/27/20 11:01,11.4857599,2/27/20 3:00
2/27/20 11:16,11.38117447,2/27/20 3:15
2/27/20 11:31,11.368963,2/27/20 3:30
2/27/20 11:46,11.15755277,2/27/20 3:45
2/27/20 12:01,10.98938147,2/27/20 4:00
2/27/20 12:16,10.75486504,2/27/20 4:15
2/27/20 12:31,10.6756423,2/27/20 4:30
2/27/20 12:46,10.6500964,2/27/20 4:45
2/27/20 13:01,10.62806678,2/27/20 5:00
2/27/20 13:16,10.64921534,2/27/20 5:15
2/27/20 13:31,11.77779944,2/27/20 5:30
2/27/20 13:46,11.97097733,2/27/20 5:45
2/27/20 14:01,12.10753813,2/27/20 6:00
2/27/20 14:16,12.22487959,2/27/20 6:15
2/27/20 14:31,12.3239551,2/27/20 6:30
2/27/20 14:46,12.42203659,2/27/20 6:45
2/27/20 15:01,12.43837072,2/27/20 7:00
2/27/20 15:16,12.52771396,2/27/20 7:15
2/27/20 15:31,12.60494225,2/27/20 7:30
2/27/20 15:46,12.59636535,2/27/20 7:45
2/27/20 16:01,12.57148666,2/27/20 8:00
2/27/20 16:16,12.81048707,2/27/20 8:15
2/27/20 16:31,12.8181838,2/27/20 8:30
2/27/20 16:46,12.78054767,2/27/20 8:45
2/27/20 17:01,12.99754531,2/27/20 9:00
2/27/20 17:16,13.35326248,2/27/20 9:15
2/27/20 17:31,13.68530023,2/27/20 9:30
2/27/20 17:46,14.16798343,2/27/20 9:45
2/27/20 18:01,14.49221564,2/27/20 10:00
2/27/20 18:16,14.26615647,2/27/20 10:15
2/27/20 18:31,14.39685228,2/27/20 10:30
2/27/20 18:46,14.55321751,2/27/20 10:45
2/27/20 19:01,14.93480605,2/27/20 11:00
2/27/20 19:16,15.40782808,2/27/20 11:15
2/27/20 19:31,15.91070348,2/27/20 11:30
2/27/20 19:46,16.31321011,2/27/20 11:45
2/27/20 20:01,16.85629493,2/27/20 12:00
2/27/20 20:16,16.84009129,2/27/20 12:15
2/27/20 20:31,14.43618357,2/27/20 12:30
2/27/20 20:46,14.09069621,2/27/20 12:45
2/27/20 21:01,13.85244741,2/27/20 13:00
2/27/20 21:16,13.30315769,2/27/20 13:15
2/27/20 21:31,13.24366709,2/27/20 13:30
2/27/20 21:46,13.20794964,2/27/20 13:45
2/27/20 22:01,13.22155833,2/27/20 14:00
2/27/20 22:31,12.98986737,2/27/20 14:30
2/27/20 22:46,12.7163506,2/27/20 14:45
2/27/20 23:01,12.26711081,2/27/20 15:00
2/27/20 23:16,12.05052487,2/27/20 15:15
2/27/20 23:31,12.16882083,2/27/20 15:30
2/27/20 23:46,11.77606458,2/27/20 15:45
2/28/20 0:01,11.77432968,2/27/20 16:00
2/28/20 0:16,11.77085975,2/27/20 16:15
2/28/20 0:31,11.77606458,2/27/20 16:30
2/28/20 0:46,11.66320968,2/27/20 16:45
2/28/20 1:01,11.43697215,2/27/20 17:00
2/28/20 1:16,11.57714854,2/27/20 17:15
2/28/20 1:31,12.56204771,2/27/20 17:30
2/28/20 1:46,12.76086655,2/27/20 17:45
2/28/20 2:01,12.83186488,2/27/20 18:00
2/28/20 2:16,12.94890479,2/27/20 18:15
2/28/20 2:31,12.89168962,2/27/20 18:30
2/28/20 2:46,12.96938894,2/27/20 18:45
2/28/20 3:01,13.11346996,2/27/20 19:00
2/28/20 3:16,13.1407198,2/27/20 19:15
2/28/20 3:31,13.25471898,2/27/20 19:30
2/28/20 3:46,13.16966169,2/27/20 19:45
2/28/20 4:01,13.19433843,2/27/20 20:00
2/28/20 4:16,13.25046845,2/27/20 20:15
2/28/20 4:31,13.21730589,2/27/20 20:30
2/28/20 4:46,13.16115055,2/27/20 20:45
2/28/20 5:01,13.08194974,2/27/20 21:00
2/28/20 5:16,12.95402636,2/27/20 21:15
2/28/20 5:31,12.86862014,2/27/20 21:30
2/28/20 5:46,12.87631077,2/27/20 21:45
2/28/20 6:01,12.85665533,2/27/20 22:00
2/28/20 6:16,12.97792231,2/27/20 22:15
2/28/20 6:31,13.02227988,2/27/20 22:30
2/28/20 6:46,13.05126843,2/27/20 22:45
2/28/20 7:01,13.05212087,2/27/20 23:00
2/28/20 7:16,13.07598493,2/27/20 23:15
2/28/20 7:31,13.07768921,2/27/20 23:30
2/28/20 7:46,13.07939345,2/27/20 23:45
2/28/20 8:01,13.07598493,2/28/20 0:00
2/28/20 8:16,13.07683708,2/28/20 0:15
2/28/20 8:31,13.05297329,2/28/20 0:30
2/28/20 8:46,13.01716307,2/28/20 0:45
2/28/20 9:01,12.98816105,2/28/20 1:00
2/28/20 9:16,12.93780683,2/28/20 1:15
2/28/20 9:31,12.89168962,2/28/20 1:30
2/28/20 9:46,12.65723958,2/28/20 1:45
2/28/20 10:01,12.41945719,2/28/20 2:00
2/28/20 10:16,11.89740498,2/28/20 2:15
2/28/20 10:31,11.71358199,2/28/20 2:30
2/28/20 10:46,11.55713992,2/28/20 2:45
2/28/20 11:01,11.53103343,2/28/20 3:00
2/28/20 11:16,11.48488897,2/28/20 3:15
2/28/20 11:31,11.48140518,2/28/20 3:30
2/28/20 11:46,11.40297555,2/28/20 3:45
2/28/20 12:01,11.42912819,2/28/20 4:00
2/28/20 12:16,11.368963,2/28/20 4:15
2/28/20 12:31,11.40995051,2/28/20 4:30
2/28/20 12:46,11.53973664,2/28/20 4:45
2/28/20 13:01,11.71792279,2/28/20 5:00
2/28/20 13:16,12.03842541,2/28/20 5:15
2/28/20 13:31,12.27228031,2/28/20 5:30
2/28/20 13:46,12.28520243,2/28/20 5:45
2/28/20 14:01,12.42719513,2/28/20 6:00
2/28/20 14:16,12.5285725,2/28/20 6:15
2/28/20 14:31,12.55089101,2/28/20 6:30
2/28/20 14:46,12.48391505,2/28/20 6:45
2/28/20 15:01,12.50968229,2/28/20 7:00
2/28/20 15:16,12.51311724,2/28/20 7:15
2/28/20 15:31,12.58950311,2/28/20 7:30
2/28/20 15:46,12.66066761,2/28/20 7:45
2/28/20 16:01,12.75145197,2/28/20 8:00
2/28/20 16:16,12.81561832,2/28/20 8:15
2/28/20 16:31,12.91389782,2/28/20 8:30
2/28/20 16:46,13.06234927,2/28/20 8:45
2/28/20 17:01,12.95061202,2/28/20 9:00
2/28/20 17:16,13.00948718,2/28/20 9:15
2/28/20 17:31,13.01034009,2/28/20 9:30
2/28/20 17:46,13.09813748,2/28/20 9:45
2/28/20 18:01,13.13050229,2/28/20 10:00
2/28/20 18:16,13.16115055,2/28/20 10:15
2/28/20 18:31,13.2147543,2/28/20 10:30
2/28/20 18:46,13.25811923,2/28/20 10:45
2/28/20 19:01,13.338829,2/28/20 11:00
2/28/20 19:16,13.37533174,2/28/20 11:15
2/28/20 19:31,13.35835597,2/28/20 11:30
2/28/20 19:46,13.34222537,2/28/20 11:45
2/28/20 20:01,13.32948818,2/28/20 12:00
2/28/20 20:16,13.34307443,2/28/20 12:15
2/28/20 20:31,13.39909124,2/28/20 12:30
2/28/20 20:46,13.34477254,2/28/20 12:45
2/28/20 21:01,13.34562158,2/28/20 13:00
2/28/20 21:16,13.73176792,2/28/20 13:15
2/28/20 21:31,13.39824282,2/28/20 13:30
2/28/20 21:46,13.2530188,2/28/20 13:45
2/28/20 22:01,13.31165243,2/28/20 14:00
2/28/20 22:16,13.24961832,2/28/20 14:15
2/28/20 22:31,13.2734184,2/28/20 14:30
2/28/20 22:46,13.22751134,2/28/20 14:45
2/28/20 23:01,12.94292917,2/28/20 15:00
2/28/20 23:16,13.08365388,2/28/20 15:15
2/28/20 23:31,12.49937648,2/28/20 15:30
2/28/20 23:46,12.43063396,2/28/20 15:45
2/29/20 0:01,12.82416959,2/28/20 16:00
2/29/20 0:16,12.32309415,2/28/20 16:15
2/29/20 0:31,12.34031116,2/28/20 16:30
2/29/20 0:46,12.32653788,2/28/20 16:45
2/29/20 1:01,12.2920933,2/28/20 17:00
2/29/20 1:16,12.34117191,2/28/20 17:15
2/29/20 1:31,12.42805485,2/28/20 17:30
2/29/20 1:46,12.53028955,2/28/20 17:45
2/29/20 2:01,12.46415401,2/28/20 18:00
2/29/20 2:16,12.54745783,2/28/20 18:15
2/29/20 2:31,12.59550761,2/28/20 18:30
2/29/20 2:46,12.55775687,2/28/20 18:45
2/29/20 3:01,12.51054104,2/28/20 19:00
2/29/20 3:16,12.46329472,2/28/20 19:15
2/29/20 3:31,12.51998665,2/28/20 19:30
2/29/20 3:46,12.58778745,2/28/20 19:45
2/29/20 4:01,12.70521739,2/28/20 20:00
2/29/20 4:16,12.82758982,2/28/20 20:15
2/29/20 4:31,12.88741804,2/28/20 20:30
2/29/20 4:46,13.16029938,2/28/20 20:45
2/29/20 5:01,13.4152094,2/28/20 21:00
2/29/20 5:16,13.40502992,2/28/20 21:15
2/29/20 5:31,13.4152094,2/28/20 21:30
2/29/20 5:46,13.40418157,2/28/20 21:45
2/29/20 6:01,13.45676104,2/28/20 22:00
2/29/20 6:16,13.49235809,2/28/20 22:15
2/29/20 6:31,13.38890953,2/28/20 22:30
2/29/20 6:46,13.43726012,2/28/20 22:45
2/29/20 7:01,13.39909124,2/28/20 23:00
2/29/20 7:16,13.42793178,2/28/20 23:15
2/29/20 7:31,13.43980401,2/28/20 23:30
2/29/20 7:46,13.43641214,2/28/20 23:45
2/29/20 8:01,13.19689072,2/29/20 0:00
2/29/20 8:16,13.21645537,2/29/20 0:15
2/29/20 8:31,13.1756189,2/29/20 0:30
2/29/20 8:46,13.08365388,2/29/20 0:45
2/29/20 9:01,13.03165978,2/29/20 1:00
2/29/20 9:16,12.98986737,2/29/20 1:15
2/29/20 9:31,12.97365575,2/29/20 1:30
2/29/20 9:46,12.96170805,2/29/20 1:45
2/29/20 10:01,12.9318303,2/29/20 2:00
2/29/20 10:16,12.91389782,2/29/20 2:15
2/29/20 10:31,12.92329157,2/29/20 2:30
2/29/20 10:46,12.87118377,2/29/20 2:45
2/29/20 11:01,12.66666627,2/29/20 3:00
2/29/20 11:16,12.50281191,2/29/20 3:15
2/29/20 11:31,12.21367128,2/29/20 3:30
2/29/20 11:46,11.79427855,2/29/20 3:45
2/29/20 12:01,11.80381739,2/29/20 4:00
2/29/20 12:16,11.87748438,2/29/20 4:15
2/29/20 12:31,12.06780633,2/29/20 4:30
2/29/20 12:46,12.11530921,2/29/20 4:45
2/29/20 13:01,12.1144458,2/29/20 5:00
2/29/20 13:16,12.13084889,2/29/20 5:15
2/29/20 13:31,12.13516488,2/29/20 5:30
2/29/20 13:46,12.15415219,2/29/20 5:45
2/29/20 14:01,12.25935589,2/29/20 6:00
2/29/20 14:16,12.23350019,2/29/20 6:15
2/29/20 14:31,12.24987653,2/29/20 6:30
2/29/20 14:46,12.26107928,2/29/20 6:45
2/29/20 15:01,12.31620621,2/29/20 7:00
2/29/20 15:16,12.49164617,2/29/20 7:15
2/29/20 15:31,12.5217039,2/29/20 7:30
2/29/20 15:46,12.74546024,2/29/20 7:45
2/29/20 16:01,12.9360993,2/29/20 8:00
2/29/20 16:16,13.08706204,2/29/20 8:15
2/29/20 16:31,13.12283823,2/29/20 8:30
2/29/20 16:46,13.09898937,2/29/20 8:45
2/29/20 17:01,13.1747679,2/29/20 9:00
2/29/20 17:16,13.19774147,2/29/20 9:15
2/29/20 17:31,13.17391689,2/29/20 9:30
2/29/20 17:46,13.19178605,2/29/20 9:45
2/29/20 18:01,13.20454707,2/29/20 10:00
2/29/20 18:16,13.21900689,2/29/20 10:15
2/29/20 18:31,13.30230817,2/29/20 10:30
2/29/20 18:46,13.29296272,2/29/20 10:45
2/29/20 19:01,13.32694048,2/29/20 11:00
2/29/20 19:16,13.33458332,2/29/20 11:15
2/29/20 19:31,13.33458332,2/29/20 11:30
2/29/20 19:46,13.33713076,2/29/20 11:45
2/29/20 20:01,13.37787776,2/29/20 12:00
2/29/20 20:16,13.47795183,2/29/20 12:15
2/29/20 20:31,13.49066339,2/29/20 12:30
2/29/20 20:46,13.64725946,2/29/20 12:45
2/29/20 21:01,13.52370318,2/29/20 13:00
2/29/20 21:16,13.53132565,2/29/20 13:15
2/29/20 21:31,13.53047875,2/29/20 13:30
2/29/20 21:46,13.54995503,2/29/20 13:45
2/29/20 22:01,13.5186211,2/29/20 14:00
2/29/20 22:16,13.46015197,2/29/20 14:15
2/29/20 22:31,13.29551159,2/29/20 14:30
2/29/20 22:46,13.13646267,2/29/20 14:45
2/29/20 23:01,12.99583917,2/29/20 15:00
2/29/20 23:16,11.99346696,2/29/20 15:15
2/29/20 23:31,13.19008441,2/29/20 15:30
2/29/20 23:46,13.30315769,2/29/20 15:45