"UTC","degree_Celsius","PST"
2020-02-05 01:01:12,11.6161,2020-02-04 17:01:12
2020-02-05 01:31:12,11.5594,2020-02-04 17:31:12
2020-02-05 02:01:12,11.5642,2020-02-04 18:01:12
2020-02-05 02:31:12,11.7796,2020-02-04 18:31:12
2020-02-05 03:01:12,11.8713,2020-02-04 19:01:12
2020-02-05 03:31:12,11.7883,2020-02-04 19:31:12
2020-02-05 04:01:12,11.7679,2020-02-04 20:01:12
2020-02-05 04:31:12,11.7618,2020-02-04 20:31:12
2020-02-05 05:01:12,11.6743,2020-02-04 21:01:12
2020-02-05 05:31:12,11.6652,2020-02-04 21:31:12
2020-02-05 06:01:12,11.7128,2020-02-04 22:01:12
2020-02-05 06:31:12,11.697,2020-02-04 22:31:12
2020-02-05 07:01:12,11.6924,2020-02-04 23:01:12
2020-02-05 07:31:12,11.6602,2020-02-04 23:31:12
2020-02-05 08:01:12,11.5712,2020-02-05 00:01:12
2020-02-05 08:31:12,11.6192,2020-02-05 00:31:12
2020-02-05 09:01:12,11.5986,2020-02-05 01:01:12
2020-02-05 09:31:12,11.5372,2020-02-05 01:31:12
2020-02-05 10:01:12,11.5452,2020-02-05 02:01:12
2020-02-05 10:31:12,11.4997,2020-02-05 02:31:12
2020-02-05 11:01:12,11.6756,2020-02-05 03:01:12
2020-02-05 11:31:12,11.6447,2020-02-05 03:31:12
2020-02-05 12:01:12,11.5879,2020-02-05 04:01:12
2020-02-05 12:31:12,11.5843,2020-02-05 04:31:12
2020-02-05 13:01:12,11.5901,2020-02-05 05:01:12
2020-02-05 13:31:12,11.6484,2020-02-05 05:31:12
2020-02-05 14:01:12,11.6969,2020-02-05 06:01:12
2020-02-05 14:31:12,11.703,2020-02-05 06:31:12
2020-02-05 15:01:12,11.6719,2020-02-05 07:01:12
2020-02-05 15:31:12,11.5991,2020-02-05 07:31:12
2020-02-05 16:01:12,11.6705,2020-02-05 08:01:12
2020-02-05 16:31:12,11.6071,2020-02-05 08:31:12
2020-02-05 17:01:12,11.5244,2020-02-05 09:01:12
2020-02-05 17:31:12,11.4987,2020-02-05 09:31:12
2020-02-05 18:01:12,11.4112,2020-02-05 10:01:12
2020-02-05 18:31:12,11.4049,2020-02-05 10:31:12
2020-02-05 19:01:12,11.171,2020-02-05 11:01:12
2020-02-05 19:31:12,11.0305,2020-02-05 11:31:12
2020-02-05 20:01:12,10.9981,2020-02-05 12:01:12
2020-02-05 20:31:12,11.0074,2020-02-05 12:31:12
2020-02-05 21:01:12,10.9737,2020-02-05 13:01:12
2020-02-05 21:31:12,11.5428,2020-02-05 13:31:12
2020-02-05 22:01:12,10.9979,2020-02-05 14:01:12
2020-02-05 22:31:12,10.9397,2020-02-05 14:31:12
2020-02-05 23:01:12,10.9881,2020-02-05 15:01:12
2020-02-05 23:31:12,11.0449,2020-02-05 15:31:12
2020-02-06 00:31:12,11.182,2020-02-05 16:31:12
2020-02-06 01:16:12,11.3062,2020-02-05 17:16:12
2020-02-06 01:46:12,11.5726,2020-02-05 17:46:12
2020-02-06 02:16:12,11.6154,2020-02-05 18:16:12
2020-02-06 02:46:12,11.759,2020-02-05 18:46:12
2020-02-06 03:16:12,11.7721,2020-02-05 19:16:12
2020-02-06 03:46:12,11.7848,2020-02-05 19:46:12
2020-02-06 04:16:12,11.7691,2020-02-05 20:16:12
2020-02-06 04:46:12,11.7935,2020-02-05 20:46:12
2020-02-06 05:16:12,11.7632,2020-02-05 21:16:12
2020-02-06 05:46:12,11.6903,2020-02-05 21:46:12
2020-02-06 06:16:12,11.7131,2020-02-05 22:16:12
2020-02-06 06:46:12,11.7214,2020-02-05 22:46:12
2020-02-06 07:16:12,11.6916,2020-02-05 23:16:12
2020-02-06 07:46:12,11.6629,2020-02-05 23:46:12
2020-02-06 08:16:12,11.6345,2020-02-06 00:16:12
2020-02-06 08:46:12,11.5904,2020-02-06 00:46:12
2020-02-06 09:16:12,11.5915,2020-02-06 01:16:12
2020-02-06 09:46:12,11.5881,2020-02-06 01:46:12
2020-02-06 10:16:12,11.6061,2020-02-06 02:16:12
2020-02-06 10:46:12,11.5858,2020-02-06 02:46:12
2020-02-06 11:16:12,11.5865,2020-02-06 03:16:12
2020-02-06 11:46:12,11.5419,2020-02-06 03:46:12
2020-02-06 12:16:12,11.5229,2020-02-06 04:16:12
2020-02-06 12:46:12,11.5229,2020-02-06 04:46:12
2020-02-06 13:16:12,11.5493,2020-02-06 05:16:12
2020-02-06 13:46:12,11.5327,2020-02-06 05:46:12
2020-02-06 14:16:12,11.5215,2020-02-06 06:16:12
2020-02-06 14:46:12,11.5167,2020-02-06 06:46:12
2020-02-06 15:16:12,11.5185,2020-02-06 07:16:12
2020-02-06 15:46:12,11.5152,2020-02-06 07:46:12
2020-02-06 16:16:12,11.4879,2020-02-06 08:16:12
2020-02-06 16:46:12,11.502,2020-02-06 08:46:12
2020-02-06 17:16:12,11.5025,2020-02-06 09:16:12
2020-02-06 17:46:12,11.477,2020-02-06 09:46:12
2020-02-06 18:16:12,11.4714,2020-02-06 10:16:12
2020-02-06 18:46:12,11.4995,2020-02-06 10:46:12
2020-02-06 19:16:12,11.4423,2020-02-06 11:16:12
2020-02-06 19:46:12,11.3173,2020-02-06 11:46:12
2020-02-06 20:16:12,11.2983,2020-02-06 12:16:12
2020-02-06 20:46:12,11.456,2020-02-06 12:46:12
2020-02-06 21:16:12,11.4155,2020-02-06 13:16:12
2020-02-06 21:46:12,11.4459,2020-02-06 13:46:12
2020-02-06 22:16:12,11.4269,2020-02-06 14:16:12
2020-02-06 22:46:12,11.4553,2020-02-06 14:46:12
2020-02-06 23:16:12,11.506,2020-02-06 15:16:12
2020-02-06 23:46:12,11.6437,2020-02-06 15:46:12
2020-02-07 00:16:12,11.668,2020-02-06 16:16:12
2020-02-07 00:46:12,11.5362,2020-02-06 16:46:12
2020-02-07 01:16:12,11.7917,2020-02-06 17:16:12
2020-02-07 01:46:12,11.8058,2020-02-06 17:46:12
2020-02-07 02:16:12,11.9471,2020-02-06 18:16:12
2020-02-07 02:46:12,11.9818,2020-02-06 18:46:12
2020-02-07 03:16:12,11.9996,2020-02-06 19:16:12
2020-02-07 03:46:12,12.006,2020-02-06 19:46:12
2020-02-07 04:16:12,11.9781,2020-02-06 20:16:12
2020-02-07 04:46:12,11.964,2020-02-06 20:46:12
2020-02-07 05:16:12,11.9601,2020-02-06 21:16:12
2020-02-07 05:46:12,11.9689,2020-02-06 21:46:12
2020-02-07 06:16:12,11.9378,2020-02-06 22:16:12
2020-02-07 06:46:12,11.9381,2020-02-06 22:46:12
2020-02-07 07:16:12,11.9331,2020-02-06 23:16:12
2020-02-07 07:46:12,11.9246,2020-02-06 23:46:12
2020-02-07 08:16:12,11.8903,2020-02-07 00:16:12
2020-02-07 08:46:12,11.8927,2020-02-07 00:46:12
2020-02-07 09:16:12,11.88,2020-02-07 01:16:12
2020-02-07 09:46:12,11.8703,2020-02-07 01:46:12
2020-02-07 10:16:12,11.8205,2020-02-07 02:16:12
2020-02-07 10:46:12,11.8428,2020-02-07 02:46:12
2020-02-07 11:16:12,11.8241,2020-02-07 03:16:12
2020-02-07 11:46:12,11.7969,2020-02-07 03:46:12
2020-02-07 12:16:12,11.756,2020-02-07 04:16:12
2020-02-07 12:46:12,11.7081,2020-02-07 04:46:12
2020-02-07 13:16:12,11.6882,2020-02-07 05:16:12
2020-02-07 13:46:12,11.6711,2020-02-07 05:46:12
2020-02-07 14:16:12,11.6668,2020-02-07 06:16:12
2020-02-07 14:46:12,11.6661,2020-02-07 06:46:12
2020-02-07 15:16:12,11.6675,2020-02-07 07:16:12
2020-02-07 15:46:12,11.6445,2020-02-07 07:46:12
2020-02-07 16:16:12,11.644,2020-02-07 08:16:12
2020-02-07 16:46:12,11.6542,2020-02-07 08:46:12
2020-02-07 17:16:12,11.6607,2020-02-07 09:16:12
2020-02-07 17:46:12,11.681,2020-02-07 09:46:12
2020-02-07 18:16:12,11.7144,2020-02-07 10:16:12
2020-02-07 18:46:12,11.7256,2020-02-07 10:46:12
2020-02-07 19:16:12,11.7586,2020-02-07 11:16:12
2020-02-07 19:46:12,11.798,2020-02-07 11:46:12
2020-02-07 20:16:12,11.783,2020-02-07 12:16:12
2020-02-07 20:46:12,11.8801,2020-02-07 12:46:12
2020-02-07 21:16:12,12.0468,2020-02-07 13:16:12
2020-02-07 21:46:12,12.1434,2020-02-07 13:46:12
2020-02-07 22:16:12,12.1591,2020-02-07 14:16:12
2020-02-07 22:46:12,12.2147,2020-02-07 14:46:12
2020-02-07 23:16:12,12.3328,2020-02-07 15:16:12
2020-02-07 23:46:12,12.3765,2020-02-07 15:46:12
2020-02-08 00:16:12,12.366,2020-02-07 16:16:12
2020-02-08 00:46:12,12.3119,2020-02-07 16:46:12
2020-02-08 01:16:12,12.2542,2020-02-07 17:16:12
2020-02-08 01:46:12,12.2896,2020-02-07 17:46:12
2020-02-08 02:16:12,12.2187,2020-02-07 18:16:12
2020-02-08 02:46:12,12.0051,2020-02-07 18:46:12
2020-02-08 03:16:12,12.0037,2020-02-07 19:16:12
2020-02-08 03:46:12,11.9888,2020-02-07 19:46:12
2020-02-08 04:16:12,11.9837,2020-02-07 20:16:12
2020-02-08 04:46:12,11.92,2020-02-07 20:46:12
2020-02-08 05:16:12,11.957,2020-02-07 21:16:12
2020-02-08 05:46:12,11.9707,2020-02-07 21:46:12
2020-02-08 06:16:12,11.9843,2020-02-07 22:16:12
2020-02-08 06:46:12,11.9504,2020-02-07 22:46:12
2020-02-08 07:16:12,11.9676,2020-02-07 23:16:12
2020-02-08 07:46:12,11.9636,2020-02-07 23:46:12
2020-02-08 08:16:12,11.9585,2020-02-08 00:16:12
2020-02-08 08:46:12,11.9592,2020-02-08 00:46:12
2020-02-08 09:16:12,11.9517,2020-02-08 01:16:12
2020-02-08 09:46:12,11.9663,2020-02-08 01:46:12
2020-02-08 10:16:12,11.9625,2020-02-08 02:16:12
2020-02-08 10:46:12,11.9378,2020-02-08 02:46:12
2020-02-08 11:16:12,11.9242,2020-02-08 03:16:12
2020-02-08 11:46:12,11.9757,2020-02-08 03:46:12
2020-02-08 12:16:12,11.9387,2020-02-08 04:16:12
2020-02-08 12:46:12,11.9411,2020-02-08 04:46:12
2020-02-08 13:16:12,11.9828,2020-02-08 05:16:12
2020-02-08 13:46:12,12.0084,2020-02-08 05:46:12
2020-02-08 14:16:12,12.1137,2020-02-08 06:16:12
2020-02-08 14:46:12,12.1525,2020-02-08 06:46:12
2020-02-08 16:00:36,12.2164,2020-02-08 08:00:36
2020-02-08 16:31:12,12.2268,2020-02-08 08:31:12
2020-02-08 17:01:12,12.2498,2020-02-08 09:01:12
2020-02-08 17:31:12,12.2119,2020-02-08 09:31:12
2020-02-08 18:01:12,12.2377,2020-02-08 10:01:12
2020-02-08 18:31:12,12.2231,2020-02-08 10:31:12
2020-02-08 19:01:12,12.2181,2020-02-08 11:01:12
2020-02-08 19:31:12,12.2275,2020-02-08 11:31:12
2020-02-08 20:01:12,12.2543,2020-02-08 12:01:12
2020-02-08 20:31:12,12.2605,2020-02-08 12:31:12
2020-02-08 21:01:12,12.3179,2020-02-08 13:01:12
2020-02-08 21:31:12,12.4377,2020-02-08 13:31:12
2020-02-08 22:01:12,12.5702,2020-02-08 14:01:12
2020-02-08 22:31:12,12.7336,2020-02-08 14:31:12
2020-02-08 23:01:12,12.8601,2020-02-08 15:01:12
2020-02-08 23:31:12,12.9288,2020-02-08 15:31:12
2020-02-09 00:01:22,13.1204,2020-02-08 16:01:22
2020-02-09 00:31:12,13.0726,2020-02-08 16:31:12
2020-02-09 01:01:12,13.0456,2020-02-08 17:01:12
2020-02-09 01:31:12,13.0397,2020-02-08 17:31:12
2020-02-09 02:01:12,12.9676,2020-02-08 18:01:12
2020-02-09 02:31:12,12.9188,2020-02-08 18:31:12
2020-02-09 03:01:12,12.5935,2020-02-08 19:01:12
2020-02-09 03:31:12,12.3991,2020-02-08 19:31:12
2020-02-09 04:01:12,12.3192,2020-02-08 20:01:12
2020-02-09 04:31:12,12.273,2020-02-08 20:31:12
2020-02-09 05:01:12,12.2997,2020-02-08 21:01:12
2020-02-09 05:31:12,12.2709,2020-02-08 21:31:12
2020-02-09 06:01:12,12.2629,2020-02-08 22:01:12
2020-02-09 06:31:12,12.2769,2020-02-08 22:31:12
2020-02-09 07:01:12,12.2708,2020-02-08 23:01:12
2020-02-09 07:31:12,12.2511,2020-02-08 23:31:12
2020-02-09 08:01:12,12.2465,2020-02-09 00:01:12
2020-02-09 08:31:12,12.2391,2020-02-09 00:31:12
2020-02-09 09:01:12,12.245,2020-02-09 01:01:12
2020-02-09 09:31:12,12.2211,2020-02-09 01:31:12
2020-02-09 10:01:12,12.2112,2020-02-09 02:01:12
2020-02-09 10:31:12,12.2047,2020-02-09 02:31:12
2020-02-09 11:01:12,12.1991,2020-02-09 03:01:12
2020-02-09 11:31:12,12.1845,2020-02-09 03:31:12
2020-02-09 12:01:12,12.163,2020-02-09 04:01:12
2020-02-09 12:31:12,12.2063,2020-02-09 04:31:12
2020-02-09 13:01:12,12.0812,2020-02-09 05:01:12
2020-02-09 13:31:12,12.1539,2020-02-09 05:31:12
2020-02-09 14:01:12,12.1282,2020-02-09 06:01:12
2020-02-09 14:31:12,12.1082,2020-02-09 06:31:12
2020-02-09 15:01:12,12.0841,2020-02-09 07:01:12
2020-02-09 15:31:12,12.0904,2020-02-09 07:31:12
2020-02-09 16:01:12,12.0692,2020-02-09 08:01:12
2020-02-09 16:31:12,12.0812,2020-02-09 08:31:12
2020-02-09 17:01:12,12.0655,2020-02-09 09:01:12
2020-02-09 17:31:12,12.0825,2020-02-09 09:31:12
2020-02-09 18:01:12,12.0968,2020-02-09 10:01:12
2020-02-09 18:31:12,12.1037,2020-02-09 10:31:12
2020-02-09 19:01:12,12.1163,2020-02-09 11:01:12
2020-02-09 19:31:12,12.1514,2020-02-09 11:31:12
2020-02-09 20:01:12,12.1924,2020-02-09 12:01:12
2020-02-09 20:31:12,12.2489,2020-02-09 12:31:12
2020-02-09 21:01:12,12.367,2020-02-09 13:01:12
2020-02-09 21:31:12,12.4235,2020-02-09 13:31:12
2020-02-09 22:01:12,12.5526,2020-02-09 14:01:12
2020-02-09 22:31:12,12.7251,2020-02-09 14:31:12
2020-02-09 23:01:12,12.8523,2020-02-09 15:01:12
2020-02-09 23:31:12,12.931,2020-02-09 15:31:12
2020-02-10 00:01:22,13.0021,2020-02-09 16:01:22
2020-02-10 00:31:12,13.0405,2020-02-09 16:31:12
2020-02-10 01:01:12,13.1458,2020-02-09 17:01:12
2020-02-10 01:31:12,13.1109,2020-02-09 17:31:12
2020-02-10 02:01:12,13.0972,2020-02-09 18:01:12
2020-02-10 02:31:12,13.0518,2020-02-09 18:31:12
2020-02-10 03:01:12,12.9164,2020-02-09 19:01:12
2020-02-10 03:31:12,12.716,2020-02-09 19:31:12
2020-02-10 04:01:12,12.2825,2020-02-09 20:01:12
2020-02-10 04:31:12,12.1825,2020-02-09 20:31:12
2020-02-10 05:01:12,12.1924,2020-02-09 21:01:12
2020-02-10 05:31:12,12.107,2020-02-09 21:31:12
2020-02-10 06:01:12,12.0761,2020-02-09 22:01:12
2020-02-10 06:31:12,12.0711,2020-02-09 22:31:12
2020-02-10 07:01:12,12.0828,2020-02-09 23:01:12
2020-02-10 07:31:12,12.0736,2020-02-09 23:31:12
2020-02-10 08:01:12,12.0629,2020-02-10 00:01:12
2020-02-10 08:31:12,12.0648,2020-02-10 00:31:12
2020-02-10 09:01:12,12.0396,2020-02-10 01:01:12
2020-02-10 09:31:12,12.0609,2020-02-10 01:31:12
2020-02-10 10:01:12,12.0446,2020-02-10 02:01:12
2020-02-10 10:31:12,12.0365,2020-02-10 02:31:12
2020-02-10 11:01:12,12.0353,2020-02-10 03:01:12
2020-02-10 11:31:12,12.0358,2020-02-10 03:31:12
2020-02-10 12:01:12,12.0408,2020-02-10 04:01:12
2020-02-10 12:31:12,11.9938,2020-02-10 04:31:12
2020-02-10 13:01:12,12.0222,2020-02-10 05:01:12
2020-02-10 13:31:12,12.0089,2020-02-10 05:31:12
2020-02-10 14:01:12,11.8516,2020-02-10 06:01:12
2020-02-10 14:31:12,11.9217,2020-02-10 06:31:12
2020-02-10 15:45:36,11.9128,2020-02-10 07:45:36
2020-02-10 16:16:12,11.9162,2020-02-10 08:16:12
2020-02-10 16:46:12,12.0037,2020-02-10 08:46:12
2020-02-10 17:16:12,12.0032,2020-02-10 09:16:12
2020-02-10 17:46:12,11.9664,2020-02-10 09:46:12
2020-02-10 18:16:12,12.0572,2020-02-10 10:16:12
2020-02-10 18:46:12,12.0499,2020-02-10 10:46:12
2020-02-10 19:16:12,12.0695,2020-02-10 11:16:12
2020-02-10 19:46:12,12.1102,2020-02-10 11:46:12
2020-02-10 20:16:12,12.1343,2020-02-10 12:16:12
2020-02-10 20:46:12,12.1952,2020-02-10 12:46:12
2020-02-10 21:16:12,12.2544,2020-02-10 13:16:12
2020-02-10 21:46:12,12.3585,2020-02-10 13:46:12
2020-02-10 22:16:12,12.5022,2020-02-10 14:16:12
2020-02-10 22:46:12,12.632,2020-02-10 14:46:12
2020-02-10 23:16:12,12.8115,2020-02-10 15:16:12
2020-02-10 23:46:12,12.9551,2020-02-10 15:46:12
2020-02-11 00:16:12,13.0441,2020-02-10 16:16:12
2020-02-11 00:46:12,13.0639,2020-02-10 16:46:12
2020-02-11 01:16:12,13.0798,2020-02-10 17:16:12
2020-02-11 01:46:12,13.1276,2020-02-10 17:46:12
2020-02-11 02:16:12,13.115,2020-02-10 18:16:12
2020-02-11 02:46:12,13.0601,2020-02-10 18:46:12
2020-02-11 03:16:12,13.0456,2020-02-10 19:16:12
2020-02-11 03:46:12,12.9348,2020-02-10 19:46:12
2020-02-11 04:16:12,12.6727,2020-02-10 20:16:12
2020-02-11 04:46:12,12.4342,2020-02-10 20:46:12
2020-02-11 05:16:12,12.5216,2020-02-10 21:16:12
2020-02-11 05:46:12,12.5269,2020-02-10 21:46:12
2020-02-11 06:16:12,12.5695,2020-02-10 22:16:12
2020-02-11 06:46:12,12.5699,2020-02-10 22:46:12
2020-02-11 07:16:12,12.5675,2020-02-10 23:16:12
2020-02-11 07:46:12,12.5504,2020-02-10 23:46:12
2020-02-11 08:16:12,12.5443,2020-02-11 00:16:12
2020-02-11 08:46:12,12.518,2020-02-11 00:46:12
2020-02-11 09:16:12,12.5157,2020-02-11 01:16:12
2020-02-11 09:46:12,12.5,2020-02-11 01:46:12
2020-02-11 10:16:12,12.4854,2020-02-11 02:16:12
2020-02-11 10:46:12,12.4657,2020-02-11 02:46:12
2020-02-11 11:16:12,12.4283,2020-02-11 03:16:12
2020-02-11 11:46:12,12.3771,2020-02-11 03:46:12
2020-02-11 12:16:12,12.3112,2020-02-11 04:16:12
2020-02-11 12:46:12,12.2316,2020-02-11 04:46:12
2020-02-11 13:16:12,12.2796,2020-02-11 05:16:12
2020-02-11 13:46:12,12.2309,2020-02-11 05:46:12
2020-02-11 14:16:12,12.1284,2020-02-11 06:16:12
2020-02-11 14:46:12,12.1274,2020-02-11 06:46:12
2020-02-11 15:16:12,12.2266,2020-02-11 07:16:12
2020-02-11 15:46:12,12.2187,2020-02-11 07:46:12
2020-02-11 16:16:12,12.2549,2020-02-11 08:16:12
2020-02-11 16:46:12,12.2658,2020-02-11 08:46:12
2020-02-11 17:16:12,12.2656,2020-02-11 09:16:12
2020-02-11 17:46:12,12.2505,2020-02-11 09:46:12
2020-02-11 18:16:12,12.2753,2020-02-11 10:16:12
2020-02-11 18:46:12,12.3145,2020-02-11 10:46:12
2020-02-11 19:16:12,12.3168,2020-02-11 11:16:12
2020-02-11 19:46:12,12.3634,2020-02-11 11:46:12
2020-02-11 20:16:12,12.435,2020-02-11 12:16:12
2020-02-11 20:46:12,12.4691,2020-02-11 12:46:12
2020-02-11 21:16:12,12.5726,2020-02-11 13:16:12
2020-02-11 21:46:12,12.7247,2020-02-11 13:46:12
2020-02-11 22:16:12,12.7122,2020-02-11 14:16:12
2020-02-11 22:46:12,12.8471,2020-02-11 14:46:12
2020-02-11 23:16:12,13.0095,2020-02-11 15:16:12
2020-02-11 23:46:12,13.0977,2020-02-11 15:46:12
2020-02-12 00:16:12,13.2329,2020-02-11 16:16:12
2020-02-12 00:46:12,13.3439,2020-02-11 16:46:12
2020-02-12 01:16:12,13.3998,2020-02-11 17:16:12
2020-02-12 01:46:12,13.2098,2020-02-11 17:46:12
2020-02-12 02:16:12,13.4125,2020-02-11 18:16:12
2020-02-12 02:46:12,13.4025,2020-02-11 18:46:12
2020-02-12 03:16:12,13.3313,2020-02-11 19:16:12
2020-02-12 03:46:12,13.3417,2020-02-11 19:46:12
2020-02-12 04:16:12,13.2092,2020-02-11 20:16:12
2020-02-12 04:46:12,12.6988,2020-02-11 20:46:12
2020-02-12 05:16:12,12.5576,2020-02-11 21:16:12
2020-02-12 05:46:12,12.4677,2020-02-11 21:46:12
2020-02-12 06:16:12,12.5545,2020-02-11 22:16:12
2020-02-12 06:46:12,12.5322,2020-02-11 22:46:12
2020-02-12 07:16:12,12.4368,2020-02-11 23:16:12
2020-02-12 07:46:12,12.4529,2020-02-11 23:46:12
2020-02-12 08:16:12,12.5436,2020-02-12 00:16:12
2020-02-12 08:46:12,12.5374,2020-02-12 00:46:12
2020-02-12 09:16:12,12.4657,2020-02-12 01:16:12
2020-02-12 09:46:12,12.4998,2020-02-12 01:46:12
2020-02-12 10:16:12,12.4678,2020-02-12 02:16:12
2020-02-12 10:46:12,12.4674,2020-02-12 02:46:12
2020-02-12 11:16:12,12.4532,2020-02-12 03:16:12
2020-02-12 11:46:12,12.4164,2020-02-12 03:46:12
2020-02-12 12:16:12,12.4045,2020-02-12 04:16:12
2020-02-12 12:46:12,12.336,2020-02-12 04:46:12
2020-02-12 13:16:12,12.2988,2020-02-12 05:16:12
2020-02-12 13:46:12,12.2678,2020-02-12 05:46:12
2020-02-12 14:16:12,12.347,2020-02-12 06:16:12
2020-02-12 14:46:12,12.2483,2020-02-12 06:46:12
2020-02-12 15:16:12,12.1008,2020-02-12 07:16:12
2020-02-12 15:46:12,12.1463,2020-02-12 07:46:12
2020-02-12 16:16:12,12.1469,2020-02-12 08:16:12
2020-02-12 16:46:12,12.2754,2020-02-12 08:46:12
2020-02-12 17:16:12,12.2969,2020-02-12 09:16:12
2020-02-12 17:46:12,12.3456,2020-02-12 09:46:12
2020-02-12 18:16:12,12.387,2020-02-12 10:16:12
2020-02-12 18:46:12,12.4199,2020-02-12 10:46:12
2020-02-12 19:16:12,12.4265,2020-02-12 11:16:12
2020-02-12 19:46:12,12.4508,2020-02-12 11:46:12
2020-02-12 20:16:12,12.5797,2020-02-12 12:16:12
2020-02-12 20:46:12,12.5482,2020-02-12 12:46:12
2020-02-12 21:16:12,12.594,2020-02-12 13:16:12
2020-02-12 21:46:12,12.6014,2020-02-12 13:46:12
2020-02-12 22:16:12,12.692,2020-02-12 14:16:12
2020-02-12 22:46:12,12.9406,2020-02-12 14:46:12
2020-02-12 23:16:12,12.9129,2020-02-12 15:16:12
2020-02-12 23:46:12,12.923,2020-02-12 15:46:12
2020-02-13 00:16:12,13.0738,2020-02-12 16:16:12
2020-02-13 00:46:12,13.1957,2020-02-12 16:46:12
2020-02-13 01:16:12,13.3153,2020-02-12 17:16:12
2020-02-13 01:46:12,13.3769,2020-02-12 17:46:12
2020-02-13 02:16:12,13.4244,2020-02-12 18:16:12
2020-02-13 02:46:12,13.4426,2020-02-12 18:46:12
2020-02-13 03:16:12,13.3852,2020-02-12 19:16:12
2020-02-13 03:46:12,13.4241,2020-02-12 19:46:12
2020-02-13 04:16:12,13.4077,2020-02-12 20:16:12
2020-02-13 04:46:12,13.2232,2020-02-12 20:46:12
2020-02-13 05:16:12,12.9361,2020-02-12 21:16:12
2020-02-13 05:46:12,12.9078,2020-02-12 21:46:12
2020-02-13 06:16:12,12.8578,2020-02-12 22:16:12
2020-02-13 06:46:12,12.8305,2020-02-12 22:46:12
2020-02-13 07:16:12,12.8156,2020-02-12 23:16:12
2020-02-13 07:46:12,12.8167,2020-02-12 23:46:12
2020-02-13 08:16:12,12.8246,2020-02-13 00:16:12
2020-02-13 08:46:12,12.8008,2020-02-13 00:46:12
2020-02-13 09:16:12,12.7995,2020-02-13 01:16:12
2020-02-13 09:46:12,12.8005,2020-02-13 01:46:12
2020-02-13 10:16:12,12.8032,2020-02-13 02:16:12
2020-02-13 10:46:12,12.7964,2020-02-13 02:46:12
2020-02-13 11:16:12,12.8068,2020-02-13 03:16:12
2020-02-13 11:46:12,12.803,2020-02-13 03:46:12
2020-02-13 12:16:12,12.7973,2020-02-13 04:16:12
2020-02-13 12:46:12,12.7953,2020-02-13 04:46:12
2020-02-13 13:16:12,12.7779,2020-02-13 05:16:12
2020-02-13 13:46:12,12.784,2020-02-13 05:46:12
2020-02-13 14:16:12,12.7767,2020-02-13 06:16:12
2020-02-13 14:46:12,12.7617,2020-02-13 06:46:12
2020-02-13 15:16:12,12.744,2020-02-13 07:16:12
2020-02-13 15:46:12,12.7173,2020-02-13 07:46:12
2020-02-13 16:16:12,12.718,2020-02-13 08:16:12
2020-02-13 16:46:12,12.7248,2020-02-13 08:46:12
2020-02-13 17:16:12,12.6724,2020-02-13 09:16:12
2020-02-13 17:46:12,12.6897,2020-02-13 09:46:12
2020-02-13 18:16:12,12.6803,2020-02-13 10:16:12
2020-02-13 18:46:12,12.7221,2020-02-13 10:46:12
2020-02-13 19:16:12,12.7562,2020-02-13 11:16:12
2020-02-13 19:46:12,12.8019,2020-02-13 11:46:12
2020-02-13 20:16:12,12.8415,2020-02-13 12:16:12
2020-02-13 20:46:12,12.8796,2020-02-13 12:46:12
2020-02-13 21:16:12,12.8996,2020-02-13 13:16:12
2020-02-13 21:46:12,12.931,2020-02-13 13:46:12
2020-02-13 22:16:12,12.9708,2020-02-13 14:16:12
2020-02-13 22:46:12,12.9828,2020-02-13 14:46:12
2020-02-13 23:16:12,13.0432,2020-02-13 15:16:12
2020-02-13 23:46:12,13.1551,2020-02-13 15:46:12
2020-02-14 00:16:12,13.4392,2020-02-13 16:16:12
2020-02-14 00:46:12,13.3734,2020-02-13 16:46:12
2020-02-14 01:16:12,13.5761,2020-02-13 17:16:12
2020-02-14 01:46:12,13.611,2020-02-13 17:46:12
2020-02-14 02:16:12,13.7521,2020-02-13 18:16:12
2020-02-14 02:46:12,13.7822,2020-02-13 18:46:12
2020-02-14 03:16:12,13.7855,2020-02-13 19:16:12
2020-02-14 03:46:12,13.6067,2020-02-13 19:46:12
2020-02-14 04:16:12,13.8644,2020-02-13 20:16:12
2020-02-14 04:46:12,13.8352,2020-02-13 20:46:12
2020-02-14 05:16:12,13.6409,2020-02-13 21:16:12
2020-02-14 05:46:12,13.4137,2020-02-13 21:46:12
2020-02-14 06:16:12,13.1985,2020-02-13 22:16:12
2020-02-14 06:46:12,13.1435,2020-02-13 22:46:12
2020-02-14 07:16:12,12.9601,2020-02-13 23:16:12
2020-02-14 07:46:12,12.9103,2020-02-13 23:46:12
2020-02-14 08:16:12,12.8815,2020-02-14 00:16:12
2020-02-14 08:46:12,12.8619,2020-02-14 00:46:12
2020-02-14 09:16:12,12.8546,2020-02-14 01:16:12
2020-02-14 09:46:12,12.8334,2020-02-14 01:46:12
2020-02-14 10:16:12,12.8291,2020-02-14 02:16:12
2020-02-14 10:46:12,12.8358,2020-02-14 02:46:12
2020-02-14 11:16:12,12.8206,2020-02-14 03:16:12
2020-02-14 11:46:12,12.8181,2020-02-14 03:46:12
2020-02-14 12:16:12,12.8531,2020-02-14 04:16:12
2020-02-14 12:46:12,12.8384,2020-02-14 04:46:12
2020-02-14 13:16:12,12.8509,2020-02-14 05:16:12
2020-02-14 13:46:12,12.8526,2020-02-14 05:46:12
2020-02-14 14:16:12,12.8338,2020-02-14 06:16:12
2020-02-14 14:46:12,12.8108,2020-02-14 06:46:12
2020-02-14 15:16:12,12.7723,2020-02-14 07:16:12
2020-02-14 15:46:12,12.7362,2020-02-14 07:46:12
2020-02-14 16:16:12,12.7324,2020-02-14 08:16:12
2020-02-14 16:46:12,12.7482,2020-02-14 08:46:12
2020-02-14 17:16:12,12.7565,2020-02-14 09:16:12
2020-02-14 17:46:12,12.7676,2020-02-14 09:46:12
2020-02-15 00:52:44,NA,2020-02-14 16:52:44
2020-02-15 01:22:44,NA,2020-02-14 17:22:44
2020-02-15 01:52:45,NA,2020-02-14 17:52:45
2020-02-15 02:22:47,NA,2020-02-14 18:22:47
2020-02-15 02:52:49,NA,2020-02-14 18:52:49
2020-02-15 03:22:48,NA,2020-02-14 19:22:48
2020-02-15 03:52:47,NA,2020-02-14 19:52:47
2020-02-15 04:22:49,NA,2020-02-14 20:22:49
2020-02-15 04:52:45,NA,2020-02-14 20:52:45
2020-02-15 05:22:49,NA,2020-02-14 21:22:49
2020-02-15 05:52:49,NA,2020-02-14 21:52:49
2020-02-15 06:22:52,NA,2020-02-14 22:22:52
2020-02-15 06:52:48,NA,2020-02-14 22:52:48
2020-02-15 07:22:49,NA,2020-02-14 23:22:49
2020-02-15 07:52:49,NA,2020-02-14 23:52:49
2020-02-15 08:22:49,NA,2020-02-15 00:22:49
2020-02-15 08:52:55,NA,2020-02-15 00:52:55
2020-02-15 09:22:52,NA,2020-02-15 01:22:52
2020-02-15 09:52:53,NA,2020-02-15 01:52:53
2020-02-15 10:22:49,NA,2020-02-15 02:22:49
2020-02-15 10:52:52,NA,2020-02-15 02:52:52
2020-02-15 11:22:52,NA,2020-02-15 03:22:52
2020-02-15 11:52:52,NA,2020-02-15 03:52:52
2020-02-15 12:22:52,NA,2020-02-15 04:22:52
2020-02-15 12:52:50,NA,2020-02-15 04:52:50
2020-02-15 13:22:53,NA,2020-02-15 05:22:53
2020-02-15 13:52:49,NA,2020-02-15 05:52:49
2020-02-15 14:22:53,NA,2020-02-15 06:22:53
2020-02-15 14:52:53,NA,2020-02-15 06:52:53
2020-02-15 15:22:48,NA,2020-02-15 07:22:48
2020-02-15 15:52:52,NA,2020-02-15 07:52:52
2020-02-15 16:22:53,NA,2020-02-15 08:22:53
2020-02-15 16:52:55,NA,2020-02-15 08:52:55
2020-02-15 17:22:56,NA,2020-02-15 09:22:56
2020-02-15 17:52:53,NA,2020-02-15 09:52:53
2020-02-15 18:22:54,NA,2020-02-15 10:22:54
2020-02-15 18:52:57,NA,2020-02-15 10:52:57
2020-02-15 19:22:52,NA,2020-02-15 11:22:52
2020-02-15 19:52:54,NA,2020-02-15 11:52:54
2020-02-15 20:23:01,NA,2020-02-15 12:23:01
2020-02-15 20:52:53,NA,2020-02-15 12:52:53
2020-02-15 21:22:54,NA,2020-02-15 13:22:54
2020-02-15 21:52:57,NA,2020-02-15 13:52:57
2020-02-15 22:22:55,NA,2020-02-15 14:22:55
2020-02-15 22:52:53,NA,2020-02-15 14:52:53
2020-02-15 23:22:56,NA,2020-02-15 15:22:56
2020-02-15 23:52:56,NA,2020-02-15 15:52:56
2020-02-16 00:37:44,NA,2020-02-15 16:37:44
2020-02-16 01:07:44,NA,2020-02-15 17:07:44
2020-02-16 01:37:45,NA,2020-02-15 17:37:45
2020-02-16 02:07:46,NA,2020-02-15 18:07:46
2020-02-16 02:37:47,NA,2020-02-15 18:37:47
2020-02-16 03:07:47,NA,2020-02-15 19:07:47
2020-02-16 03:37:48,NA,2020-02-15 19:37:48
2020-02-16 04:07:46,NA,2020-02-15 20:07:46
2020-02-16 04:37:49,NA,2020-02-15 20:37:49
2020-02-16 05:07:48,NA,2020-02-15 21:07:48
2020-02-16 05:37:44,NA,2020-02-15 21:37:44
2020-02-16 06:07:49,NA,2020-02-15 22:07:49
2020-02-16 07:37:46,NA,2020-02-15 23:37:46
2020-02-16 08:07:48,NA,2020-02-16 00:07:48
2020-02-16 09:37:51,NA,2020-02-16 01:37:51
2020-02-16 10:07:52,NA,2020-02-16 02:07:52
2020-02-16 10:37:53,NA,2020-02-16 02:37:53
2020-02-16 11:07:53,NA,2020-02-16 03:07:53
2020-02-16 11:37:54,NA,2020-02-16 03:37:54
2020-02-16 12:07:52,NA,2020-02-16 04:07:52
2020-02-16 12:37:52,NA,2020-02-16 04:37:52
2020-02-16 13:07:53,NA,2020-02-16 05:07:53
2020-02-16 13:37:54,NA,2020-02-16 05:37:54
2020-02-16 14:07:54,NA,2020-02-16 06:07:54
2020-02-16 14:37:56,NA,2020-02-16 06:37:56
2020-02-16 15:07:54,NA,2020-02-16 07:07:54
2020-02-16 15:37:53,NA,2020-02-16 07:37:53
2020-02-16 16:07:55,NA,2020-02-16 08:07:55
2020-02-16 16:37:56,NA,2020-02-16 08:37:56
2020-02-16 17:07:55,NA,2020-02-16 09:07:55
2020-02-16 17:37:54,NA,2020-02-16 09:37:54
2020-02-16 18:07:54,NA,2020-02-16 10:07:54
2020-02-16 18:37:54,NA,2020-02-16 10:37:54
2020-02-16 19:07:54,NA,2020-02-16 11:07:54
2020-02-16 19:37:53,NA,2020-02-16 11:37:53
2020-02-16 20:07:56,NA,2020-02-16 12:07:56
2020-02-16 20:37:56,NA,2020-02-16 12:37:56
2020-02-16 21:07:56,NA,2020-02-16 13:07:56
2020-02-16 21:37:56,NA,2020-02-16 13:37:56
2020-02-16 22:07:59,NA,2020-02-16 14:07:59
2020-02-16 22:37:58,NA,2020-02-16 14:37:58
2020-02-16 23:07:55,NA,2020-02-16 15:07:55
2020-02-16 23:37:58,NA,2020-02-16 15:37:58
2020-02-17 00:22:45,NA,2020-02-16 16:22:45
2020-02-17 00:52:48,NA,2020-02-16 16:52:48
2020-02-17 01:22:48,NA,2020-02-16 17:22:48
2020-02-17 01:52:48,NA,2020-02-16 17:52:48
2020-02-17 02:22:51,NA,2020-02-16 18:22:51
2020-02-17 02:52:47,NA,2020-02-16 18:52:47
2020-02-17 03:22:45,NA,2020-02-16 19:22:45
2020-02-17 03:52:47,NA,2020-02-16 19:52:47
2020-02-17 04:22:47,NA,2020-02-16 20:22:47
2020-02-17 04:52:48,NA,2020-02-16 20:52:48
2020-02-17 05:22:47,NA,2020-02-16 21:22:47
2020-02-17 05:52:48,NA,2020-02-16 21:52:48
2020-02-17 06:22:45,NA,2020-02-16 22:22:45
2020-02-17 06:52:48,NA,2020-02-16 22:52:48
2020-02-17 07:22:50,NA,2020-02-16 23:22:50
2020-02-17 07:52:51,NA,2020-02-16 23:52:51
2020-02-17 08:22:50,NA,2020-02-17 00:22:50
2020-02-17 08:52:52,NA,2020-02-17 00:52:52
2020-02-17 09:22:51,NA,2020-02-17 01:22:51
2020-02-17 09:52:51,NA,2020-02-17 01:52:51
2020-02-17 10:22:51,NA,2020-02-17 02:22:51
2020-02-17 10:52:54,NA,2020-02-17 02:52:54
2020-02-17 11:22:52,NA,2020-02-17 03:22:52
2020-02-17 11:52:52,NA,2020-02-17 03:52:52
2020-02-17 12:22:53,NA,2020-02-17 04:22:53
2020-02-17 12:52:53,NA,2020-02-17 04:52:53
2020-02-17 13:22:54,NA,2020-02-17 05:22:54
2020-02-17 13:52:55,NA,2020-02-17 05:52:55
2020-02-17 14:22:54,NA,2020-02-17 06:22:54
2020-02-17 14:52:54,NA,2020-02-17 06:52:54
2020-02-17 15:22:55,NA,2020-02-17 07:22:55
2020-02-17 15:52:51,NA,2020-02-17 07:52:51
2020-02-17 16:22:55,NA,2020-02-17 08:22:55
2020-02-17 16:53:06,NA,2020-02-17 08:53:06
2020-02-17 18:22:56,NA,2020-02-17 10:22:56
2020-02-17 18:52:54,NA,2020-02-17 10:52:54
2020-02-17 19:22:56,NA,2020-02-17 11:22:56
2020-02-17 19:52:53,NA,2020-02-17 11:52:53
2020-02-17 20:22:56,NA,2020-02-17 12:22:56
2020-02-17 20:52:56,NA,2020-02-17 12:52:56
2020-02-17 21:22:57,NA,2020-02-17 13:22:57
2020-02-17 21:52:55,NA,2020-02-17 13:52:55
2020-02-17 22:22:56,NA,2020-02-17 14:22:56
2020-02-17 22:52:57,NA,2020-02-17 14:52:57
2020-02-17 23:22:54,NA,2020-02-17 15:22:54
2020-02-17 23:52:57,NA,2020-02-17 15:52:57
2020-02-18 00:37:45,NA,2020-02-17 16:37:45
2020-02-18 01:07:47,NA,2020-02-17 17:07:47
2020-02-18 01:37:43,NA,2020-02-17 17:37:43
2020-02-18 02:07:46,NA,2020-02-17 18:07:46
2020-02-18 02:37:48,NA,2020-02-17 18:37:48
2020-02-18 03:07:44,NA,2020-02-17 19:07:44
2020-02-18 03:37:49,NA,2020-02-17 19:37:49
2020-02-18 04:07:48,NA,2020-02-17 20:07:48
2020-02-18 04:37:48,NA,2020-02-17 20:37:48
2020-02-18 05:07:45,NA,2020-02-17 21:07:45
2020-02-18 05:37:50,NA,2020-02-17 21:37:50
2020-02-18 06:07:50,NA,2020-02-17 22:07:50
2020-02-18 06:37:48,NA,2020-02-17 22:37:48
2020-02-18 07:07:45,NA,2020-02-17 23:07:45
2020-02-18 07:37:49,NA,2020-02-17 23:37:49
2020-02-18 08:07:48,NA,2020-02-18 00:07:48
2020-02-18 08:37:48,NA,2020-02-18 00:37:48
2020-02-18 09:07:51,NA,2020-02-18 01:07:51
2020-02-18 09:37:52,NA,2020-02-18 01:37:52
2020-02-18 10:07:51,NA,2020-02-18 02:07:51
2020-02-18 10:37:48,NA,2020-02-18 02:37:48
2020-02-18 11:07:48,NA,2020-02-18 03:07:48
2020-02-18 11:37:52,NA,2020-02-18 03:37:52
2020-02-18 12:07:53,NA,2020-02-18 04:07:53
2020-02-18 12:37:54,NA,2020-02-18 04:37:54
2020-02-18 13:07:54,NA,2020-02-18 05:07:54
2020-02-18 13:37:52,NA,2020-02-18 05:37:52
2020-02-18 14:07:51,NA,2020-02-18 06:07:51
2020-02-18 14:37:54,NA,2020-02-18 06:37:54
2020-02-18 15:07:53,NA,2020-02-18 07:07:53
2020-02-18 15:37:54,NA,2020-02-18 07:37:54
2020-02-18 16:07:55,NA,2020-02-18 08:07:55
2020-02-18 16:37:54,NA,2020-02-18 08:37:54
2020-02-18 17:07:54,NA,2020-02-18 09:07:54
2020-02-18 17:37:55,NA,2020-02-18 09:37:55
2020-02-18 18:07:55,NA,2020-02-18 10:07:55
2020-02-18 18:37:50,NA,2020-02-18 10:37:50
2020-02-18 19:07:54,NA,2020-02-18 11:07:54
2020-02-18 19:37:53,NA,2020-02-18 11:37:53
2020-02-18 20:07:57,NA,2020-02-18 12:07:57
2020-02-18 20:37:52,NA,2020-02-18 12:37:52
2020-02-18 21:07:55,NA,2020-02-18 13:07:55
2020-02-18 21:37:56,NA,2020-02-18 13:37:56
2020-02-18 22:07:56,NA,2020-02-18 14:07:56
2020-02-18 22:37:58,NA,2020-02-18 14:37:58
2020-02-18 23:07:52,NA,2020-02-18 15:07:52
2020-02-18 23:37:55,NA,2020-02-18 15:37:55
2020-02-19 00:22:45,NA,2020-02-18 16:22:45
2020-02-19 00:46:12,13.368,2020-02-18 16:46:12
2020-02-19 01:16:12,13.2664,2020-02-18 17:16:12
2020-02-19 01:46:11,13.126,2020-02-18 17:46:11
2020-02-19 02:16:11,13.0772,2020-02-18 18:16:11
2020-02-19 02:46:11,13.0281,2020-02-18 18:46:11
2020-02-19 03:16:12,12.9932,2020-02-18 19:16:12
2020-02-19 03:46:12,12.9198,2020-02-18 19:46:12
2020-02-19 04:16:12,12.9321,2020-02-18 20:16:12
2020-02-19 04:46:11,12.9497,2020-02-18 20:46:11
2020-02-19 05:16:11,12.9846,2020-02-18 21:16:11
2020-02-19 05:46:11,13.0043,2020-02-18 21:46:11
2020-02-19 06:16:12,12.9786,2020-02-18 22:16:12
2020-02-19 06:46:12,13.0235,2020-02-18 22:46:12
2020-02-19 07:16:12,13.0536,2020-02-18 23:16:12
2020-02-19 07:46:11,13.066,2020-02-18 23:46:11
2020-02-19 08:16:11,13.0645,2020-02-19 00:16:11
2020-02-19 08:46:12,13.0252,2020-02-19 00:46:12
2020-02-19 09:16:12,13.014,2020-02-19 01:16:12
2020-02-19 09:46:12,13.0738,2020-02-19 01:46:12
2020-02-19 10:16:12,13.1069,2020-02-19 02:16:12
2020-02-19 10:46:11,12.9698,2020-02-19 02:46:11
2020-02-19 11:16:11,12.9376,2020-02-19 03:16:11
2020-02-19 11:46:11,12.8738,2020-02-19 03:46:11
2020-02-19 12:16:12,12.8186,2020-02-19 04:16:12
2020-02-19 12:46:12,12.8155,2020-02-19 04:46:12
2020-02-19 13:16:11,12.7841,2020-02-19 05:16:11
2020-02-19 13:46:11,12.816,2020-02-19 05:46:11
2020-02-19 14:16:11,12.7972,2020-02-19 06:16:11
2020-02-19 14:46:12,12.8065,2020-02-19 06:46:12
2020-02-19 15:16:12,12.8044,2020-02-19 07:16:12
2020-02-19 15:46:12,12.7777,2020-02-19 07:46:12
2020-02-19 16:16:11,12.7525,2020-02-19 08:16:11
2020-02-19 16:46:11,12.7627,2020-02-19 08:46:11
2020-02-19 17:16:12,12.7899,2020-02-19 09:16:12
2020-02-19 17:46:12,12.7994,2020-02-19 09:46:12
2020-02-19 18:16:11,12.8464,2020-02-19 10:16:11
2020-02-19 18:46:12,12.9113,2020-02-19 10:46:12
2020-02-19 19:16:12,13.0542,2020-02-19 11:16:12
2020-02-19 19:46:12,13.212,2020-02-19 11:46:12
2020-02-19 20:16:11,13.4425,2020-02-19 12:16:11
2020-02-19 20:46:11,13.6436,2020-02-19 12:46:11
2020-02-19 21:16:12,13.8556,2020-02-19 13:16:12
2020-02-19 21:46:12,13.781,2020-02-19 13:46:12
2020-02-19 22:16:11,14.2244,2020-02-19 14:16:11
2020-02-19 22:46:11,14.2297,2020-02-19 14:46:11
2020-02-19 23:16:12,14.2037,2020-02-19 15:16:12
2020-02-19 23:46:12,14.3548,2020-02-19 15:46:12
2020-02-20 00:31:11,14.1329,2020-02-19 16:31:11
2020-02-20 01:01:11,13.8429,2020-02-19 17:01:11
2020-02-20 01:31:12,13.494,2020-02-19 17:31:12
2020-02-20 02:01:12,13.3186,2020-02-19 18:01:12
2020-02-20 02:31:12,13.192,2020-02-19 18:31:12
2020-02-20 03:01:12,13.1716,2020-02-19 19:01:12
2020-02-20 03:31:11,13.1877,2020-02-19 19:31:11
2020-02-20 04:01:12,13.2012,2020-02-19 20:01:12
2020-02-20 04:31:12,13.167,2020-02-19 20:31:12
2020-02-20 05:01:12,13.227,2020-02-19 21:01:12
2020-02-20 05:31:12,13.1503,2020-02-19 21:31:12
2020-02-20 06:01:11,13.1762,2020-02-19 22:01:11
2020-02-20 06:31:11,13.1623,2020-02-19 22:31:11
2020-02-20 07:01:11,13.1636,2020-02-19 23:01:11
2020-02-20 07:31:12,13.1636,2020-02-19 23:31:12
2020-02-20 08:01:12,13.1764,2020-02-20 00:01:12
2020-02-20 08:31:12,13.1633,2020-02-20 00:31:12
2020-02-20 09:01:11,13.1549,2020-02-20 01:01:11
2020-02-20 09:31:11,13.1313,2020-02-20 01:31:11
2020-02-20 10:01:12,13.1234,2020-02-20 02:01:12
2020-02-20 10:31:12,13.1629,2020-02-20 02:31:12
2020-02-20 11:01:12,13.1852,2020-02-20 03:01:12
2020-02-20 11:31:12,13.0685,2020-02-20 03:31:12
2020-02-20 12:01:11,13.0173,2020-02-20 04:01:11
2020-02-20 12:31:11,12.9849,2020-02-20 04:31:11
2020-02-20 13:01:11,13.0152,2020-02-20 05:01:11
2020-02-20 13:31:12,13.0081,2020-02-20 05:31:12
2020-02-20 14:01:12,12.9936,2020-02-20 06:01:12
2020-02-20 14:31:11,12.9581,2020-02-20 06:31:11
2020-02-20 15:01:11,12.9598,2020-02-20 07:01:11
2020-02-20 15:31:12,12.9533,2020-02-20 07:31:12
2020-02-20 16:01:12,12.9498,2020-02-20 08:01:12
2020-02-20 16:31:12,12.9412,2020-02-20 08:31:12
2020-02-20 17:01:11,12.9525,2020-02-20 09:01:11
2020-02-20 17:31:11,12.9624,2020-02-20 09:31:11
2020-02-20 18:01:12,13.0079,2020-02-20 10:01:12
2020-02-20 18:31:12,13.0318,2020-02-20 10:31:12
2020-02-20 19:01:11,13.0724,2020-02-20 11:01:11
2020-02-20 19:31:11,13.1027,2020-02-20 11:31:11
2020-02-20 20:01:12,13.2286,2020-02-20 12:01:12
2020-02-20 20:31:12,13.3937,2020-02-20 12:31:12
2020-02-20 21:01:12,13.5803,2020-02-20 13:01:12
2020-02-20 21:31:11,13.7868,2020-02-20 13:31:11
2020-02-20 22:01:11,13.9209,2020-02-20 14:01:11
2020-02-20 22:31:12,13.8781,2020-02-20 14:31:12
2020-02-20 23:01:12,14.2524,2020-02-20 15:01:12
2020-02-20 23:31:11,14.2458,2020-02-20 15:31:11
2020-02-21 00:16:12,14.4041,2020-02-20 16:16:12
2020-02-21 00:46:12,14.3594,2020-02-20 16:46:12
2020-02-21 01:16:12,14.1212,2020-02-20 17:16:12
2020-02-21 01:46:11,13.8342,2020-02-20 17:46:11
2020-02-21 02:16:11,13.7854,2020-02-20 18:16:11
2020-02-21 02:46:12,13.7523,2020-02-20 18:46:12
2020-02-21 03:16:12,13.615,2020-02-20 19:16:12
2020-02-21 03:46:12,13.4466,2020-02-20 19:46:12
2020-02-21 04:16:12,13.4582,2020-02-20 20:16:12
2020-02-21 04:46:11,13.4406,2020-02-20 20:46:11
2020-02-21 05:16:11,13.4459,2020-02-20 21:16:11
2020-02-21 05:46:11,13.3566,2020-02-20 21:46:11
2020-02-21 06:16:12,13.4141,2020-02-20 22:16:12
2020-02-21 06:46:12,13.4091,2020-02-20 22:46:12
2020-02-21 07:16:12,13.3934,2020-02-20 23:16:12
2020-02-21 07:46:11,13.4298,2020-02-20 23:46:11
2020-02-21 08:16:11,13.4661,2020-02-21 00:16:11
2020-02-21 08:46:11,13.465,2020-02-21 00:46:11
2020-02-21 09:16:12,13.4762,2020-02-21 01:16:12
2020-02-21 09:46:12,13.5202,2020-02-21 01:46:12
2020-02-21 11:16:11,13.5065,2020-02-21 03:16:11
2020-02-21 11:46:12,13.4937,2020-02-21 03:46:12
2020-02-21 12:16:12,13.3571,2020-02-21 04:16:12
2020-02-21 12:46:12,13.3112,2020-02-21 04:46:12
2020-02-21 13:16:11,13.2535,2020-02-21 05:16:11
2020-02-21 13:46:11,13.191,2020-02-21 05:46:11
2020-02-21 14:16:11,13.1579,2020-02-21 06:16:11
2020-02-21 14:46:12,13.1312,2020-02-21 06:46:12
2020-02-21 15:16:12,13.1095,2020-02-21 07:16:12
2020-02-21 15:46:12,13.1085,2020-02-21 07:46:12
2020-02-21 16:16:12,13.1236,2020-02-21 08:16:12
2020-02-21 16:46:12,13.1304,2020-02-21 08:46:12
2020-02-21 17:16:12,13.1168,2020-02-21 09:16:12
2020-02-21 17:46:11,13.1412,2020-02-21 09:46:11
2020-02-21 18:16:11,13.1849,2020-02-21 10:16:11
2020-02-21 18:46:12,13.2475,2020-02-21 10:46:12
2020-02-21 19:16:12,13.2847,2020-02-21 11:16:12
2020-02-21 19:46:11,13.3544,2020-02-21 11:46:11
2020-02-21 20:16:12,13.4458,2020-02-21 12:16:12
2020-02-21 20:46:12,13.5237,2020-02-21 12:46:12
2020-02-21 21:16:12,13.6463,2020-02-21 13:16:12
2020-02-21 21:46:12,13.7991,2020-02-21 13:46:12
2020-02-21 22:16:11,13.9875,2020-02-21 14:16:11
2020-02-21 22:46:11,14.1176,2020-02-21 14:46:11
2020-02-21 23:16:12,14.0715,2020-02-21 15:16:12
2020-02-21 23:46:12,14.2495,2020-02-21 15:46:12
2020-02-22 00:31:11,14.2482,2020-02-21 16:31:11
2020-02-22 01:01:11,14.2189,2020-02-21 17:01:11
2020-02-22 01:31:12,14.1758,2020-02-21 17:31:12
2020-02-22 02:01:12,13.9768,2020-02-21 18:01:12
2020-02-22 02:31:11,13.7053,2020-02-21 18:31:11
2020-02-22 03:01:12,13.6524,2020-02-21 19:01:12
2020-02-22 03:31:12,13.5052,2020-02-21 19:31:12
2020-02-22 04:01:12,13.4966,2020-02-21 20:01:12
2020-02-22 04:31:11,13.4207,2020-02-21 20:31:11
2020-02-22 05:01:12,13.4207,2020-02-21 21:01:12
2020-02-22 05:31:11,13.4341,2020-02-21 21:31:11
2020-02-22 06:01:11,13.486,2020-02-21 22:01:11
2020-02-22 06:31:11,13.4501,2020-02-21 22:31:11
2020-02-22 07:01:12,13.4492,2020-02-21 23:01:12
2020-02-22 07:31:12,13.4322,2020-02-21 23:31:12
2020-02-22 08:01:11,13.4266,2020-02-22 00:01:11
2020-02-22 08:31:12,13.4447,2020-02-22 00:31:12
2020-02-22 09:01:11,13.4542,2020-02-22 01:01:11
2020-02-22 09:31:12,13.4612,2020-02-22 01:31:12
2020-02-22 10:01:12,13.4828,2020-02-22 02:01:12
2020-02-22 10:31:11,13.4835,2020-02-22 02:31:11
2020-02-22 11:01:12,13.4345,2020-02-22 03:01:12
2020-02-22 11:31:12,13.4627,2020-02-22 03:31:12
2020-02-22 12:01:12,13.4987,2020-02-22 04:01:12
2020-02-22 12:31:12,13.473,2020-02-22 04:31:12
2020-02-22 13:01:12,13.4598,2020-02-22 05:01:12
2020-02-22 13:31:12,13.5331,2020-02-22 05:31:12
2020-02-22 14:01:11,13.5536,2020-02-22 06:01:11
2020-02-22 14:31:11,13.5243,2020-02-22 06:31:11
2020-02-22 15:01:12,13.524,2020-02-22 07:01:12
2020-02-22 15:31:12,13.5426,2020-02-22 07:31:12
2020-02-22 16:01:12,13.526,2020-02-22 08:01:12
2020-02-22 16:31:11,13.5529,2020-02-22 08:31:11
2020-02-22 17:01:12,13.5683,2020-02-22 09:01:12
2020-02-22 17:31:11,13.5812,2020-02-22 09:31:11
2020-02-22 18:01:12,13.5735,2020-02-22 10:01:12
2020-02-22 18:31:11,13.6138,2020-02-22 10:31:11
2020-02-22 19:01:12,13.6506,2020-02-22 11:01:12
2020-02-22 19:31:12,13.7051,2020-02-22 11:31:12
2020-02-22 20:01:11,13.7298,2020-02-22 12:01:11
2020-02-22 20:31:12,13.8061,2020-02-22 12:31:12
2020-02-22 21:01:11,13.9313,2020-02-22 13:01:11
2020-02-22 21:31:12,14.0836,2020-02-22 13:31:12
2020-02-22 22:01:12,14.2373,2020-02-22 14:01:12
2020-02-22 22:31:11,14.3941,2020-02-22 14:31:11
2020-02-22 23:01:12,14.5716,2020-02-22 15:01:12
2020-02-22 23:31:11,14.6869,2020-02-22 15:31:11
2020-02-23 00:16:12,14.8463,2020-02-22 16:16:12
2020-02-23 00:46:11,14.8136,2020-02-22 16:46:11
2020-02-23 01:16:12,14.8327,2020-02-22 17:16:12
2020-02-23 01:46:11,14.7363,2020-02-22 17:46:11
2020-02-23 02:16:11,14.6725,2020-02-22 18:16:11
2020-02-23 02:46:12,14.3296,2020-02-22 18:46:12
2020-02-23 03:16:11,14.0474,2020-02-22 19:16:11
2020-02-23 03:46:11,13.8094,2020-02-22 19:46:11
2020-02-23 04:16:12,13.832,2020-02-22 20:16:12
2020-02-23 04:46:12,13.7936,2020-02-22 20:46:12
2020-02-23 05:16:12,13.769,2020-02-22 21:16:12
2020-02-23 05:46:11,13.7473,2020-02-22 21:46:11
2020-02-23 06:16:12,13.6747,2020-02-22 22:16:12
2020-02-23 06:46:11,13.6547,2020-02-22 22:46:11
2020-02-23 07:16:11,13.7355,2020-02-22 23:16:11
2020-02-23 07:46:12,13.6749,2020-02-22 23:46:12
2020-02-23 08:16:12,13.6867,2020-02-23 00:16:12
2020-02-23 08:46:11,13.7178,2020-02-23 00:46:11
2020-02-23 09:16:11,13.7063,2020-02-23 01:16:11
2020-02-23 09:46:12,13.7328,2020-02-23 01:46:12
2020-02-23 10:16:12,13.7452,2020-02-23 02:16:12
2020-02-23 10:46:12,13.7524,2020-02-23 02:46:12
2020-02-23 11:16:12,13.7679,2020-02-23 03:16:12
2020-02-23 11:46:12,13.8837,2020-02-23 03:46:12
2020-02-23 12:16:12,13.7855,2020-02-23 04:16:12
2020-02-23 12:46:11,13.8163,2020-02-23 04:46:11
2020-02-23 13:16:12,13.7825,2020-02-23 05:16:12
2020-02-23 13:46:12,13.6609,2020-02-23 05:46:12
2020-02-23 14:16:12,13.6949,2020-02-23 06:16:12
2020-02-23 14:46:11,13.6468,2020-02-23 06:46:11
2020-02-23 15:16:11,13.6211,2020-02-23 07:16:11
2020-02-23 15:46:11,13.5489,2020-02-23 07:46:11
2020-02-23 16:16:12,13.5495,2020-02-23 08:16:12
2020-02-23 16:46:11,13.5521,2020-02-23 08:46:11
2020-02-23 17:16:12,13.5302,2020-02-23 09:16:12
2020-02-23 17:46:11,13.568,2020-02-23 09:46:11
2020-02-23 18:16:11,13.5719,2020-02-23 10:16:11
2020-02-23 18:46:12,13.6368,2020-02-23 10:46:12
2020-02-23 19:16:12,13.6756,2020-02-23 11:16:12
2020-02-23 19:46:11,13.7774,2020-02-23 11:46:11
2020-02-23 20:16:11,13.8746,2020-02-23 12:16:11
2020-02-23 20:46:12,13.993,2020-02-23 12:46:12
2020-02-23 21:16:11,14.1555,2020-02-23 13:16:11
2020-02-23 21:46:12,14.4119,2020-02-23 13:46:12
2020-02-23 22:16:12,14.6063,2020-02-23 14:16:12
2020-02-23 22:46:11,14.7866,2020-02-23 14:46:11
2020-02-23 23:16:12,14.9656,2020-02-23 15:16:12
2020-02-23 23:46:11,15.0297,2020-02-23 15:46:11
2020-02-24 01:31:12,15.1705,2020-02-23 17:31:12
2020-02-24 02:01:12,15.0704,2020-02-23 18:01:12
2020-02-24 02:31:11,15.0363,2020-02-23 18:31:11
2020-02-24 03:01:11,14.7939,2020-02-23 19:01:11
2020-02-24 03:31:12,14.5255,2020-02-23 19:31:12
2020-02-24 04:01:12,14.0837,2020-02-23 20:01:12
2020-02-24 04:31:11,14.0069,2020-02-23 20:31:11
2020-02-24 05:01:12,13.9449,2020-02-23 21:01:12
2020-02-24 05:31:11,13.8665,2020-02-23 21:31:11
2020-02-24 06:01:12,13.8482,2020-02-23 22:01:12
2020-02-24 06:31:12,13.7935,2020-02-23 22:31:12
2020-02-24 07:01:12,13.7883,2020-02-23 23:01:12
2020-02-24 07:31:11,13.7775,2020-02-23 23:31:11
2020-02-24 08:01:11,13.8652,2020-02-24 00:01:11
2020-02-24 08:31:11,13.7948,2020-02-24 00:31:11
2020-02-24 09:01:12,13.8481,2020-02-24 01:01:12
2020-02-24 09:31:12,13.8721,2020-02-24 01:31:12
2020-02-24 10:01:12,13.8696,2020-02-24 02:01:12
2020-02-24 10:31:11,13.8946,2020-02-24 02:31:11
2020-02-24 11:01:12,13.9372,2020-02-24 03:01:12
2020-02-24 11:31:11,14.0122,2020-02-24 03:31:11
2020-02-24 12:01:12,13.9938,2020-02-24 04:01:12
2020-02-24 12:31:12,13.7987,2020-02-24 04:31:12
2020-02-24 13:01:12,14.0121,2020-02-24 05:01:12
2020-02-24 13:31:11,13.9974,2020-02-24 05:31:11
2020-02-24 14:01:12,13.8187,2020-02-24 06:01:12
2020-02-24 14:31:11,13.6901,2020-02-24 06:31:11
2020-02-24 15:01:12,13.4371,2020-02-24 07:01:12
2020-02-24 15:31:12,13.3657,2020-02-24 07:31:12
2020-02-24 16:01:12,13.2978,2020-02-24 08:01:12
2020-02-24 16:31:12,13.2908,2020-02-24 08:31:12
2020-02-24 17:01:12,13.252,2020-02-24 09:01:12
2020-02-24 17:31:11,13.2944,2020-02-24 09:31:11
2020-02-24 18:01:11,13.3465,2020-02-24 10:01:11
2020-02-24 18:31:12,13.3104,2020-02-24 10:31:12
2020-02-24 19:01:12,13.3929,2020-02-24 11:01:12
2020-02-24 19:31:12,13.3767,2020-02-24 11:31:12
2020-02-24 20:01:11,13.4429,2020-02-24 12:01:11
2020-02-24 20:31:12,13.5199,2020-02-24 12:31:12
2020-02-24 21:01:11,13.5966,2020-02-24 13:01:11
2020-02-24 21:31:12,13.8191,2020-02-24 13:31:12
2020-02-24 22:01:11,14.1126,2020-02-24 14:01:11
2020-02-24 22:31:12,14.4532,2020-02-24 14:31:12
2020-02-24 23:01:11,14.7606,2020-02-24 15:01:11
2020-02-24 23:31:12,15.0151,2020-02-24 15:31:12
2020-02-25 00:16:12,15.3056,2020-02-24 16:16:12
2020-02-25 00:46:12,15.1704,2020-02-24 16:46:12
2020-02-25 01:16:12,15.4905,2020-02-24 17:16:12
2020-02-25 01:46:11,15.4291,2020-02-24 17:46:11
2020-02-25 02:16:12,15.3812,2020-02-24 18:16:12
2020-02-25 02:46:11,15.3535,2020-02-24 18:46:11
2020-02-25 03:16:12,14.9942,2020-02-24 19:16:12
2020-02-25 03:46:11,14.1721,2020-02-24 19:46:11
2020-02-25 04:16:11,14.008,2020-02-24 20:16:11
2020-02-25 04:46:12,13.7391,2020-02-24 20:46:12
2020-02-25 05:16:12,13.6725,2020-02-24 21:16:12
2020-02-25 05:46:11,13.6026,2020-02-24 21:46:11
2020-02-25 06:16:12,13.4112,2020-02-24 22:16:12
2020-02-25 06:46:11,13.3513,2020-02-24 22:46:11
2020-02-25 07:16:11,13.3459,2020-02-24 23:16:11
2020-02-25 07:46:12,13.3514,2020-02-24 23:46:12
2020-02-25 09:15:25,13.4329,2020-02-25 01:15:25
2020-02-25 09:46:12,13.4703,2020-02-25 01:46:12
2020-02-25 10:16:12,13.5031,2020-02-25 02:16:12
2020-02-25 10:46:12,13.5533,2020-02-25 02:46:12
2020-02-25 11:16:11,13.6317,2020-02-25 03:16:11
2020-02-25 11:46:11,13.8009,2020-02-25 03:46:11
2020-02-25 12:16:12,13.8779,2020-02-25 04:16:12
2020-02-25 12:46:11,13.9765,2020-02-25 04:46:11
2020-02-25 13:16:12,13.6874,2020-02-25 05:16:12
2020-02-25 13:46:12,13.9571,2020-02-25 05:46:12
2020-02-25 14:16:11,13.8431,2020-02-25 06:16:11
2020-02-25 14:46:11,13.5476,2020-02-25 06:46:11
2020-02-25 15:16:12,13.3443,2020-02-25 07:16:12
2020-02-25 15:46:12,13.2063,2020-02-25 07:46:12
2020-02-25 16:16:12,13.1578,2020-02-25 08:16:12
2020-02-25 16:46:12,13.202,2020-02-25 08:46:12
2020-02-25 17:16:11,13.2498,2020-02-25 09:16:11
2020-02-25 17:46:11,13.2356,2020-02-25 09:46:11
2020-02-25 18:16:12,13.2127,2020-02-25 10:16:12
2020-02-25 18:46:12,13.1691,2020-02-25 10:46:12
2020-02-25 19:16:12,13.0996,2020-02-25 11:16:12
2020-02-25 19:46:12,13.3644,2020-02-25 11:46:12
2020-02-25 20:16:11,13.3016,2020-02-25 12:16:11
2020-02-25 20:46:12,13.4625,2020-02-25 12:46:12
2020-02-25 21:16:12,13.5708,2020-02-25 13:16:12
2020-02-25 21:46:11,13.6388,2020-02-25 13:46:11
2020-02-25 22:16:12,13.8743,2020-02-25 14:16:12
2020-02-25 22:46:11,14.3265,2020-02-25 14:46:11
2020-02-25 23:16:11,14.6948,2020-02-25 15:16:11
2020-02-25 23:46:11,15.0176,2020-02-25 15:46:11
2020-02-26 00:31:12,15.4447,2020-02-25 16:31:12
2020-02-26 01:01:11,15.7602,2020-02-25 17:01:11
2020-02-26 01:31:12,15.9539,2020-02-25 17:31:12
2020-02-26 02:01:11,15.8052,2020-02-25 18:01:11
2020-02-26 02:31:12,15.7456,2020-02-25 18:31:12
2020-02-26 03:01:12,15.6548,2020-02-25 19:01:12
2020-02-26 03:31:12,15.0866,2020-02-25 19:31:12
2020-02-26 04:01:12,14.8093,2020-02-25 20:01:12
2020-02-26 04:31:11,14.0648,2020-02-25 20:31:11
2020-02-26 05:01:12,13.6924,2020-02-25 21:01:12
2020-02-26 05:31:11,13.6948,2020-02-25 21:31:11
2020-02-26 06:01:11,13.4488,2020-02-25 22:01:11
2020-02-26 06:31:12,13.44,2020-02-25 22:31:12
2020-02-26 07:01:11,13.3685,2020-02-25 23:01:11
2020-02-26 07:31:11,13.3164,2020-02-25 23:31:11
2020-02-26 08:01:11,13.2809,2020-02-26 00:01:11
2020-02-26 08:31:12,13.4231,2020-02-26 00:31:12
2020-02-26 09:01:11,13.3527,2020-02-26 01:01:11
2020-02-26 09:31:11,13.3331,2020-02-26 01:31:11
2020-02-26 10:01:12,13.3981,2020-02-26 02:01:12
2020-02-26 10:31:12,13.4779,2020-02-26 02:31:12
2020-02-26 11:01:12,13.4975,2020-02-26 03:01:12
2020-02-26 11:31:11,13.5907,2020-02-26 03:31:11
2020-02-26 12:01:12,13.6205,2020-02-26 04:01:12
2020-02-26 12:31:11,13.8214,2020-02-26 04:31:11
2020-02-26 13:01:11,13.9876,2020-02-26 05:01:11
2020-02-26 13:31:11,14.0327,2020-02-26 05:31:11
2020-02-26 14:01:12,13.8166,2020-02-26 06:01:12
2020-02-26 14:31:11,14.0147,2020-02-26 06:31:11
2020-02-26 15:01:12,13.8844,2020-02-26 07:01:12
2020-02-26 15:31:12,13.5883,2020-02-26 07:31:12
2020-02-26 16:01:12,13.3526,2020-02-26 08:01:12
2020-02-26 16:31:11,13.2383,2020-02-26 08:31:11
2020-02-26 17:01:12,13.1706,2020-02-26 09:01:12
2020-02-26 17:31:11,13.1612,2020-02-26 09:31:11
2020-02-26 18:01:12,13.1581,2020-02-26 10:01:12
2020-02-26 18:31:11,13.2193,2020-02-26 10:31:11
2020-02-26 19:01:11,13.274,2020-02-26 11:01:11
2020-02-26 19:31:11,13.339,2020-02-26 11:31:11
2020-02-26 20:01:12,13.369,2020-02-26 12:01:12
2020-02-26 20:31:12,13.4386,2020-02-26 12:31:12
2020-02-26 21:01:12,13.4432,2020-02-26 13:01:12
2020-02-26 21:31:12,13.6154,2020-02-26 13:31:12
2020-02-26 22:01:12,13.8049,2020-02-26 14:01:12
2020-02-26 22:31:11,14.1249,2020-02-26 14:31:11
2020-02-26 23:01:11,14.3772,2020-02-26 15:01:11
2020-02-26 23:31:11,14.6159,2020-02-26 15:31:11
2020-02-27 00:16:12,15.1118,2020-02-26 16:16:12
2020-02-27 00:46:12,15.3165,2020-02-26 16:46:12
2020-02-27 01:16:11,15.5494,2020-02-26 17:16:11
2020-02-27 01:46:12,15.8127,2020-02-26 17:46:12
2020-02-27 02:16:11,15.5212,2020-02-26 18:16:11
2020-02-27 02:46:11,15.6313,2020-02-26 18:46:11
2020-02-27 03:16:11,15.5682,2020-02-26 19:16:11
2020-02-27 03:46:11,14.9491,2020-02-26 19:46:11
2020-02-27 04:16:12,14.3671,2020-02-26 20:16:12
2020-02-27 04:46:12,14.2358,2020-02-26 20:46:12
2020-02-27 05:16:12,13.9906,2020-02-26 21:16:12
2020-02-27 05:46:11,13.7037,2020-02-26 21:46:11
2020-02-27 06:16:11,13.5388,2020-02-26 22:16:11
2020-02-27 06:46:11,13.5315,2020-02-26 22:46:11
2020-02-27 07:16:12,13.4899,2020-02-26 23:16:12
2020-02-27 07:46:11,13.5863,2020-02-26 23:46:11
2020-02-27 08:16:11,13.5543,2020-02-27 00:16:11
2020-02-27 08:46:11,13.5054,2020-02-27 00:46:11
2020-02-27 09:16:11,13.5435,2020-02-27 01:16:11
2020-02-27 09:46:12,13.5209,2020-02-27 01:46:12
2020-02-27 10:16:11,13.524,2020-02-27 02:16:11
2020-02-27 10:46:12,13.5478,2020-02-27 02:46:12
2020-02-27 11:16:12,13.5644,2020-02-27 03:16:12
2020-02-27 11:46:12,13.6349,2020-02-27 03:46:12
2020-02-27 12:16:11,13.7527,2020-02-27 04:16:11
2020-02-27 12:46:12,13.8268,2020-02-27 04:46:12
2020-02-27 13:16:11,13.997,2020-02-27 05:16:11
2020-02-27 13:46:11,14.2353,2020-02-27 05:46:11
2020-02-27 14:16:11,14.2933,2020-02-27 06:16:11
2020-02-27 14:46:12,14.0209,2020-02-27 06:46:12
2020-02-27 15:16:12,14.174,2020-02-27 07:16:12
2020-02-27 15:46:12,14.1226,2020-02-27 07:46:12
2020-02-27 16:16:12,13.8061,2020-02-27 08:16:12
2020-02-27 16:46:11,13.6376,2020-02-27 08:46:11
2020-02-27 17:16:12,13.5368,2020-02-27 09:16:12
2020-02-27 17:46:11,13.5191,2020-02-27 09:46:11
2020-02-27 18:16:12,13.5212,2020-02-27 10:16:12
2020-02-27 18:46:12,13.4852,2020-02-27 10:46:12
2020-02-27 19:16:12,13.4426,2020-02-27 11:16:12
2020-02-27 19:46:11,13.4876,2020-02-27 11:46:11
2020-02-27 20:16:12,13.472,2020-02-27 12:16:12
2020-02-27 20:46:12,13.6312,2020-02-27 12:46:12
2020-02-27 21:16:11,13.6631,2020-02-27 13:16:11
2020-02-27 21:46:12,13.6752,2020-02-27 13:46:12
2020-02-27 22:16:11,13.7345,2020-02-27 14:16:11
2020-02-27 22:46:11,13.9635,2020-02-27 14:46:11
2020-02-27 23:16:11,14.4084,2020-02-27 15:16:11
2020-02-27 23:46:11,14.5106,2020-02-27 15:46:11
2020-02-28 01:31:12,15.455,2020-02-27 17:31:12
2020-02-28 02:01:11,15.5259,2020-02-27 18:01:11
2020-02-28 02:31:11,15.6176,2020-02-27 18:31:11
2020-02-28 03:01:12,15.464,2020-02-27 19:01:12
2020-02-28 03:31:12,15.4388,2020-02-27 19:31:12
2020-02-28 04:01:11,15.1069,2020-02-27 20:01:11
2020-02-28 04:31:12,14.4255,2020-02-27 20:31:12
2020-02-28 05:01:11,14.1939,2020-02-27 21:01:11
2020-02-28 05:31:11,13.9725,2020-02-27 21:31:11
2020-02-28 06:01:11,13.8478,2020-02-27 22:01:11
2020-02-28 06:31:12,13.7578,2020-02-27 22:31:12
2020-02-28 07:01:11,13.6917,2020-02-27 23:01:11
2020-02-28 07:31:12,13.7154,2020-02-27 23:31:12
2020-02-28 08:01:11,13.6803,2020-02-28 00:01:11
2020-02-28 08:31:11,13.6696,2020-02-28 00:31:11
2020-02-28 09:01:12,13.677,2020-02-28 01:01:12
2020-02-28 09:31:12,13.7295,2020-02-28 01:31:12
2020-02-28 10:01:11,13.708,2020-02-28 02:01:11
2020-02-28 10:31:11,13.6788,2020-02-28 02:31:11
2020-02-28 11:01:12,13.7124,2020-02-28 03:01:12
2020-02-28 11:31:11,13.7271,2020-02-28 03:31:11
2020-02-28 12:01:12,13.7356,2020-02-28 04:01:12
2020-02-28 12:31:11,13.8693,2020-02-28 04:31:11
2020-02-28 13:01:11,13.9106,2020-02-28 05:01:11
2020-02-28 13:31:11,14.0267,2020-02-28 05:31:11
2020-02-28 14:01:12,14.3117,2020-02-28 06:01:12
2020-02-28 14:31:12,14.5125,2020-02-28 06:31:12
2020-02-28 15:01:12,14.4831,2020-02-28 07:01:12
2020-02-28 15:31:11,14.2693,2020-02-28 07:31:11
2020-02-28 16:01:11,14.4159,2020-02-28 08:01:11
2020-02-28 16:31:11,14.4012,2020-02-28 08:31:11
2020-02-28 17:01:12,14.3053,2020-02-28 09:01:12
2020-02-28 17:31:11,13.9651,2020-02-28 09:31:11
2020-02-28 18:01:11,13.8688,2020-02-28 10:01:11
2020-02-28 18:31:12,13.8783,2020-02-28 10:31:12
2020-02-28 19:01:11,13.8875,2020-02-28 11:01:11
2020-02-28 19:31:11,13.9235,2020-02-28 11:31:11
2020-02-28 20:01:11,13.8979,2020-02-28 12:01:11
2020-02-28 20:31:12,13.9112,2020-02-28 12:31:12
2020-02-28 21:01:11,13.9602,2020-02-28 13:01:11
2020-02-28 21:31:12,14.1363,2020-02-28 13:31:12
2020-02-28 22:01:11,14.088,2020-02-28 14:01:11
2020-02-28 22:31:11,14.1885,2020-02-28 14:31:11
2020-02-28 23:01:11,14.1828,2020-02-28 15:01:11
2020-02-28 23:31:12,14.2543,2020-02-28 15:31:12
2020-02-29 00:16:11,14.4629,2020-02-28 16:16:11
2020-02-29 00:46:12,14.8302,2020-02-28 16:46:12
2020-02-29 01:16:12,15.0075,2020-02-28 17:16:12
2020-02-29 01:46:11,15.149,2020-02-28 17:46:11
2020-02-29 02:16:12,15.3509,2020-02-28 18:16:12
2020-02-29 02:46:12,15.4689,2020-02-28 18:46:12
2020-02-29 03:16:11,15.5022,2020-02-28 19:16:11
2020-02-29 03:46:11,15.3277,2020-02-28 19:46:11
2020-02-29 04:16:11,15.2712,2020-02-28 20:16:11
2020-02-29 04:46:12,14.8747,2020-02-28 20:46:12
2020-02-29 05:16:12,14.4176,2020-02-28 21:16:12
2020-02-29 05:46:12,14.4213,2020-02-28 21:46:12
2020-02-29 06:16:11,14.2206,2020-02-28 22:16:11
2020-02-29 06:46:11,14.1021,2020-02-28 22:46:11
2020-02-29 07:16:12,14.0717,2020-02-28 23:16:12
2020-02-29 07:46:12,14.0896,2020-02-28 23:46:12
2020-02-29 08:16:11,13.9642,2020-02-29 00:16:11
2020-02-29 08:46:11,13.909,2020-02-29 00:46:11
2020-02-29 09:16:12,13.9562,2020-02-29 01:16:12
2020-02-29 09:46:12,13.9233,2020-02-29 01:46:12
2020-02-29 10:16:11,14.0443,2020-02-29 02:16:11
2020-02-29 10:46:11,13.985,2020-02-29 02:46:11
2020-02-29 11:16:11,13.9964,2020-02-29 03:16:11
2020-02-29 11:46:12,14.0494,2020-02-29 03:46:12
2020-02-29 12:16:12,14.0826,2020-02-29 04:16:12
2020-02-29 12:46:11,14.1734,2020-02-29 04:46:11
2020-02-29 13:16:11,14.3256,2020-02-29 05:16:11
2020-02-29 13:46:11,14.4622,2020-02-29 05:46:11
2020-02-29 14:16:12,14.6928,2020-02-29 06:16:12
2020-02-29 14:46:11,14.9204,2020-02-29 06:46:11
2020-02-29 15:16:11,15.0603,2020-02-29 07:16:11
2020-02-29 15:46:12,15.1196,2020-02-29 07:46:12
2020-02-29 16:16:12,15.1918,2020-02-29 08:16:12
2020-02-29 16:46:11,15.1228,2020-02-29 08:46:11
2020-02-29 17:16:12,15.0613,2020-02-29 09:16:12
2020-02-29 17:46:12,15.0965,2020-02-29 09:46:12
2020-02-29 18:16:12,14.7533,2020-02-29 10:16:12
2020-02-29 18:46:11,14.6256,2020-02-29 10:46:11
2020-02-29 19:16:12,14.3685,2020-02-29 11:16:12
2020-02-29 19:46:12,14.2719,2020-02-29 11:46:12
2020-02-29 20:16:11,14.291,2020-02-29 12:16:11
2020-02-29 20:46:11,14.2006,2020-02-29 12:46:11
2020-02-29 21:16:12,14.2789,2020-02-29 13:16:12
2020-02-29 21:46:11,14.3782,2020-02-29 13:46:11
2020-02-29 22:16:12,14.4805,2020-02-29 14:16:12
2020-02-29 22:46:11,14.4822,2020-02-29 14:46:11
2020-02-29 23:16:12,14.4884,2020-02-29 15:16:12
2020-02-29 23:46:11,14.4263,2020-02-29 15:46:11
2020-03-01 00:31:12,14.4138,2020-02-29 16:31:12
2020-03-01 01:01:12,14.4998,2020-02-29 17:01:12
2020-03-01 01:31:11,14.5777,2020-02-29 17:31:11
2020-03-01 02:01:11,14.7151,2020-02-29 18:01:11
2020-03-01 02:31:11,14.8995,2020-02-29 18:31:11
2020-03-01 03:01:12,14.9882,2020-02-29 19:01:12
2020-03-01 03:31:12,15.0728,2020-02-29 19:31:12
2020-03-01 04:01:11,15.0378,2020-02-29 20:01:11
2020-03-01 04:31:12,14.8025,2020-02-29 20:31:12
2020-03-01 05:01:11,14.6921,2020-02-29 21:01:11
2020-03-01 05:31:12,14.5397,2020-02-29 21:31:12
2020-03-01 06:01:11,14.3218,2020-02-29 22:01:11
2020-03-01 06:31:12,14.1538,2020-02-29 22:31:12
