Plot Title: MaunaluaBay_SiteN,,,,,,,,,
#,"Date Time, GMT-10:00","Temp, ¡C (LGR S/N: 10568564, SEN S/N: 10568564)","Intensity, Lux (LGR S/N: 10568564, SEN S/N: 10568564)",Coupler Attached (LGR S/N: 10568564),Coupler Detached (LGR S/N: 10568564),Stopped (LGR S/N: 10568564),End Of File (LGR S/N: 10568564),,
1,4/15/15 11:00,24.931,2583.4,,,,,,
2,4/15/15 11:30,25.028,4133.4,,,,,,
3,4/15/15 12:00,25.222,4133.4,,,,,,
4,4/15/15 12:30,25.319,5166.7,,,,,,
5,4/15/15 13:00,25.416,3788.9,,,,,,
6,4/15/15 13:30,25.61,14466.8,,,,,,
7,4/15/15 14:00,25.805,17222.3,,,,,,
8,4/15/15 14:30,26,16533.4,,,,,,
9,4/15/15 15:00,25.902,18600.1,,,,,,
10,4/15/15 15:30,26,19289,,,,,,
11,4/15/15 16:00,25.902,18600.1,,,,,,
12,4/15/15 16:30,25.902,13089,,,,,,
13,4/15/15 17:00,25.902,11022.3,,,,,,
14,4/15/15 17:30,25.708,6200,,,,,,
15,4/15/15 18:00,25.61,2411.1,,,,,,
16,4/15/15 18:30,25.513,527.4,,,,,,
17,4/15/15 19:00,25.513,0,,,,,,
18,4/15/15 19:30,25.416,0,,,,,,
19,4/15/15 20:00,25.222,0,,,,,,
20,4/15/15 20:30,25.125,0,,,,,,
21,4/15/15 21:00,25.028,0,,,,,,
22,4/15/15 21:30,24.931,0,,,,,,
23,4/15/15 22:00,24.835,0,,,,,,
24,4/15/15 22:30,24.835,0,,,,,,
25,4/15/15 23:00,25.222,0,,,,,,
26,4/15/15 23:30,25.125,0,,,,,,
27,4/16/15 0:00,24.931,0,,,,,,
28,4/16/15 0:30,25.028,0,,,,,,
29,4/16/15 1:00,25.125,0,,,,,,
30,4/16/15 1:30,25.028,0,,,,,,
31,4/16/15 2:00,25.028,0,,,,,,
32,4/16/15 2:30,24.931,0,,,,,,
33,4/16/15 3:00,24.931,0,,,,,,
34,4/16/15 3:30,24.931,0,,,,,,
35,4/16/15 4:00,24.931,0,,,,,,
36,4/16/15 4:30,24.931,0,,,,,,
37,4/16/15 5:00,24.835,0,,,,,,
38,4/16/15 5:30,24.835,0,,,,,,
39,4/16/15 6:00,24.641,0,,,,,,
40,4/16/15 6:30,24.641,279.9,,,,,,
41,4/16/15 7:00,24.545,828.8,,,,,,
42,4/16/15 7:30,24.641,871.9,,,,,,
43,4/16/15 8:00,24.641,1980.6,,,,,,
44,4/16/15 8:30,24.738,2497.2,,,,,,
45,4/16/15 9:00,24.738,3100,,,,,,
46,4/16/15 9:30,24.835,4822.3,,,,,,
47,4/16/15 10:00,24.835,2411.1,,,,,,
48,4/16/15 10:30,24.931,5511.1,,,,,,
49,4/16/15 11:00,25.125,2152.8,,,,,,
50,4/16/15 11:30,25.222,6200,,,,,,
51,4/16/15 12:00,25.319,6544.5,,,,,,
52,4/16/15 12:30,25.416,9644.5,,,,,,
53,4/16/15 13:00,25.513,11022.3,,,,,,
54,4/16/15 13:30,25.708,13089,,,,,,
55,4/16/15 14:00,25.902,18600.1,,,,,,
56,4/16/15 14:30,26,17911.2,,,,,,
57,4/16/15 15:00,26.097,24800.2,,,,,,
58,4/16/15 15:30,26.097,20666.8,,,,,,
59,4/16/15 16:00,25.708,1894.5,,,,,,
60,4/16/15 16:30,25.708,1636.1,,,,,,
61,4/16/15 17:00,25.805,5511.1,,,,,,
62,4/16/15 17:30,25.805,4133.4,,,,,,
63,4/16/15 18:00,25.61,1722.2,,,,,,
64,4/16/15 18:30,25.513,645.8,,,,,,
65,4/16/15 19:00,25.416,0,,,,,,
66,4/16/15 19:30,25.319,0,,,,,,
67,4/16/15 20:00,25.319,0,,,,,,
68,4/16/15 20:30,25.319,0,,,,,,
69,4/16/15 21:00,25.222,0,,,,,,
70,4/16/15 21:30,25.222,0,,,,,,
71,4/16/15 22:00,25.125,0,,,,,,
72,4/16/15 22:30,25.125,0,,,,,,
73,4/16/15 23:00,25.028,0,,,,,,
74,4/16/15 23:30,25.319,0,,,,,,
75,4/17/15 0:00,25.125,0,,,,,,
76,4/17/15 0:30,25.125,0,,,,,,
77,4/17/15 1:00,25.222,0,,,,,,
78,4/17/15 1:30,25.125,0,,,,,,
79,4/17/15 2:00,25.125,0,,,,,,
80,4/17/15 2:30,24.835,0,,,,,,
81,4/17/15 3:00,25.125,0,,,,,,
82,4/17/15 3:30,25.125,0,,,,,,
83,4/17/15 4:00,25.028,0,,,,,,
84,4/17/15 4:30,25.028,0,,,,,,
85,4/17/15 5:00,25.028,0,,,,,,
86,4/17/15 5:30,25.028,0,,,,,,
87,4/17/15 6:00,24.835,0,,,,,,
88,4/17/15 6:30,24.835,333.7,,,,,,
89,4/17/15 7:00,24.835,742.7,,,,,,
90,4/17/15 7:30,24.835,968.8,,,,,,
91,4/17/15 8:00,24.835,1550,,,,,,
92,4/17/15 8:30,24.931,2669.5,,,,,,
93,4/17/15 9:00,24.931,2583.4,,,,,,
94,4/17/15 9:30,25.028,3788.9,,,,,,
95,4/17/15 10:00,25.125,2755.6,,,,,,
96,4/17/15 10:30,25.125,2755.6,,,,,,
97,4/17/15 11:00,25.319,2152.8,,,,,,
98,4/17/15 11:30,25.416,7233.4,,,,,,
99,4/17/15 12:00,25.416,3272.2,,,,,,
100,4/17/15 12:30,25.513,2583.4,,,,,,
101,4/17/15 13:00,25.513,4305.6,,,,,,
102,4/17/15 13:30,25.805,13777.9,,,,,,
103,4/17/15 14:00,25.902,18600.1,,,,,,
104,4/17/15 14:30,26,12400.1,,,,,,
105,4/17/15 15:00,26.097,20666.8,,,,,,
106,4/17/15 15:30,26.195,16533.4,,,,,,
107,4/17/15 16:00,26.195,12400.1,,,,,,
108,4/17/15 16:30,26,11711.2,,,,,,
109,4/17/15 17:00,25.902,6200,,,,,,
110,4/17/15 17:30,25.805,4305.6,,,,,,
111,4/17/15 18:00,25.708,2066.7,,,,,,
112,4/17/15 18:30,25.61,462.9,,,,,,
113,4/17/15 19:00,25.513,0,,,,,,
114,4/17/15 19:30,25.513,0,,,,,,
115,4/17/15 20:00,25.416,0,,,,,,
116,4/17/15 20:30,25.416,0,,,,,,
117,4/17/15 21:00,25.319,0,,,,,,
118,4/17/15 21:30,25.319,0,,,,,,
119,4/17/15 22:00,25.319,0,,,,,,
120,4/17/15 22:30,25.319,0,,,,,,
121,4/17/15 23:00,25.125,0,,,,,,
122,4/17/15 23:30,25.125,0,,,,,,
123,4/18/15 0:00,25.319,0,,,,,,
124,4/18/15 0:30,25.319,0,,,,,,
125,4/18/15 1:00,25.222,0,,,,,,
126,4/18/15 1:30,25.125,0,,,,,,
127,4/18/15 2:00,25.125,0,,,,,,
128,4/18/15 2:30,25.028,0,,,,,,
129,4/18/15 3:00,24.835,0,,,,,,
130,4/18/15 3:30,24.931,0,,,,,,
131,4/18/15 4:00,25.028,0,,,,,,
132,4/18/15 4:30,25.028,0,,,,,,
133,4/18/15 5:00,25.028,0,,,,,,
134,4/18/15 5:30,24.931,0,,,,,,
135,4/18/15 6:00,24.931,0,,,,,,
136,4/18/15 6:30,24.931,226,,,,,,
137,4/18/15 7:00,24.835,624.3,,,,,,
138,4/18/15 7:30,24.738,1324,,,,,,
139,4/18/15 8:00,24.835,1377.8,,,,,,
140,4/18/15 8:30,24.931,1463.9,,,,,,
141,4/18/15 9:00,25.028,2497.2,,,,,,
142,4/18/15 9:30,25.125,2755.6,,,,,,
143,4/18/15 10:00,25.028,2755.6,,,,,,
144,4/18/15 10:30,25.125,3100,,,,,,
145,4/18/15 11:00,25.125,3100,,,,,,
146,4/18/15 11:30,25.319,2927.8,,,,,,
147,4/18/15 12:00,25.222,2152.8,,,,,,
148,4/18/15 12:30,25.513,7577.8,,,,,,
149,4/18/15 13:00,25.61,7577.8,,,,,,
150,4/18/15 13:30,25.708,10333.4,,,,,,
151,4/18/15 14:00,25.902,10333.4,,,,,,
152,4/18/15 14:30,26,11711.2,,,,,,
153,4/18/15 15:00,26,10333.4,,,,,,
154,4/18/15 15:30,26.097,8611.2,,,,,,
155,4/18/15 16:00,26,8611.2,,,,,,
156,4/18/15 16:30,25.902,1550,,,,,,
157,4/18/15 17:00,25.805,4650,,,,,,
158,4/18/15 17:30,25.805,1377.8,,,,,,
159,4/18/15 18:00,25.708,538.2,,,,,,
160,4/18/15 18:30,25.708,107.6,,,,,,
161,4/18/15 19:00,25.61,0,,,,,,
162,4/18/15 19:30,25.61,0,,,,,,
163,4/18/15 20:00,25.513,0,,,,,,
164,4/18/15 20:30,25.416,0,,,,,,
165,4/18/15 21:00,25.319,0,,,,,,
166,4/18/15 21:30,25.222,0,,,,,,
167,4/18/15 22:00,25.222,0,,,,,,
168,4/18/15 22:30,25.125,0,,,,,,
169,4/18/15 23:00,25.028,0,,,,,,
170,4/18/15 23:30,25.028,0,,,,,,
171,4/19/15 0:00,24.931,0,,,,,,
172,4/19/15 0:30,24.931,0,,,,,,
173,4/19/15 1:00,24.931,0,,,,,,
174,4/19/15 1:30,24.835,0,,,,,,
175,4/19/15 2:00,24.738,0,,,,,,
176,4/19/15 2:30,24.738,0,,,,,,
177,4/19/15 3:00,24.738,0,,,,,,
178,4/19/15 3:30,24.641,0,,,,,,
179,4/19/15 4:00,24.738,0,,,,,,
180,4/19/15 4:30,24.641,0,,,,,,
181,4/19/15 5:00,24.641,0,,,,,,
182,4/19/15 5:30,24.641,0,,,,,,
183,4/19/15 6:00,24.641,0,,,,,,
184,4/19/15 6:30,24.641,161.5,,,,,,
185,4/19/15 7:00,24.641,376.7,,,,,,
186,4/19/15 7:30,24.545,624.3,,,,,,
187,4/19/15 8:00,24.545,592,,,,,,
188,4/19/15 8:30,24.641,1722.2,,,,,,
189,4/19/15 9:00,24.641,958,,,,,,
190,4/19/15 9:30,24.641,1636.1,,,,,,
191,4/19/15 10:00,24.738,1550,,,,,,
192,4/19/15 10:30,24.835,2411.1,,,,,,
193,4/19/15 11:00,24.835,2583.4,,,,,,
194,4/19/15 11:30,24.931,2927.8,,,,,,
195,4/19/15 12:00,24.931,2927.8,,,,,,
196,4/19/15 12:30,25.222,5338.9,,,,,,
197,4/19/15 13:00,25.222,5166.7,,,,,,
198,4/19/15 13:30,25.222,6544.5,,,,,,
199,4/19/15 14:00,25.319,6544.5,,,,,,
200,4/19/15 14:30,25.416,7233.4,,,,,,
201,4/19/15 15:00,25.513,7577.8,,,,,,
202,4/19/15 15:30,25.513,5166.7,,,,,,
203,4/19/15 16:00,25.513,3961.1,,,,,,
204,4/19/15 16:30,25.513,1377.8,,,,,,
205,4/19/15 17:00,25.513,3100,,,,,,
206,4/19/15 17:30,25.416,1377.8,,,,,,
207,4/19/15 18:00,25.416,505.9,,,,,,
208,4/19/15 18:30,25.416,129.2,,,,,,
209,4/19/15 19:00,25.319,0,,,,,,
210,4/19/15 19:30,25.222,0,,,,,,
211,4/19/15 20:00,25.222,0,,,,,,
212,4/19/15 20:30,25.222,0,,,,,,
213,4/19/15 21:00,25.125,0,,,,,,
214,4/19/15 21:30,24.931,0,,,,,,
215,4/19/15 22:00,24.835,0,,,,,,
216,4/19/15 22:30,24.835,0,,,,,,
217,4/19/15 23:00,24.931,0,,,,,,
218,4/19/15 23:30,24.738,0,,,,,,
219,4/20/15 0:00,24.738,0,,,,,,
220,4/20/15 0:30,24.641,0,,,,,,
221,4/20/15 1:00,24.545,0,,,,,,
222,4/20/15 1:30,24.545,0,,,,,,
223,4/20/15 2:00,24.448,0,,,,,,
224,4/20/15 2:30,24.448,0,,,,,,
225,4/20/15 3:00,24.351,0,,,,,,
226,4/20/15 3:30,24.351,0,,,,,,
227,4/20/15 4:00,24.255,0,,,,,,
228,4/20/15 4:30,24.351,0,,,,,,
229,4/20/15 5:00,24.351,0,,,,,,
230,4/20/15 5:30,24.351,0,,,,,,
231,4/20/15 6:00,24.351,0,,,,,,
232,4/20/15 6:30,24.351,86.1,,,,,,
233,4/20/15 7:00,24.351,247.6,,,,,,
234,4/20/15 7:30,24.255,172.2,,,,,,
235,4/20/15 8:00,24.158,678.1,,,,,,
236,4/20/15 8:30,24.255,904.2,,,,,,
237,4/20/15 9:00,24.351,1550,,,,,,
238,4/20/15 9:30,24.448,581.3,,,,,,
239,4/20/15 10:00,24.545,1894.5,,,,,,
240,4/20/15 10:30,24.448,1550,,,,,,
241,4/20/15 11:00,24.448,2152.8,,,,,,
242,4/20/15 11:30,24.448,1377.8,,,,,,
243,4/20/15 12:00,24.545,2927.8,,,,,,
244,4/20/15 12:30,24.545,1151.7,,,,,,
245,4/20/15 13:00,24.641,2152.8,,,,,,
246,4/20/15 13:30,24.835,3272.2,,,,,,
247,4/20/15 14:00,24.835,4994.5,,,,,,
248,4/20/15 14:30,24.931,1980.6,,,,,,
249,4/20/15 15:00,24.931,1722.2,,,,,,
250,4/20/15 15:30,25.028,2927.8,,,,,,
251,4/20/15 16:00,25.125,2497.2,,,,,,
252,4/20/15 16:30,25.125,1722.2,,,,,,
253,4/20/15 17:00,25.125,1227.1,,,,,,
254,4/20/15 17:30,25.028,409,,,,,,
255,4/20/15 18:00,24.931,290.6,,,,,,
256,4/20/15 18:30,24.931,53.8,,,,,,
257,4/20/15 19:00,24.931,0,,,,,,
258,4/20/15 19:30,24.835,0,,,,,,
259,4/20/15 20:00,24.835,0,,,,,,
260,4/20/15 20:30,24.835,0,,,,,,
261,4/20/15 21:00,24.738,0,,,,,,
262,4/20/15 21:30,24.641,0,,,,,,
263,4/20/15 22:00,24.641,0,,,,,,
264,4/20/15 22:30,24.545,0,,,,,,
265,4/20/15 23:00,24.448,0,,,,,,
266,4/20/15 23:30,24.448,0,,,,,,
267,4/21/15 0:00,24.351,0,,,,,,
268,4/21/15 0:30,24.255,0,,,,,,
269,4/21/15 1:00,24.255,0,,,,,,
270,4/21/15 1:30,24.255,0,,,,,,
271,4/21/15 2:00,24.158,0,,,,,,
272,4/21/15 2:30,24.255,0,,,,,,
273,4/21/15 3:00,24.255,0,,,,,,
274,4/21/15 3:30,24.158,0,,,,,,
275,4/21/15 4:00,24.158,0,,,,,,
276,4/21/15 4:30,24.158,0,,,,,,
277,4/21/15 5:00,24.062,0,,,,,,
278,4/21/15 5:30,23.773,0,,,,,,
279,4/21/15 6:00,23.773,0,,,,,,
280,4/21/15 6:30,23.869,10.8,,,,,,
281,4/21/15 7:00,23.773,86.1,,,,,,
282,4/21/15 7:30,23.773,118.4,,,,,,
283,4/21/15 8:00,23.773,150.7,,,,,,
284,4/21/15 8:30,23.773,258.3,,,,,,
285,4/21/15 9:00,23.869,731.9,,,,,,
286,4/21/15 9:30,23.966,871.9,,,,,,
287,4/21/15 10:00,23.966,1184,,,,,,
288,4/21/15 10:30,24.062,1808.3,,,,,,
289,4/21/15 11:00,24.158,1722.2,,,,,,
290,4/21/15 11:30,24.158,1722.2,,,,,,
291,4/21/15 12:00,24.255,2411.1,,,,,,
292,4/21/15 12:30,24.448,2583.4,,,,,,
293,4/21/15 13:00,24.738,3616.7,,,,,,
294,4/21/15 13:30,24.641,1636.1,,,,,,
295,4/21/15 14:00,24.931,1463.9,,,,,,
296,4/21/15 14:30,25.125,4305.6,,,,,,
297,4/21/15 15:00,25.416,1334.7,,,,,,
298,4/21/15 15:30,25.416,2927.8,,,,,,
299,4/21/15 16:00,25.61,645.8,,,,,,
300,4/21/15 16:30,25.708,516.7,,,,,,
301,4/21/15 17:00,25.708,247.6,,,,,,
302,4/21/15 17:30,25.513,107.6,,,,,,
303,4/21/15 18:00,25.61,43.1,,,,,,
304,4/21/15 18:30,25.708,21.5,,,,,,
305,4/21/15 19:00,25.61,0,,,,,,
306,4/21/15 19:30,25.61,0,,,,,,
307,4/21/15 20:00,25.416,0,,,,,,
308,4/21/15 20:30,25.222,0,,,,,,
309,4/21/15 21:00,25.319,0,,,,,,
310,4/21/15 21:30,25.125,0,,,,,,
311,4/21/15 22:00,25.222,0,,,,,,
312,4/21/15 22:30,25.416,0,,,,,,
313,4/21/15 23:00,25.319,0,,,,,,
314,4/21/15 23:30,25.222,0,,,,,,
315,4/22/15 0:00,25.222,0,,,,,,
316,4/22/15 0:30,25.125,0,,,,,,
317,4/22/15 1:00,25.028,0,,,,,,
318,4/22/15 1:30,25.125,0,,,,,,
319,4/22/15 2:00,25.028,0,,,,,,
320,4/22/15 2:30,25.028,0,,,,,,
321,4/22/15 3:00,25.028,0,,,,,,
322,4/22/15 3:30,25.028,0,,,,,,
323,4/22/15 4:00,24.931,0,,,,,,
324,4/22/15 4:30,24.738,0,,,,,,
325,4/22/15 5:00,24.448,0,,,,,,
326,4/22/15 5:30,24.448,0,,,,,,
327,4/22/15 6:00,24.545,0,,,,,,
328,4/22/15 6:30,24.738,32.3,,,,,,
329,4/22/15 7:00,24.641,53.8,,,,,,
330,4/22/15 7:30,24.448,150.7,,,,,,
331,4/22/15 8:00,24.545,215.3,,,,,,
332,4/22/15 8:30,24.351,398.3,,,,,,
333,4/22/15 9:00,24.255,1076.4,,,,,,
334,4/22/15 9:30,24.641,1227.1,,,,,,
335,4/22/15 10:00,24.448,904.2,,,,,,
336,4/22/15 10:30,24.641,1808.3,,,,,,
337,4/22/15 11:00,24.641,1894.5,,,,,,
338,4/22/15 11:30,25.028,2411.1,,,,,,
339,4/22/15 12:00,25.319,2755.6,,,,,,
340,4/22/15 12:30,25.513,3444.5,,,,,,
341,4/22/15 13:00,25.805,4133.4,,,,,,
342,4/22/15 13:30,26.39,5338.9,,,,,,
343,4/22/15 14:00,26.488,5338.9,,,,,,
344,4/22/15 14:30,26.195,7577.8,,,,,,
345,4/22/15 15:00,25.902,4994.5,,,,,,
346,4/22/15 15:30,26.097,1636.1,,,,,,
347,4/22/15 16:00,26.683,1001,,,,,,
348,4/22/15 16:30,26.488,3444.5,,,,,,
349,4/22/15 17:00,26.585,807.3,,,,,,
350,4/22/15 17:30,26.683,764.2,,,,,,
351,4/22/15 18:00,26.488,484.4,,,,,,
352,4/22/15 18:30,26.39,64.6,,,,,,
353,4/22/15 19:00,26.195,0,,,,,,
354,4/22/15 19:30,25.902,0,,,,,,
355,4/22/15 20:00,25.902,0,,,,,,
356,4/22/15 20:30,26.39,0,,,,,,
357,4/22/15 21:00,25.902,0,,,,,,
358,4/22/15 21:30,26.585,0,,,,,,
359,4/22/15 22:00,26.39,0,,,,,,
360,4/22/15 22:30,26.39,0,,,,,,
361,4/22/15 23:00,26.585,0,,,,,,
362,4/22/15 23:30,26.097,0,,,,,,
363,4/23/15 0:00,26.292,0,,,,,,
364,4/23/15 0:30,26.488,0,,,,,,
365,4/23/15 1:00,26.195,0,,,,,,
366,4/23/15 1:30,26.097,0,,,,,,
367,4/23/15 2:00,25.61,0,,,,,,
368,4/23/15 2:30,25.805,0,,,,,,
369,4/23/15 3:00,25.416,0,,,,,,
370,4/23/15 3:30,25.416,0,,,,,,
371,4/23/15 4:00,25.513,0,,,,,,
372,4/23/15 4:30,25.513,0,,,,,,
373,4/23/15 5:00,25.319,0,,,,,,
374,4/23/15 5:30,25.222,0,,,,,,
375,4/23/15 6:00,25.319,0,,,,,,
376,4/23/15 6:30,25.319,21.5,,,,,,
377,4/23/15 7:00,25.319,139.9,,,,,,
378,4/23/15 7:30,25.416,333.7,,,,,,
379,4/23/15 8:00,25.319,279.9,,,,,,
380,4/23/15 8:30,25.416,592,,,,,,
381,4/23/15 9:00,25.708,710.4,,,,,,
382,4/23/15 9:30,25.902,1054.9,,,,,,
383,4/23/15 10:00,25.805,678.1,,,,,,
384,4/23/15 10:30,25.902,1463.9,,,,,,
385,4/23/15 11:00,26.097,1722.2,,,,,,
386,4/23/15 11:30,26.195,1894.5,,,,,,
387,4/23/15 12:00,26.292,2238.9,,,,,,
388,4/23/15 12:30,26.585,2583.4,,,,,,
389,4/23/15 13:00,26.488,2325,,,,,,
390,4/23/15 13:30,26.977,3272.2,,,,,,
391,4/23/15 14:00,26.879,4133.4,,,,,,
392,4/23/15 14:30,26.977,4650,,,,,,
393,4/23/15 15:00,26.977,3788.9,,,,,,
394,4/23/15 15:30,27.075,5166.7,,,,,,
395,4/23/15 16:00,27.173,4305.6,,,,,,
396,4/23/15 16:30,27.37,2755.6,,,,,,
397,4/23/15 17:00,27.173,183,,,,,,
398,4/23/15 17:30,27.173,43.1,,,,,,
399,4/23/15 18:00,27.272,43.1,,,,,,
400,4/23/15 18:30,27.37,21.5,,,,,,
401,4/23/15 19:00,27.37,0,,,,,,
402,4/23/15 19:30,27.272,0,,,,,,
403,4/23/15 20:00,26.683,0,,,,,,
404,4/23/15 20:30,26.977,0,,,,,,
405,4/23/15 21:00,26.781,0,,,,,,
406,4/23/15 21:30,26.585,0,,,,,,
407,4/23/15 22:00,26.39,0,,,,,,
408,4/23/15 22:30,27.37,0,,,,,,
409,4/23/15 23:00,26.977,0,,,,,,
410,4/23/15 23:30,26.097,0,,,,,,
411,4/24/15 0:00,26.39,0,,,,,,
412,4/24/15 0:30,26.292,0,,,,,,
413,4/24/15 1:00,26.195,0,,,,,,
414,4/24/15 1:30,25.902,0,,,,,,
415,4/24/15 2:00,25.61,0,,,,,,
416,4/24/15 2:30,25.805,0,,,,,,
417,4/24/15 3:00,25.513,0,,,,,,
418,4/24/15 3:30,25.416,0,,,,,,
419,4/24/15 4:00,25.416,0,,,,,,
420,4/24/15 4:30,25.416,0,,,,,,
421,4/24/15 5:00,25.319,0,,,,,,
422,4/24/15 5:30,25.319,0,,,,,,
423,4/24/15 6:00,25.319,0,,,,,,
424,4/24/15 6:30,25.319,53.8,,,,,,
425,4/24/15 7:00,25.319,129.2,,,,,,
426,4/24/15 7:30,25.222,193.8,,,,,,
427,4/24/15 8:00,25.222,312.2,,,,,,
428,4/24/15 8:30,25.222,398.3,,,,,,
429,4/24/15 9:00,25.222,484.4,,,,,,
430,4/24/15 9:30,25.319,570.5,,,,,,
431,4/24/15 10:00,25.513,699.7,,,,,,
432,4/24/15 10:30,25.805,936.5,,,,,,
433,4/24/15 11:00,26,1130.2,,,,,,
434,4/24/15 11:30,26.097,925.7,,,,,,
435,4/24/15 12:00,26.097,1463.9,,,,,,
436,4/24/15 12:30,26.488,1194.8,,,,,,
437,4/24/15 13:00,27.075,1636.1,,,,,,
438,4/24/15 13:30,27.37,1044.1,,,,,,
439,4/24/15 14:00,27.37,2152.8,,,,,,
440,4/24/15 14:30,27.567,1808.3,,,,,,
441,4/24/15 15:00,27.567,699.7,,,,,,
442,4/24/15 15:30,27.764,1550,,,,,,
443,4/24/15 16:00,28.06,2152.8,,,,,,
444,4/24/15 16:30,27.862,387.5,,,,,,
445,4/24/15 17:00,27.862,376.7,,,,,,
446,4/24/15 17:30,27.764,193.8,,,,,,
447,4/24/15 18:00,27.665,107.6,,,,,,
448,4/24/15 18:30,27.665,32.3,,,,,,
449,4/24/15 19:00,27.567,0,,,,,,
450,4/24/15 19:30,27.272,0,,,,,,
451,4/24/15 20:00,26.977,0,,,,,,
452,4/24/15 20:30,26.781,0,,,,,,
453,4/24/15 21:00,26.488,0,,,,,,
454,4/24/15 21:30,26.488,0,,,,,,
455,4/24/15 22:00,26.488,0,,,,,,
456,4/24/15 22:30,26.39,0,,,,,,
457,4/24/15 23:00,26.488,0,,,,,,
458,4/24/15 23:30,26.781,0,,,,,,
459,4/25/15 0:00,26.488,0,,,,,,
460,4/25/15 0:30,27.665,0,,,,,,
461,4/25/15 1:00,27.37,0,,,,,,
462,4/25/15 1:30,27.272,0,,,,,,
463,4/25/15 2:00,26.781,0,,,,,,
464,4/25/15 2:30,26.781,0,,,,,,
465,4/25/15 3:00,26.781,0,,,,,,
466,4/25/15 3:30,26.39,0,,,,,,
467,4/25/15 4:00,26.292,0,,,,,,
468,4/25/15 4:30,26.195,0,,,,,,
469,4/25/15 5:00,26.39,0,,,,,,
470,4/25/15 5:30,26.781,0,,,,,,
471,4/25/15 6:00,26.683,0,,,,,,
472,4/25/15 6:30,26.585,0,,,,,,
473,4/25/15 7:00,26.097,21.5,,,,,,
474,4/25/15 7:30,25.805,107.6,,,,,,
475,4/25/15 8:00,26,183,,,,,,
476,4/25/15 8:30,26.097,193.8,,,,,,
477,4/25/15 9:00,26.195,333.7,,,,,,
478,4/25/15 9:30,26.195,355.2,,,,,,
479,4/25/15 10:00,26.39,387.5,,,,,,
480,4/25/15 10:30,26.488,398.3,,,,,,
481,4/25/15 11:00,26.683,516.7,,,,,,
482,4/25/15 11:30,26.879,495.1,,,,,,
483,4/25/15 12:00,26.977,613.5,,,,,,
484,4/25/15 12:30,27.075,279.9,,,,,,
485,4/25/15 13:00,27.37,990.3,,,,,,
486,4/25/15 13:30,27.468,301.4,,,,,,
487,4/25/15 14:00,27.567,1259.4,,,,,,
488,4/25/15 14:30,27.665,269.1,,,,,,
489,4/25/15 15:00,28.06,839.6,,,,,,
490,4/25/15 15:30,28.258,818.1,,,,,,
491,4/25/15 16:00,28.357,645.8,,,,,,
492,4/25/15 16:30,28.456,1001,,,,,,
493,4/25/15 17:00,28.555,613.5,,,,,,
494,4/25/15 17:30,28.456,193.8,,,,,,
495,4/25/15 18:00,28.555,96.9,,,,,,
496,4/25/15 18:30,28.456,10.8,,,,,,
497,4/25/15 19:00,28.258,0,,,,,,
498,4/25/15 19:30,27.862,0,,,,,,
499,4/25/15 20:00,27.961,0,,,,,,
500,4/25/15 20:30,27.764,0,,,,,,
501,4/25/15 21:00,27.665,0,,,,,,
502,4/25/15 21:30,27.468,0,,,,,,
503,4/25/15 22:00,27.468,0,,,,,,
504,4/25/15 22:30,27.468,0,,,,,,
505,4/25/15 23:00,26.879,0,,,,,,
506,4/25/15 23:30,27.37,0,,,,,,
507,4/26/15 0:00,27.173,0,,,,,,
508,4/26/15 0:30,27.37,0,,,,,,
509,4/26/15 1:00,27.272,0,,,,,,
510,4/26/15 1:30,27.468,0,,,,,,
511,4/26/15 2:00,27.567,0,,,,,,
512,4/26/15 2:30,27.468,0,,,,,,
513,4/26/15 3:00,27.37,0,,,,,,
514,4/26/15 3:30,27.272,0,,,,,,
515,4/26/15 4:00,27.272,0,,,,,,
516,4/26/15 4:30,27.173,0,,,,,,
517,4/26/15 5:00,27.173,0,,,,,,
518,4/26/15 5:30,27.075,0,,,,,,
519,4/26/15 6:00,27.075,0,,,,,,
520,4/26/15 6:30,27.075,0,,,,,,
521,4/26/15 7:00,27.075,32.3,,,,,,
522,4/26/15 7:30,26.977,64.6,,,,,,
523,4/26/15 8:00,26.781,107.6,,,,,,
524,4/26/15 8:30,26.879,183,,,,,,
525,4/26/15 9:00,26.977,86.1,,,,,,
526,4/26/15 9:30,27.075,161.5,,,,,,
527,4/26/15 10:00,27.075,204.5,,,,,,
528,4/26/15 10:30,27.173,236.8,,,,,,
529,4/26/15 11:00,27.37,247.6,,,,,,
530,4/26/15 11:30,27.567,387.5,,,,,,
531,4/26/15 12:00,27.468,344.4,,,,,,
532,4/26/15 12:30,27.468,183,,,,,,
533,4/26/15 13:00,27.665,462.9,,,,,,
534,4/26/15 13:30,27.764,344.4,,,,,,
535,4/26/15 14:00,28.159,656.6,,,,,,
536,4/26/15 14:30,28.258,247.6,,,,,,
537,4/26/15 15:00,28.357,193.8,,,,,,
538,4/26/15 15:30,28.357,129.2,,,,,,
539,4/26/15 16:00,28.555,86.1,,,,,,
540,4/26/15 16:30,28.258,96.9,,,,,,
541,4/26/15 17:00,28.159,43.1,,,,,,
542,4/26/15 17:30,28.258,10.8,,,,,,
543,4/26/15 18:00,28.06,0,,,,,,
544,4/26/15 18:30,27.764,0,,,,,,
545,4/26/15 19:00,27.764,0,,,,,,
546,4/26/15 19:30,27.764,0,,,,,,
547,4/26/15 20:00,27.862,0,,,,,,
548,4/26/15 20:30,27.862,0,,,,,,
549,4/26/15 21:00,27.764,0,,,,,,
550,4/26/15 21:30,27.567,0,,,,,,
551,4/26/15 22:00,27.567,0,,,,,,
552,4/26/15 22:30,27.567,0,,,,,,
553,4/26/15 23:00,27.37,0,,,,,,
554,4/26/15 23:30,27.272,0,,,,,,
555,4/27/15 0:00,27.37,0,,,,,,
556,4/27/15 0:30,27.272,0,,,,,,
557,4/27/15 1:00,27.173,0,,,,,,
558,4/27/15 1:30,27.075,0,,,,,,
559,4/27/15 2:00,27.075,0,,,,,,
560,4/27/15 2:30,27.075,0,,,,,,
561,4/27/15 3:00,26.977,0,,,,,,
562,4/27/15 3:30,26.879,0,,,,,,
563,4/27/15 4:00,26.879,0,,,,,,
564,4/27/15 4:30,26.781,0,,,,,,
565,4/27/15 5:00,26.683,0,,,,,,
566,4/27/15 5:30,26.683,0,,,,,,
567,4/27/15 6:00,26.585,0,,,,,,
568,4/27/15 6:30,26.585,64.6,,,,,,
569,4/27/15 7:00,26.488,172.2,,,,,,
570,4/27/15 7:30,26.39,301.4,,,,,,
571,4/27/15 8:00,26.39,409,,,,,,
572,4/27/15 8:30,26.292,516.7,,,,,,
573,4/27/15 9:00,26.195,807.3,,,,,,
574,4/27/15 9:30,26.097,796.5,,,,,,
575,4/27/15 10:00,26.097,936.5,,,,,,
576,4/27/15 10:30,26.097,1033.3,,,,,,
577,4/27/15 11:00,26,635.1,,,,,,
578,4/27/15 11:30,26.097,1205.6,,,,,,
579,4/27/15 12:00,26.195,1463.9,,,,,,
580,4/27/15 12:30,26.195,1280.9,,,,,,
581,4/27/15 13:00,26.195,1894.5,,,,,,
582,4/27/15 13:30,26.292,1151.7,,,,,,
583,4/27/15 14:00,26.292,1011.8,,,,,,
584,4/27/15 14:30,26.292,893.4,,,,,,
585,4/27/15 15:00,26.39,807.3,,,,,,
586,4/27/15 15:30,26.39,968.8,,,,,,
587,4/27/15 16:00,26.488,3444.5,,,,,,
588,4/27/15 16:30,26.488,2755.6,,,,,,
589,4/27/15 17:00,26.488,3100,,,,,,
590,4/27/15 17:30,26.39,1054.9,,,,,,
591,4/27/15 18:00,26.292,312.2,,,,,,
592,4/27/15 18:30,26.292,107.6,,,,,,
593,4/27/15 19:00,26.195,0,,,,,,
594,4/27/15 19:30,26.195,0,,,,,,
595,4/27/15 20:00,26.097,0,,,,,,
596,4/27/15 20:30,26.097,0,,,,,,
597,4/27/15 21:00,26,0,,,,,,
598,4/27/15 21:30,25.902,0,,,,,,
599,4/27/15 22:00,25.805,0,,,,,,
600,4/27/15 22:30,25.708,0,,,,,,
601,4/27/15 23:00,25.61,0,,,,,,
602,4/27/15 23:30,25.61,0,,,,,,
603,4/28/15 0:00,25.513,0,,,,,,
604,4/28/15 0:30,25.513,0,,,,,,
605,4/28/15 1:00,25.513,0,,,,,,
606,4/28/15 1:30,25.416,0,,,,,,
607,4/28/15 2:00,25.416,0,,,,,,
608,4/28/15 2:30,25.319,0,,,,,,
609,4/28/15 3:00,25.319,0,,,,,,
610,4/28/15 3:30,25.222,0,,,,,,
611,4/28/15 4:00,25.222,0,,,,,,
612,4/28/15 4:30,25.222,0,,,,,,
613,4/28/15 5:00,25.222,0,,,,,,
614,4/28/15 5:30,25.125,0,,,,,,
615,4/28/15 6:00,25.125,0,,,,,,
616,4/28/15 6:30,25.028,43.1,,,,,,
617,4/28/15 7:00,25.028,183,,,,,,
618,4/28/15 7:30,25.125,172.2,,,,,,
619,4/28/15 8:00,25.125,247.6,,,,,,
620,4/28/15 8:30,25.125,484.4,,,,,,
621,4/28/15 9:00,25.125,398.3,,,,,,
622,4/28/15 9:30,25.222,721.2,,,,,,
623,4/28/15 10:00,25.319,602.8,,,,,,
624,4/28/15 10:30,25.416,979.5,,,,,,
625,4/28/15 11:00,25.416,559.7,,,,,,
626,4/28/15 11:30,25.513,688.9,,,,,,
627,4/28/15 12:00,25.61,839.6,,,,,,
628,4/28/15 12:30,25.708,1248.6,,,,,,
629,4/28/15 13:00,25.805,1377.8,,,,,,
630,4/28/15 13:30,25.902,1162.5,,,,,,
631,4/28/15 14:00,26,1808.3,,,,,,
632,4/28/15 14:30,26.097,721.2,,,,,,
633,4/28/15 15:00,26.195,2411.1,,,,,,
634,4/28/15 15:30,26.195,581.3,,,,,,
635,4/28/15 16:00,26.097,355.2,,,,,,
636,4/28/15 16:30,26.195,613.5,,,,,,
637,4/28/15 17:00,26.097,290.6,,,,,,
638,4/28/15 17:30,26,344.4,,,,,,
639,4/28/15 18:00,26,312.2,,,,,,
640,4/28/15 18:30,26,96.9,,,,,,
641,4/28/15 19:00,25.902,0,,,,,,
642,4/28/15 19:30,25.805,0,,,,,,
643,4/28/15 20:00,25.708,0,,,,,,
644,4/28/15 20:30,25.708,0,,,,,,
645,4/28/15 21:00,25.708,0,,,,,,
646,4/28/15 21:30,25.708,0,,,,,,
647,4/28/15 22:00,25.61,0,,,,,,
648,4/28/15 22:30,25.61,0,,,,,,
649,4/28/15 23:00,25.513,0,,,,,,
650,4/28/15 23:30,25.513,0,,,,,,
651,4/29/15 0:00,25.513,0,,,,,,
652,4/29/15 0:30,25.416,0,,,,,,
653,4/29/15 1:00,25.416,0,,,,,,
654,4/29/15 1:30,25.416,0,,,,,,
655,4/29/15 2:00,25.319,0,,,,,,
656,4/29/15 2:30,25.416,0,,,,,,
657,4/29/15 3:00,25.416,0,,,,,,
658,4/29/15 3:30,25.416,0,,,,,,
659,4/29/15 4:00,25.319,0,,,,,,
660,4/29/15 4:30,25.222,0,,,,,,
661,4/29/15 5:00,25.125,0,,,,,,
662,4/29/15 5:30,25.125,0,,,,,,
663,4/29/15 6:00,25.125,0,,,,,,
664,4/29/15 6:30,25.028,96.9,,,,,,
665,4/29/15 7:00,25.028,172.2,,,,,,
666,4/29/15 7:30,25.125,312.2,,,,,,
667,4/29/15 8:00,25.125,376.7,,,,,,
668,4/29/15 8:30,25.125,355.2,,,,,,
669,4/29/15 9:00,25.125,322.9,,,,,,
670,4/29/15 9:30,25.125,430.6,,,,,,
671,4/29/15 10:00,25.125,505.9,,,,,,
672,4/29/15 10:30,25.222,656.6,,,,,,
673,4/29/15 11:00,25.125,796.5,,,,,,
674,4/29/15 11:30,25.319,818.1,,,,,,
675,4/29/15 12:00,25.319,1173.3,,,,,,
676,4/29/15 12:30,25.416,1216.3,,,,,,
677,4/29/15 13:00,25.513,2497.2,,,,,,
678,4/29/15 13:30,25.513,549,,,,,,
679,4/29/15 14:00,25.61,1550,,,,,,
680,4/29/15 14:30,25.805,624.3,,,,,,
681,4/29/15 15:00,25.805,3788.9,,,,,,
682,4/29/15 15:30,25.805,742.7,,,,,,
683,4/29/15 16:00,25.805,904.2,,,,,,
684,4/29/15 16:30,25.902,1636.1,,,,,,
685,4/29/15 17:00,25.805,398.3,,,,,,
686,4/29/15 17:30,25.805,839.6,,,,,,
687,4/29/15 18:00,25.708,247.6,,,,,,
688,4/29/15 18:30,25.708,64.6,,,,,,
689,4/29/15 19:00,25.61,0,,,,,,
690,4/29/15 19:30,25.61,0,,,,,,
691,4/29/15 20:00,25.513,0,,,,,,
692,4/29/15 20:30,25.513,0,,,,,,
693,4/29/15 21:00,25.513,0,,,,,,
694,4/29/15 21:30,25.416,0,,,,,,
695,4/29/15 22:00,25.319,0,,,,,,
696,4/29/15 22:30,25.319,0,,,,,,
697,4/29/15 23:00,25.319,0,,,,,,
698,4/29/15 23:30,25.222,0,,,,,,
699,4/30/15 0:00,25.222,0,,,,,,
700,4/30/15 0:30,25.125,0,,,,,,
701,4/30/15 1:00,25.125,0,,,,,,
702,4/30/15 1:30,25.125,0,,,,,,
703,4/30/15 2:00,25.125,0,,,,,,
704,4/30/15 2:30,25.125,0,,,,,,
705,4/30/15 3:00,25.028,0,,,,,,
706,4/30/15 3:30,25.028,0,,,,,,
707,4/30/15 4:00,25.028,0,,,,,,
708,4/30/15 4:30,25.028,0,,,,,,
709,4/30/15 5:00,24.931,0,,,,,,
710,4/30/15 5:30,24.835,0,,,,,,
711,4/30/15 6:00,24.738,0,,,,,,
712,4/30/15 6:30,24.738,43.1,,,,,,
713,4/30/15 7:00,24.738,183,,,,,,
714,4/30/15 7:30,24.738,183,,,,,,
715,4/30/15 8:00,24.738,279.9,,,,,,
716,4/30/15 8:30,24.835,602.8,,,,,,
717,4/30/15 9:00,24.835,247.6,,,,,,
718,4/30/15 9:30,24.835,1151.7,,,,,,
719,4/30/15 10:00,24.931,839.6,,,,,,
720,4/30/15 10:30,24.835,624.3,,,,,,
721,4/30/15 11:00,24.931,1345.5,,,,,,
722,4/30/15 11:30,25.028,1087.2,,,,,,
723,4/30/15 12:00,25.222,1722.2,,,,,,
724,4/30/15 12:30,25.319,1980.6,,,,,,
725,4/30/15 13:00,25.416,2755.6,,,,,,
726,4/30/15 13:30,25.61,2755.6,,,,,,
727,4/30/15 14:00,25.61,3616.7,,,,,,
728,4/30/15 14:30,25.805,3961.1,,,,,,
729,4/30/15 15:00,25.902,6200,,,,,,
730,4/30/15 15:30,25.805,1377.8,,,,,,
731,4/30/15 16:00,26,5166.7,,,,,,
732,4/30/15 16:30,25.902,936.5,,,,,,
733,4/30/15 17:00,25.902,1722.2,,,,,,
734,4/30/15 17:30,25.902,1894.5,,,,,,
735,4/30/15 18:00,25.805,247.6,,,,,,
736,4/30/15 18:30,25.805,86.1,,,,,,
737,4/30/15 19:00,25.708,0,,,,,,
738,4/30/15 19:30,25.61,0,,,,,,
739,4/30/15 20:00,25.416,0,,,,,,
740,4/30/15 20:30,25.416,0,,,,,,
741,4/30/15 21:00,25.416,0,,,,,,
742,4/30/15 21:30,25.416,0,,,,,,
743,4/30/15 22:00,25.319,0,,,,,,
744,4/30/15 22:30,25.222,0,,,,,,
745,4/30/15 23:00,25.222,0,,,,,,
746,4/30/15 23:30,25.222,0,,,,,,
747,5/1/15 0:00,25.222,0,,,,,,
748,5/1/15 0:30,25.125,0,,,,,,
749,5/1/15 1:00,25.028,0,,,,,,
750,5/1/15 1:30,25.028,0,,,,,,
751,5/1/15 2:00,25.028,0,,,,,,
752,5/1/15 2:30,25.125,0,,,,,,
753,5/1/15 3:00,25.125,0,,,,,,
754,5/1/15 3:30,25.125,0,,,,,,
755,5/1/15 4:00,25.125,0,,,,,,
756,5/1/15 4:30,25.125,0,,,,,,
757,5/1/15 5:00,25.125,0,,,,,,
758,5/1/15 5:30,25.125,0,,,,,,
759,5/1/15 6:00,25.028,0,,,,,,
760,5/1/15 6:30,24.835,64.6,,,,,,
761,5/1/15 7:00,24.835,204.5,,,,,,
762,5/1/15 7:30,24.835,301.4,,,,,,
763,5/1/15 8:00,24.931,624.3,,,,,,
764,5/1/15 8:30,24.931,516.7,,,,,,
765,5/1/15 9:00,25.028,538.2,,,,,,
766,5/1/15 9:30,25.028,721.2,,,,,,
767,5/1/15 10:00,25.028,699.7,,,,,,
768,5/1/15 10:30,25.028,1108.7,,,,,,
769,5/1/15 11:00,25.028,592,,,,,,
770,5/1/15 11:30,25.028,613.5,,,,,,
771,5/1/15 12:00,25.125,1119.5,,,,,,
772,5/1/15 12:30,25.222,990.3,,,,,,
773,5/1/15 13:00,25.319,1550,,,,,,
774,5/1/15 13:30,25.222,1087.2,,,,,,
775,5/1/15 14:00,25.319,1065.6,,,,,,
776,5/1/15 14:30,25.416,1636.1,,,,,,
777,5/1/15 15:00,25.513,2583.4,,,,,,
778,5/1/15 15:30,25.513,516.7,,,,,,
779,5/1/15 16:00,25.61,2755.6,,,,,,
780,5/1/15 16:30,25.61,1550,,,,,,
781,5/1/15 17:00,25.61,505.9,,,,,,
782,5/1/15 17:30,25.513,409,,,,,,
783,5/1/15 18:00,25.513,301.4,,,,,,
784,5/1/15 18:30,25.416,75.3,,,,,,
785,5/1/15 19:00,25.416,0,,,,,,
786,5/1/15 19:30,25.222,0,,,,,,
787,5/1/15 20:00,25.125,0,,,,,,
788,5/1/15 20:30,25.125,0,,,,,,
789,5/1/15 21:00,25.222,0,,,,,,
790,5/1/15 21:30,25.125,0,,,,,,
791,5/1/15 22:00,25.028,0,,,,,,
792,5/1/15 22:30,24.931,0,,,,,,
793,5/1/15 23:00,24.931,0,,,,,,
794,5/1/15 23:30,24.835,0,,,,,,
795,5/2/15 0:00,24.738,0,,,,,,
796,5/2/15 0:30,24.738,0,,,,,,
797,5/2/15 1:00,24.641,0,,,,,,
798,5/2/15 1:30,24.641,0,,,,,,
799,5/2/15 2:00,24.641,0,,,,,,
800,5/2/15 2:30,24.641,0,,,,,,
801,5/2/15 3:00,24.641,0,,,,,,
802,5/2/15 3:30,24.641,0,,,,,,
803,5/2/15 4:00,24.641,0,,,,,,
804,5/2/15 4:30,24.641,0,,,,,,
805,5/2/15 5:00,24.641,0,,,,,,
806,5/2/15 5:30,24.545,0,,,,,,
807,5/2/15 6:00,24.545,10.8,,,,,,
808,5/2/15 6:30,24.351,172.2,,,,,,
809,5/2/15 7:00,24.255,269.1,,,,,,
810,5/2/15 7:30,24.255,333.7,,,,,,
811,5/2/15 8:00,24.351,559.7,,,,,,
812,5/2/15 8:30,24.448,441.3,,,,,,
813,5/2/15 9:00,24.545,473.6,,,,,,
814,5/2/15 9:30,24.545,753.5,,,,,,
815,5/2/15 10:00,24.641,818.1,,,,,,
816,5/2/15 10:30,24.641,979.5,,,,,,
817,5/2/15 11:00,24.738,1001,,,,,,
818,5/2/15 11:30,24.738,1119.5,,,,,,
819,5/2/15 12:00,25.028,2325,,,,,,
820,5/2/15 12:30,25.125,2755.6,,,,,,
821,5/2/15 13:00,25.222,3788.9,,,,,,
822,5/2/15 13:30,25.513,4133.4,,,,,,
823,5/2/15 14:00,25.61,2411.1,,,,,,
824,5/2/15 14:30,25.708,6200,,,,,,
825,5/2/15 15:00,25.805,4994.5,,,,,,
826,5/2/15 15:30,25.708,3961.1,,,,,,
827,5/2/15 16:00,25.805,3444.5,,,,,,
828,5/2/15 16:30,25.805,1097.9,,,,,,
829,5/2/15 17:00,25.805,1377.8,,,,,,
830,5/2/15 17:30,25.708,1636.1,,,,,,
831,5/2/15 18:00,25.708,839.6,,,,,,
832,5/2/15 18:30,25.61,258.3,,,,,,
833,5/2/15 19:00,25.513,0,,,,,,
834,5/2/15 19:30,25.416,0,,,,,,
835,5/2/15 20:00,25.222,0,,,,,,
836,5/2/15 20:30,25.222,0,,,,,,
837,5/2/15 21:00,25.222,0,,,,,,
838,5/2/15 21:30,25.222,0,,,,,,
839,5/2/15 22:00,25.125,0,,,,,,
840,5/2/15 22:30,25.028,0,,,,,,
841,5/2/15 23:00,24.931,0,,,,,,
842,5/2/15 23:30,24.835,0,,,,,,
843,5/3/15 0:00,24.835,0,,,,,,
844,5/3/15 0:30,24.738,0,,,,,,
845,5/3/15 1:00,24.738,0,,,,,,
846,5/3/15 1:30,24.738,0,,,,,,
847,5/3/15 2:00,24.738,0,,,,,,
848,5/3/15 2:30,24.835,0,,,,,,
849,5/3/15 3:00,24.835,0,,,,,,
850,5/3/15 3:30,24.835,0,,,,,,
851,5/3/15 4:00,24.835,0,,,,,,
852,5/3/15 4:30,24.835,0,,,,,,
853,5/3/15 5:00,24.835,0,,,,,,
854,5/3/15 5:30,24.738,0,,,,,,
855,5/3/15 6:00,24.738,10.8,,,,,,
856,5/3/15 6:30,24.641,161.5,,,,,,
857,5/3/15 7:00,24.545,355.2,,,,,,
858,5/3/15 7:30,24.448,516.7,,,,,,
859,5/3/15 8:00,24.448,710.4,,,,,,
860,5/3/15 8:30,24.448,925.7,,,,,,
861,5/3/15 9:00,24.448,699.7,,,,,,
862,5/3/15 9:30,24.448,796.5,,,,,,
863,5/3/15 10:00,24.448,1636.1,,,,,,
864,5/3/15 10:30,24.545,1065.6,,,,,,
865,5/3/15 11:00,24.545,1808.3,,,,,,
866,5/3/15 11:30,24.738,2238.9,,,,,,
867,5/3/15 12:00,24.931,721.2,,,,,,
868,5/3/15 12:30,25.222,3788.9,,,,,,
869,5/3/15 13:00,25.222,1463.9,,,,,,
870,5/3/15 13:30,25.513,4822.3,,,,,,
871,5/3/15 14:00,25.61,5511.1,,,,,,
872,5/3/15 14:30,25.513,4822.3,,,,,,
873,5/3/15 15:00,25.513,5511.1,,,,,,
874,5/3/15 15:30,25.61,5166.7,,,,,,
875,5/3/15 16:00,25.61,5338.9,,,,,,
876,5/3/15 16:30,25.708,2583.4,,,,,,
877,5/3/15 17:00,25.708,2755.6,,,,,,
878,5/3/15 17:30,25.61,1894.5,,,,,,
879,5/3/15 18:00,25.513,247.6,,,,,,
880,5/3/15 18:30,25.513,86.1,,,,,,
881,5/3/15 19:00,25.416,0,,,,,,
882,5/3/15 19:30,25.319,0,,,,,,
883,5/3/15 20:00,25.222,0,,,,,,
884,5/3/15 20:30,25.125,0,,,,,,
885,5/3/15 21:00,25.125,0,,,,,,
886,5/3/15 21:30,25.028,0,,,,,,
887,5/3/15 22:00,24.931,0,,,,,,
888,5/3/15 22:30,24.931,0,,,,,,
889,5/3/15 23:00,24.738,0,,,,,,
890,5/3/15 23:30,24.738,0,,,,,,
891,5/4/15 0:00,24.931,0,,,,,,
892,5/4/15 0:30,24.931,0,,,,,,
893,5/4/15 1:00,25.125,0,,,,,,
894,5/4/15 1:30,24.835,0,,,,,,
895,5/4/15 2:00,24.738,0,,,,,,
896,5/4/15 2:30,24.641,0,,,,,,
897,5/4/15 3:00,24.738,0,,,,,,
898,5/4/15 3:30,24.738,0,,,,,,
899,5/4/15 4:00,24.835,0,,,,,,
900,5/4/15 4:30,24.835,0,,,,,,
901,5/4/15 5:00,24.835,0,,,,,,
902,5/4/15 5:30,24.835,0,,,,,,
903,5/4/15 6:00,24.738,21.5,,,,,,
904,5/4/15 6:30,24.738,150.7,,,,,,
905,5/4/15 7:00,24.641,398.3,,,,,,
906,5/4/15 7:30,24.545,398.3,,,,,,
907,5/4/15 8:00,24.545,1011.8,,,,,,
908,5/4/15 8:30,24.545,925.7,,,,,,
909,5/4/15 9:00,24.545,1313.2,,,,,,
910,5/4/15 9:30,24.545,1280.9,,,,,,
911,5/4/15 10:00,24.641,2583.4,,,,,,
912,5/4/15 10:30,24.641,1894.5,,,,,,
913,5/4/15 11:00,24.641,1894.5,,,,,,
914,5/4/15 11:30,24.738,3100,,,,,,
915,5/4/15 12:00,24.835,2411.1,,,,,,
916,5/4/15 12:30,24.931,3100,,,,,,
917,5/4/15 13:00,25.125,3100,,,,,,
918,5/4/15 13:30,25.125,4305.6,,,,,,
919,5/4/15 14:00,25.319,5166.7,,,,,,
920,5/4/15 14:30,25.416,5511.1,,,,,,
921,5/4/15 15:00,25.416,1980.6,,,,,,
922,5/4/15 15:30,25.513,4477.8,,,,,,
923,5/4/15 16:00,25.61,4133.4,,,,,,
924,5/4/15 16:30,25.61,2927.8,,,,,,
925,5/4/15 17:00,25.61,3272.2,,,,,,
926,5/4/15 17:30,25.61,2927.8,,,,,,
927,5/4/15 18:00,25.513,839.6,,,,,,
928,5/4/15 18:30,25.513,129.2,,,,,,
929,5/4/15 19:00,25.513,0,,,,,,
930,5/4/15 19:30,25.416,0,,,,,,
931,5/4/15 20:00,25.416,0,,,,,,
932,5/4/15 20:30,25.416,0,,,,,,
933,5/4/15 21:00,25.319,0,,,,,,
934,5/4/15 21:30,25.222,0,,,,,,
935,5/4/15 22:00,24.931,0,,,,,,
936,5/4/15 22:30,24.931,0,,,,,,
937,5/4/15 23:00,24.931,0,,,,,,
938,5/4/15 23:30,24.931,0,,,,,,
939,5/5/15 0:00,24.931,0,,,,,,
940,5/5/15 0:30,24.835,0,,,,,,
941,5/5/15 1:00,24.641,0,,,,,,
942,5/5/15 1:30,24.641,0,,,,,,
943,5/5/15 2:00,24.641,0,,,,,,
944,5/5/15 2:30,24.931,0,,,,,,
945,5/5/15 3:00,25.028,0,,,,,,
946,5/5/15 3:30,24.641,0,,,,,,
947,5/5/15 4:00,24.641,0,,,,,,
948,5/5/15 4:30,24.641,0,,,,,,
949,5/5/15 5:00,24.835,0,,,,,,
950,5/5/15 5:30,24.738,0,,,,,,
951,5/5/15 6:00,24.641,0,,,,,,
952,5/5/15 6:30,24.545,75.3,,,,,,
953,5/5/15 7:00,24.448,226,,,,,,
954,5/5/15 7:30,24.448,269.1,,,,,,
955,5/5/15 8:00,24.448,958,,,,,,
956,5/5/15 8:30,24.545,1033.3,,,,,,
957,5/5/15 9:00,24.641,1463.9,,,,,,
958,5/5/15 9:30,24.641,1636.1,,,,,,
959,5/5/15 10:00,24.641,1162.5,,,,,,
960,5/5/15 10:30,24.641,1087.2,,,,,,
961,5/5/15 11:00,24.738,3444.5,,,,,,
962,5/5/15 11:30,24.835,3961.1,,,,,,
963,5/5/15 12:00,24.931,3100,,,,,,
964,5/5/15 12:30,25.125,3961.1,,,,,,
965,5/5/15 13:00,25.125,3961.1,,,,,,
966,5/5/15 13:30,25.416,5166.7,,,,,,
967,5/5/15 14:00,25.61,4650,,,,,,
968,5/5/15 14:30,25.708,4477.8,,,,,,
969,5/5/15 15:00,25.708,4994.5,,,,,,
970,5/5/15 15:30,25.805,3100,,,,,,
971,5/5/15 16:00,25.805,3100,,,,,,
972,5/5/15 16:30,25.805,2583.4,,,,,,
973,5/5/15 17:00,25.805,1550,,,,,,
974,5/5/15 17:30,25.708,1162.5,,,,,,
975,5/5/15 18:00,25.708,366,,,,,,
976,5/5/15 18:30,25.708,150.7,,,,,,
977,5/5/15 19:00,25.708,0,,,,,,
978,5/5/15 19:30,25.61,0,,,,,,
979,5/5/15 20:00,25.61,0,,,,,,
980,5/5/15 20:30,25.61,0,,,,,,
981,5/5/15 21:00,25.319,0,,,,,,
982,5/5/15 21:30,25.319,0,,,,,,
983,5/5/15 22:00,25.222,0,,,,,,
984,5/5/15 22:30,25.222,0,,,,,,
985,5/5/15 23:00,25.222,0,,,,,,
986,5/5/15 23:30,25.222,0,,,,,,
987,5/6/15 0:00,25.125,0,,,,,,
988,5/6/15 0:30,25.125,0,,,,,,
989,5/6/15 1:00,25.222,0,,,,,,
990,5/6/15 1:30,25.222,0,,,,,,
991,5/6/15 2:00,25.125,0,,,,,,
992,5/6/15 2:30,25.125,0,,,,,,
993,5/6/15 3:00,24.931,0,,,,,,
994,5/6/15 3:30,24.835,0,,,,,,
995,5/6/15 4:00,24.738,0,,,,,,
996,5/6/15 4:30,24.641,0,,,,,,
997,5/6/15 5:00,24.545,0,,,,,,
998,5/6/15 5:30,24.545,0,,,,,,
999,5/6/15 6:00,24.448,10.8,,,,,,
1000,5/6/15 6:30,24.448,86.1,,,,,,
1001,5/6/15 7:00,24.448,269.1,,,,,,
1002,5/6/15 7:30,24.448,419.8,,,,,,
1003,5/6/15 8:00,24.448,419.8,,,,,,
1004,5/6/15 8:30,24.448,592,,,,,,
1005,5/6/15 9:00,24.448,861.1,,,,,,
1006,5/6/15 9:30,24.448,1345.5,,,,,,
1007,5/6/15 10:00,24.641,2152.8,,,,,,
1008,5/6/15 10:30,24.545,2411.1,,,,,,
1009,5/6/15 11:00,24.738,1377.8,,,,,,
1010,5/6/15 11:30,24.738,2755.6,,,,,,
1011,5/6/15 12:00,24.835,2411.1,,,,,,
1012,5/6/15 12:30,24.931,2325,,,,,,
1013,5/6/15 13:00,25.028,2066.7,,,,,,
1014,5/6/15 13:30,25.125,3961.1,,,,,,
1015,5/6/15 14:00,25.416,1894.5,,,,,,
1016,5/6/15 14:30,25.416,1162.5,,,,,,
1017,5/6/15 15:00,25.61,2755.6,,,,,,
1018,5/6/15 15:30,25.61,1162.5,,,,,,
1019,5/6/15 16:00,25.61,1324,,,,,,
1020,5/6/15 16:30,25.708,2152.8,,,,,,
1021,5/6/15 17:00,25.708,645.8,,,,,,
1022,5/6/15 17:30,25.708,742.7,,,,,,
1023,5/6/15 18:00,25.708,441.3,,,,,,
1024,5/6/15 18:30,25.61,118.4,,,,,,
1025,5/6/15 19:00,25.61,0,,,,,,
1026,5/6/15 19:30,25.61,0,,,,,,
1027,5/6/15 20:00,25.61,0,,,,,,
1028,5/6/15 20:30,25.319,0,,,,,,
1029,5/6/15 21:00,25.222,0,,,,,,
1030,5/6/15 21:30,25.222,0,,,,,,
1031,5/6/15 22:00,25.319,0,,,,,,
1032,5/6/15 22:30,25.125,0,,,,,,
1033,5/6/15 23:00,25.125,0,,,,,,
1034,5/6/15 23:30,25.028,0,,,,,,
1035,5/7/15 0:00,25.028,0,,,,,,
1036,5/7/15 0:30,24.931,0,,,,,,
1037,5/7/15 1:00,24.931,0,,,,,,
1038,5/7/15 1:30,24.835,0,,,,,,
1039,5/7/15 2:00,24.835,0,,,,,,
1040,5/7/15 2:30,24.835,0,,,,,,
1041,5/7/15 3:00,24.835,0,,,,,,
1042,5/7/15 3:30,24.931,0,,,,,,
1043,5/7/15 4:00,24.738,0,,,,,,
1044,5/7/15 4:30,24.545,0,,,,,,
1045,5/7/15 5:00,24.545,0,,,,,,
1046,5/7/15 5:30,24.351,0,,,,,,
1047,5/7/15 6:00,24.255,10.8,,,,,,
1048,5/7/15 6:30,24.255,236.8,,,,,,
1049,5/7/15 7:00,24.351,613.5,,,,,,
1050,5/7/15 7:30,24.158,570.5,,,,,,
1051,5/7/15 8:00,24.255,387.5,,,,,,
1052,5/7/15 8:30,24.351,742.7,,,,,,
1053,5/7/15 9:00,24.351,882.6,,,,,,
1054,5/7/15 9:30,24.448,807.3,,,,,,
1055,5/7/15 10:00,24.641,2238.9,,,,,,
1056,5/7/15 10:30,24.641,2927.8,,,,,,
1057,5/7/15 11:00,24.738,3272.2,,,,,,
1058,5/7/15 11:30,24.835,1636.1,,,,,,
1059,5/7/15 12:00,25.028,4133.4,,,,,,
1060,5/7/15 12:30,25.028,4133.4,,,,,,
1061,5/7/15 13:00,25.125,5166.7,,,,,,
1062,5/7/15 13:30,25.319,5166.7,,,,,,
1063,5/7/15 14:00,25.416,1463.9,,,,,,
1064,5/7/15 14:30,25.61,4650,,,,,,
1065,5/7/15 15:00,25.708,5166.7,,,,,,
1066,5/7/15 15:30,25.708,5166.7,,,,,,
1067,5/7/15 16:00,25.902,4822.3,,,,,,
1068,5/7/15 16:30,25.805,2497.2,,,,,,
1069,5/7/15 17:00,25.805,1194.8,,,,,,
1070,5/7/15 17:30,25.708,871.9,,,,,,
1071,5/7/15 18:00,25.708,258.3,,,,,,
1072,5/7/15 18:30,25.708,96.9,,,,,,
1073,5/7/15 19:00,25.61,0,,,,,,
1074,5/7/15 19:30,25.61,0,,,,,,
1075,5/7/15 20:00,25.61,0,,,,,,
1076,5/7/15 20:30,25.61,0,,,,,,
1077,5/7/15 21:00,25.61,0,,,,,,
1078,5/7/15 21:30,25.61,0,,,,,,
1079,5/7/15 22:00,25.61,0,,,,,,
1080,5/7/15 22:30,25.708,0,,,,,,
1081,5/7/15 23:00,25.61,0,,,,,,
1082,5/7/15 23:30,25.513,0,,,,,,
1083,5/8/15 0:00,25.222,0,,,,,,
1084,5/8/15 0:30,25.222,0,,,,,,
1085,5/8/15 1:00,25.222,0,,,,,,
1086,5/8/15 1:30,25.125,0,,,,,,
1087,5/8/15 2:00,25.125,0,,,,,,
1088,5/8/15 2:30,25.125,0,,,,,,
1089,5/8/15 3:00,25.028,0,,,,,,
1090,5/8/15 3:30,25.028,0,,,,,,
1091,5/8/15 4:00,24.931,0,,,,,,
1092,5/8/15 4:30,24.931,0,,,,,,
1093,5/8/15 5:00,24.835,0,,,,,,
1094,5/8/15 5:30,24.835,0,,,,,,
1095,5/8/15 6:00,24.835,10.8,,,,,,
1096,5/8/15 6:30,24.931,139.9,,,,,,
1097,5/8/15 7:00,24.931,204.5,,,,,,
1098,5/8/15 7:30,24.931,462.9,,,,,,
1099,5/8/15 8:00,24.931,495.1,,,,,,
1100,5/8/15 8:30,24.931,645.8,,,,,,
1101,5/8/15 9:00,25.028,1011.8,,,,,,
1102,5/8/15 9:30,25.028,1259.4,,,,,,
1103,5/8/15 10:00,24.931,1173.3,,,,,,
1104,5/8/15 10:30,25.028,1108.7,,,,,,
1105,5/8/15 11:00,25.028,1280.9,,,,,,
1106,5/8/15 11:30,24.931,1345.5,,,,,,
1107,5/8/15 12:00,25.028,1550,,,,,,
1108,5/8/15 12:30,25.028,2238.9,,,,,,
1109,5/8/15 13:00,25.125,2238.9,,,,,,
1110,5/8/15 13:30,25.222,1550,,,,,,
1111,5/8/15 14:00,25.319,3444.5,,,,,,
1112,5/8/15 14:30,25.416,4822.3,,,,,,
1113,5/8/15 15:00,25.416,1087.2,,,,,,
1114,5/8/15 15:30,25.416,3961.1,,,,,,
1115,5/8/15 16:00,25.513,914.9,,,,,,
1116,5/8/15 16:30,25.416,398.3,,,,,,
1117,5/8/15 17:00,25.416,398.3,,,,,,
1118,5/8/15 17:30,25.416,409,,,,,,
1119,5/8/15 18:00,25.416,139.9,,,,,,
1120,5/8/15 18:30,25.319,43.1,,,,,,
1121,5/8/15 19:00,25.319,0,,,,,,
1122,5/8/15 19:30,25.319,0,,,,,,
1123,5/8/15 20:00,25.222,0,,,,,,
1124,5/8/15 20:30,25.222,0,,,,,,
1125,5/8/15 21:00,25.222,0,,,,,,
1126,5/8/15 21:30,25.222,0,,,,,,
1127,5/8/15 22:00,25.125,0,,,,,,
1128,5/8/15 22:30,25.125,0,,,,,,
1129,5/8/15 23:00,25.028,0,,,,,,
1130,5/8/15 23:30,24.931,0,,,,,,
1131,5/9/15 0:00,24.931,0,,,,,,
1132,5/9/15 0:30,24.835,0,,,,,,
1133,5/9/15 1:00,24.835,0,,,,,,
1134,5/9/15 1:30,24.835,0,,,,,,
1135,5/9/15 2:00,24.738,0,,,,,,
1136,5/9/15 2:30,24.738,0,,,,,,
1137,5/9/15 3:00,24.738,0,,,,,,
1138,5/9/15 3:30,24.641,0,,,,,,
1139,5/9/15 4:00,24.641,0,,,,,,
1140,5/9/15 4:30,24.545,0,,,,,,
1141,5/9/15 5:00,24.545,0,,,,,,
1142,5/9/15 5:30,24.448,0,,,,,,
1143,5/9/15 6:00,24.448,0,,,,,,
1144,5/9/15 6:30,24.448,53.8,,,,,,
1145,5/9/15 7:00,24.448,139.9,,,,,,
1146,5/9/15 7:30,24.448,215.3,,,,,,
1147,5/9/15 8:00,24.448,419.8,,,,,,
1148,5/9/15 8:30,24.448,290.6,,,,,,
1149,5/9/15 9:00,24.545,344.4,,,,,,
1150,5/9/15 9:30,24.545,925.7,,,,,,
1151,5/9/15 10:00,24.545,1011.8,,,,,,
1152,5/9/15 10:30,24.641,1119.5,,,,,,
1153,5/9/15 11:00,24.641,721.2,,,,,,
1154,5/9/15 11:30,24.738,1130.2,,,,,,
1155,5/9/15 12:00,24.835,1377.8,,,,,,
1156,5/9/15 12:30,24.835,2066.7,,,,,,
1157,5/9/15 13:00,24.835,1980.6,,,,,,
1158,5/9/15 13:30,24.931,2066.7,,,,,,
1159,5/9/15 14:00,24.931,678.1,,,,,,
1160,5/9/15 14:30,25.028,2755.6,,,,,,
1161,5/9/15 15:00,25.222,2583.4,,,,,,
1162,5/9/15 15:30,25.222,409,,,,,,
1163,5/9/15 16:00,25.319,2152.8,,,,,,
1164,5/9/15 16:30,25.319,1377.8,,,,,,
1165,5/9/15 17:00,25.319,1216.3,,,,,,
1166,5/9/15 17:30,25.222,75.3,,,,,,
1167,5/9/15 18:00,25.222,96.9,,,,,,
1168,5/9/15 18:30,25.222,32.3,,,,,,
1169,5/9/15 19:00,25.222,0,,,,,,
1170,5/9/15 19:30,25.222,0,,,,,,
1171,5/9/15 20:00,25.222,0,,,,,,
1172,5/9/15 20:30,25.125,0,,,,,,
1173,5/9/15 21:00,25.125,0,,,,,,
1174,5/9/15 21:30,25.125,0,,,,,,
1175,5/9/15 22:00,25.028,0,,,,,,
1176,5/9/15 22:30,25.028,0,,,,,,
1177,5/9/15 23:00,25.028,0,,,,,,
1178,5/9/15 23:30,24.931,0,,,,,,
1179,5/10/15 0:00,24.931,0,,,,,,
1180,5/10/15 0:30,24.835,0,,,,,,
1181,5/10/15 1:00,24.835,0,,,,,,
1182,5/10/15 1:30,24.738,0,,,,,,
1183,5/10/15 2:00,24.641,0,,,,,,
1184,5/10/15 2:30,24.641,0,,,,,,
1185,5/10/15 3:00,24.545,0,,,,,,
1186,5/10/15 3:30,24.545,0,,,,,,
1187,5/10/15 4:00,24.545,0,,,,,,
1188,5/10/15 4:30,24.448,0,,,,,,
1189,5/10/15 5:00,24.448,0,,,,,,
1190,5/10/15 5:30,24.448,0,,,,,,
1191,5/10/15 6:00,24.448,10.8,,,,,,
1192,5/10/15 6:30,24.351,96.9,,,,,,
1193,5/10/15 7:00,24.351,312.2,,,,,,
1194,5/10/15 7:30,24.351,355.2,,,,,,
1195,5/10/15 8:00,24.351,527.4,,,,,,
1196,5/10/15 8:30,24.448,753.5,,,,,,
1197,5/10/15 9:00,24.448,1119.5,,,,,,
1198,5/10/15 9:30,24.448,678.1,,,,,,
1199,5/10/15 10:00,24.545,1550,,,,,,
1200,5/10/15 10:30,24.641,1980.6,,,,,,
1201,5/10/15 11:00,24.738,2411.1,,,,,,
1202,5/10/15 11:30,24.738,882.6,,,,,,
1203,5/10/15 12:00,24.931,3272.2,,,,,,
1204,5/10/15 12:30,25.028,3616.7,,,,,,
1205,5/10/15 13:00,25.222,4650,,,,,,
1206,5/10/15 13:30,25.319,5166.7,,,,,,
1207,5/10/15 14:00,25.416,1894.5,,,,,,
1208,5/10/15 14:30,25.416,5166.7,,,,,,
1209,5/10/15 15:00,25.319,1141,,,,,,
1210,5/10/15 15:30,25.416,6544.5,,,,,,
1211,5/10/15 16:00,25.513,5511.1,,,,,,
1212,5/10/15 16:30,25.416,1324,,,,,,
1213,5/10/15 17:00,25.319,376.7,,,,,,
1214,5/10/15 17:30,25.319,409,,,,,,
1215,5/10/15 18:00,25.222,279.9,,,,,,
1216,5/10/15 18:30,25.125,86.1,,,,,,
1217,5/10/15 19:00,25.125,0,,,,,,
1218,5/10/15 19:30,25.028,0,,,,,,
1219,5/10/15 20:00,25.028,0,,,,,,
1220,5/10/15 20:30,25.125,0,,,,,,
1221,5/10/15 21:00,25.028,0,,,,,,
1222,5/10/15 21:30,25.125,0,,,,,,
1223,5/10/15 22:00,25.222,0,,,,,,
1224,5/10/15 22:30,25.125,0,,,,,,
1225,5/10/15 23:00,25.125,0,,,,,,
1226,5/10/15 23:30,25.125,0,,,,,,
1227,5/11/15 0:00,25.028,0,,,,,,
1228,5/11/15 0:30,25.028,0,,,,,,
1229,5/11/15 1:00,25.028,0,,,,,,
1230,5/11/15 1:30,25.028,0,,,,,,
1231,5/11/15 2:00,24.835,0,,,,,,
1232,5/11/15 2:30,24.931,0,,,,,,
1233,5/11/15 3:00,24.738,0,,,,,,
1234,5/11/15 3:30,24.641,0,,,,,,
1235,5/11/15 4:00,24.641,0,,,,,,
1236,5/11/15 4:30,24.545,0,,,,,,
1237,5/11/15 5:00,24.545,0,,,,,,
1238,5/11/15 5:30,24.545,0,,,,,,
1239,5/11/15 6:00,24.448,0,,,,,,
1240,5/11/15 6:30,24.448,129.2,,,,,,
1241,5/11/15 7:00,24.351,183,,,,,,
1242,5/11/15 7:30,24.351,430.6,,,,,,
1243,5/11/15 8:00,24.351,301.4,,,,,,
1244,5/11/15 8:30,24.448,796.5,,,,,,
1245,5/11/15 9:00,24.351,839.6,,,,,,
1246,5/11/15 9:30,24.448,958,,,,,,
1247,5/11/15 10:00,24.545,1194.8,,,,,,
1248,5/11/15 10:30,24.545,1302.4,,,,,,
1249,5/11/15 11:00,24.641,1377.8,,,,,,
1250,5/11/15 11:30,24.835,1550,,,,,,
1251,5/11/15 12:00,25.028,1636.1,,,,,,
1252,5/11/15 12:30,25.125,1108.7,,,,,,
1253,5/11/15 13:00,25.319,2927.8,,,,,,
1254,5/11/15 13:30,25.416,1108.7,,,,,,
1255,5/11/15 14:00,25.319,1550,,,,,,
1256,5/11/15 14:30,25.513,3100,,,,,,
1257,5/11/15 15:00,25.513,2066.7,,,,,,
1258,5/11/15 15:30,25.513,764.2,,,,,,
1259,5/11/15 16:00,25.513,2238.9,,,,,,
1260,5/11/15 16:30,25.513,667.4,,,,,,
1261,5/11/15 17:00,25.416,1119.5,,,,,,
1262,5/11/15 17:30,25.319,473.6,,,,,,
1263,5/11/15 18:00,25.222,398.3,,,,,,
1264,5/11/15 18:30,25.125,118.4,,,,,,
1265,5/11/15 19:00,25.028,0,,,,,,
1266,5/11/15 19:30,25.125,0,,,,,,
1267,5/11/15 20:00,25.028,0,,,,,,
1268,5/11/15 20:30,25.028,0,,,,,,
1269,5/11/15 21:00,25.028,0,,,,,,
1270,5/11/15 21:30,24.931,0,,,,,,
1271,5/11/15 22:00,24.931,0,,,,,,
1272,5/11/15 22:30,24.931,0,,,,,,
1273,5/11/15 23:00,24.931,0,,,,,,
1274,5/11/15 23:30,24.931,0,,,,,,
1275,5/12/15 0:00,24.835,0,,,,,,
1276,5/12/15 0:30,24.835,0,,,,,,
1277,5/12/15 1:00,24.738,0,,,,,,
1278,5/12/15 1:30,24.738,0,,,,,,
1279,5/12/15 2:00,24.641,0,,,,,,
1280,5/12/15 2:30,24.641,0,,,,,,
1281,5/12/15 3:00,24.641,0,,,,,,
1282,5/12/15 3:30,24.545,0,,,,,,
1283,5/12/15 4:00,24.351,0,,,,,,
1284,5/12/15 4:30,24.351,0,,,,,,
1285,5/12/15 5:00,24.255,0,,,,,,
1286,5/12/15 5:30,24.255,0,,,,,,
1287,5/12/15 6:00,24.158,10.8,,,,,,
1288,5/12/15 6:30,24.158,139.9,,,,,,
1289,5/12/15 7:00,24.158,333.7,,,,,,
1290,5/12/15 7:30,24.158,409,,,,,,
1291,5/12/15 8:00,24.158,796.5,,,,,,
1292,5/12/15 8:30,24.255,592,,,,,,
1293,5/12/15 9:00,24.255,570.5,,,,,,
1294,5/12/15 9:30,24.351,1119.5,,,,,,
1295,5/12/15 10:00,24.448,1463.9,,,,,,
1296,5/12/15 10:30,24.448,516.7,,,,,,
1297,5/12/15 11:00,24.545,807.3,,,,,,
1298,5/12/15 11:30,24.641,2238.9,,,,,,
1299,5/12/15 12:00,24.641,1119.5,,,,,,
1300,5/12/15 12:30,24.931,3100,,,,,,
1301,5/12/15 13:00,25.028,3100,,,,,,
1302,5/12/15 13:30,25.222,2238.9,,,,,,
1303,5/12/15 14:00,25.222,1722.2,,,,,,
1304,5/12/15 14:30,25.222,1550,,,,,,
1305,5/12/15 15:00,25.416,4477.8,,,,,,
1306,5/12/15 15:30,25.319,2411.1,,,,,,
1307,5/12/15 16:00,25.319,3788.9,,,,,,
1308,5/12/15 16:30,25.319,4133.4,,,,,,
1309,5/12/15 17:00,25.222,645.8,,,,,,
1310,5/12/15 17:30,25.222,226,,,,,,
1311,5/12/15 18:00,25.125,161.5,,,,,,
1312,5/12/15 18:30,25.028,86.1,,,,,,
1313,5/12/15 19:00,25.222,0,,,,,,
1314,5/12/15 19:30,25.319,0,,,,,,
1315,5/12/15 20:00,25.222,0,,,,,,
1316,5/12/15 20:30,24.835,0,,,,,,
1317,5/12/15 21:00,24.835,0,,,,,,
1318,5/12/15 21:30,24.835,0,,,,,,
1319,5/12/15 22:00,24.835,0,,,,,,
1320,5/12/15 22:30,24.738,0,,,,,,
1321,5/12/15 23:00,24.835,0,,,,,,
1322,5/12/15 23:30,24.835,0,,,,,,
1323,5/13/15 0:00,24.931,0,,,,,,
1324,5/13/15 0:30,24.835,0,,,,,,
1325,5/13/15 1:00,24.835,0,,,,,,
1326,5/13/15 1:30,24.835,0,,,,,,
1327,5/13/15 2:00,24.738,0,,,,,,
1328,5/13/15 2:30,24.738,0,,,,,,
1329,5/13/15 3:00,24.641,0,,,,,,
1330,5/13/15 3:30,24.545,0,,,,,,
1331,5/13/15 4:00,24.448,0,,,,,,
1332,5/13/15 4:30,24.448,0,,,,,,
1333,5/13/15 5:00,24.351,0,,,,,,
1334,5/13/15 5:30,24.255,0,,,,,,
1335,5/13/15 6:00,24.255,10.8,,,,,,
1336,5/13/15 6:30,24.158,75.3,,,,,,
1337,5/13/15 7:00,24.158,193.8,,,,,,
1338,5/13/15 7:30,24.158,204.5,,,,,,
1339,5/13/15 8:00,24.158,301.4,,,,,,
1340,5/13/15 8:30,24.255,312.2,,,,,,
1341,5/13/15 9:00,24.158,376.7,,,,,,
1342,5/13/15 9:30,24.255,549,,,,,,
1343,5/13/15 10:00,24.351,602.8,,,,,,
1344,5/13/15 10:30,24.448,1011.8,,,,,,
1345,5/13/15 11:00,24.545,495.1,,,,,,
1346,5/13/15 11:30,24.448,1184,,,,,,
1347,5/13/15 12:00,24.545,1636.1,,,,,,
1348,5/13/15 12:30,24.641,1313.2,,,,,,
1349,5/13/15 13:00,24.738,1980.6,,,,,,
1350,5/13/15 13:30,24.931,1463.9,,,,,,
1351,5/13/15 14:00,24.931,2755.6,,,,,,
1352,5/13/15 14:30,25.125,2927.8,,,,,,
1353,5/13/15 15:00,25.319,3100,,,,,,
1354,5/13/15 15:30,25.222,2066.7,,,,,,
1355,5/13/15 16:00,25.222,785.8,,,,,,
1356,5/13/15 16:30,25.222,581.3,,,,,,
1357,5/13/15 17:00,25.222,1463.9,,,,,,
1358,5/13/15 17:30,25.125,839.6,,,,,,
1359,5/13/15 18:00,25.222,215.3,,,,,,
1360,5/13/15 18:30,25.222,53.8,,,,,,
1361,5/13/15 19:00,25.125,0,,,,,,
1362,5/13/15 19:30,25.028,0,,,,,,
1363,5/13/15 20:00,24.931,0,,,,,,
1364,5/13/15 20:30,24.738,0,,,,,,
1365,5/13/15 21:00,24.738,0,,,,,,
1366,5/13/15 21:30,24.641,0,,,,,,
1367,5/13/15 22:00,24.641,0,,,,,,
1368,5/13/15 22:30,24.641,0,,,,,,
1369,5/13/15 23:00,24.641,0,,,,,,
1370,5/13/15 23:30,24.641,0,,,,,,
1371,5/14/15 0:00,24.738,0,,,,,,
1372,5/14/15 0:30,24.641,0,,,,,,
1373,5/14/15 1:00,24.835,0,,,,,,
1374,5/14/15 1:30,24.835,0,,,,,,
1375,5/14/15 2:00,24.738,0,,,,,,
1376,5/14/15 2:30,24.738,0,,,,,,
1377,5/14/15 3:00,24.641,0,,,,,,
1378,5/14/15 3:30,24.545,0,,,,,,
1379,5/14/15 4:00,24.545,0,,,,,,
1380,5/14/15 4:30,24.545,0,,,,,,
1381,5/14/15 5:00,24.448,0,,,,,,
1382,5/14/15 5:30,24.351,0,,,,,,
1383,5/14/15 6:00,24.351,32.3,,,,,,
1384,5/14/15 6:30,24.351,204.5,,,,,,
1385,5/14/15 7:00,24.255,193.8,,,,,,
1386,5/14/15 7:30,24.255,538.2,,,,,,
1387,5/14/15 8:00,24.255,828.8,,,,,,
1388,5/14/15 8:30,24.255,1097.9,,,,,,
1389,5/14/15 9:00,24.255,2325,,,,,,
1390,5/14/15 9:30,24.351,1377.8,,,,,,
1391,5/14/15 10:00,24.351,775,,,,,,
1392,5/14/15 10:30,24.351,1345.5,,,,,,
1393,5/14/15 11:00,24.448,1087.2,,,,,,
1394,5/14/15 11:30,24.641,2755.6,,,,,,
1395,5/14/15 12:00,24.835,4477.8,,,,,,
1396,5/14/15 12:30,24.931,5166.7,,,,,,
1397,5/14/15 13:00,24.835,2669.5,,,,,,
1398,5/14/15 13:30,24.931,1808.3,,,,,,
1399,5/14/15 14:00,25.125,7577.8,,,,,,
1400,5/14/15 14:30,25.125,1722.2,,,,,,
1401,5/14/15 15:00,25.222,8611.2,,,,,,
1402,5/14/15 15:30,25.028,1463.9,,,,,,
1403,5/14/15 16:00,25.028,7577.8,,,,,,
1404,5/14/15 16:30,25.125,4994.5,,,,,,
1405,5/14/15 17:00,25.028,2497.2,,,,,,
1406,5/14/15 17:30,25.125,1808.3,,,,,,
1407,5/14/15 18:00,25.125,236.8,,,,,,
1408,5/14/15 18:30,25.125,269.1,,,,,,
1409,5/14/15 19:00,25.125,10.8,,,,,,
1410,5/14/15 19:30,25.028,0,,,,,,
1411,5/14/15 20:00,25.125,0,,,,,,
1412,5/14/15 20:30,25.125,0,,,,,,
1413,5/14/15 21:00,25.028,0,,,,,,
1414,5/14/15 21:30,24.738,0,,,,,,
1415,5/14/15 22:00,24.641,0,,,,,,
1416,5/14/15 22:30,24.545,0,,,,,,
1417,5/14/15 23:00,24.545,0,,,,,,
1418,5/14/15 23:30,24.545,0,,,,,,
1419,5/15/15 0:00,24.545,0,,,,,,
1420,5/15/15 0:30,24.738,0,,,,,,
1421,5/15/15 1:00,24.738,0,,,,,,
1422,5/15/15 1:30,24.931,0,,,,,,
1423,5/15/15 2:00,25.028,0,,,,,,
1424,5/15/15 2:30,25.028,0,,,,,,
1425,5/15/15 3:00,24.931,0,,,,,,
1426,5/15/15 3:30,24.835,0,,,,,,
1427,5/15/15 4:00,24.738,0,,,,,,
1428,5/15/15 4:30,24.641,0,,,,,,
1429,5/15/15 5:00,24.641,0,,,,,,
1430,5/15/15 5:30,24.545,0,,,,,,
1431,5/15/15 6:00,24.545,32.3,,,,,,
1432,5/15/15 6:30,24.448,139.9,,,,,,
1433,5/15/15 7:00,24.351,355.2,,,,,,
1434,5/15/15 7:30,24.351,452.1,,,,,,
1435,5/15/15 8:00,24.158,570.5,,,,,,
1436,5/15/15 8:30,24.158,516.7,,,,,,
1437,5/15/15 9:00,24.255,958,,,,,,
1438,5/15/15 9:30,24.448,1463.9,,,,,,
1439,5/15/15 10:00,24.545,1808.3,,,,,,
1440,5/15/15 10:30,24.641,2152.8,,,,,,
1441,5/15/15 11:00,24.738,2066.7,,,,,,
1442,5/15/15 11:30,24.835,1894.5,,,,,,
1443,5/15/15 11:49,,,Logged,,,,,
1444,5/15/15 11:49,,,,Logged,,,,
1445,5/15/15 11:49,,,Logged,,,,,Logged
1446,5/15/15 11:49,,,,,Logged,Logged,,