Plot Title: ChinaWalls,,,,,,,,,
#,"Date Time, GMT-10:00","Temp, ¡C (LGR S/N: 10568582, SEN S/N: 10568582)","Intensity, Lux (LGR S/N: 10568582, SEN S/N: 10568582)",Coupler Attached (LGR S/N: 10568582),Coupler Detached (LGR S/N: 10568582),Stopped (LGR S/N: 10568582),End Of File (LGR S/N: 10568582),,
1,4/19/15 14:00,28.258,43.1,,,,,,
2,4/19/15 14:30,28.456,0,,,,,,
3,4/19/15 15:00,28.555,7577.8,,,,,,
4,4/19/15 15:30,25.708,2411.1,,,,,,
5,4/19/15 16:00,25.805,1894.5,,,,,,
6,4/19/15 16:30,25.805,5511.1,,,,,,
7,4/19/15 17:00,25.708,4994.5,,,,,,
8,4/19/15 17:30,25.61,3100,,,,,,
9,4/19/15 18:00,25.416,1141,,,,,,
10,4/19/15 18:30,25.416,279.9,,,,,,
11,4/19/15 19:00,25.319,0,,,,,,
12,4/19/15 19:30,25.319,0,,,,,,
13,4/19/15 20:00,25.222,0,,,,,,
14,4/19/15 20:30,25.222,0,,,,,,
15,4/19/15 21:00,25.125,0,,,,,,
16,4/19/15 21:30,25.125,0,,,,,,
17,4/19/15 22:00,25.028,0,,,,,,
18,4/19/15 22:30,25.028,0,,,,,,
19,4/19/15 23:00,24.931,0,,,,,,
20,4/19/15 23:30,24.931,0,,,,,,
21,4/20/15 0:00,24.931,0,,,,,,
22,4/20/15 0:30,24.931,0,,,,,,
23,4/20/15 1:00,24.931,0,,,,,,
24,4/20/15 1:30,24.931,0,,,,,,
25,4/20/15 2:00,24.931,0,,,,,,
26,4/20/15 2:30,24.931,0,,,,,,
27,4/20/15 3:00,24.931,0,,,,,,
28,4/20/15 3:30,24.931,0,,,,,,
29,4/20/15 4:00,24.931,0,,,,,,
30,4/20/15 4:30,24.835,0,,,,,,
31,4/20/15 5:00,24.835,0,,,,,,
32,4/20/15 5:30,24.835,0,,,,,,
33,4/20/15 6:00,24.835,0,,,,,,
34,4/20/15 6:30,24.835,32.3,,,,,,
35,4/20/15 7:00,24.835,64.6,,,,,,
36,4/20/15 7:30,24.738,86.1,,,,,,
37,4/20/15 8:00,24.545,183,,,,,,
38,4/20/15 8:30,24.545,398.3,,,,,,
39,4/20/15 9:00,24.545,645.8,,,,,,
40,4/20/15 9:30,24.641,1463.9,,,,,,
41,4/20/15 10:00,24.641,1636.1,,,,,,
42,4/20/15 10:30,24.738,3272.2,,,,,,
43,4/20/15 11:00,24.835,2927.8,,,,,,
44,4/20/15 11:30,24.835,3100,,,,,,
45,4/20/15 12:00,25.319,5511.1,,,,,,
46,4/20/15 12:30,25.513,4133.4,,,,,,
47,4/20/15 13:00,25.805,8611.2,,,,,,
48,4/20/15 13:30,26.195,14466.8,,,,,,
49,4/20/15 14:00,26.097,5511.1,,,,,,
50,4/20/15 14:30,25.61,430.6,,,,,,
51,4/20/15 15:00,25.513,322.9,,,,,,
52,4/20/15 15:30,25.61,441.3,,,,,,
53,4/20/15 16:00,25.513,129.2,,,,,,
54,4/20/15 16:30,25.513,75.3,,,,,,
55,4/20/15 17:00,25.513,64.6,,,,,,
56,4/20/15 17:30,25.319,21.5,,,,,,
57,4/20/15 18:00,25.222,43.1,,,,,,
58,4/20/15 18:30,25.125,0,,,,,,
59,4/20/15 19:00,25.028,0,,,,,,
60,4/20/15 19:30,25.028,0,,,,,,
61,4/20/15 20:00,25.028,0,,,,,,
62,4/20/15 20:30,24.931,0,,,,,,
63,4/20/15 21:00,24.835,0,,,,,,
64,4/20/15 21:30,24.931,0,,,,,,
65,4/20/15 22:00,24.931,0,,,,,,
66,4/20/15 22:30,24.835,0,,,,,,
67,4/20/15 23:00,24.835,0,,,,,,
68,4/20/15 23:30,24.738,0,,,,,,
69,4/21/15 0:00,24.835,0,,,,,,
70,4/21/15 0:30,24.931,0,,,,,,
71,4/21/15 1:00,24.931,0,,,,,,
72,4/21/15 1:30,24.931,0,,,,,,
73,4/21/15 2:00,24.931,0,,,,,,
74,4/21/15 2:30,24.931,0,,,,,,
75,4/21/15 3:00,25.028,0,,,,,,
76,4/21/15 3:30,25.028,0,,,,,,
77,4/21/15 4:00,25.028,0,,,,,,
78,4/21/15 4:30,25.028,0,,,,,,
79,4/21/15 5:00,24.931,0,,,,,,
80,4/21/15 5:30,24.931,0,,,,,,
81,4/21/15 6:00,24.835,0,,,,,,
82,4/21/15 6:30,24.835,0,,,,,,
83,4/21/15 7:00,24.835,21.5,,,,,,
84,4/21/15 7:30,25.028,2497.2,,,,,,
85,4/21/15 8:00,25.125,3444.5,,,,,,
86,4/21/15 8:30,24.641,1377.8,,,,,,
87,4/21/15 9:00,24.835,2927.8,,,,,,
88,4/21/15 9:30,24.641,2669.5,,,,,,
89,4/21/15 10:00,24.931,4994.5,,,,,,
90,4/21/15 10:30,24.931,958,,,,,,
91,4/21/15 11:00,24.931,5511.1,,,,,,
92,4/21/15 11:30,25.028,3444.5,,,,,,
93,4/21/15 12:00,25.805,18600.1,,,,,,
94,4/21/15 12:30,25.708,11022.3,,,,,,
95,4/21/15 13:00,25.513,4994.5,,,,,,
96,4/21/15 13:30,25.416,1550,,,,,,
97,4/21/15 14:00,25.416,2497.2,,,,,,
98,4/21/15 14:30,25.902,5511.1,,,,,,
99,4/21/15 15:00,26.097,6200,,,,,,
100,4/21/15 15:30,25.61,2583.4,,,,,,
101,4/21/15 16:00,25.513,1722.2,,,,,,
102,4/21/15 16:30,25.319,785.8,,,,,,
103,4/21/15 17:00,25.222,785.8,,,,,,
104,4/21/15 17:30,25.222,322.9,,,,,,
105,4/21/15 18:00,25.125,183,,,,,,
106,4/21/15 18:30,24.931,75.3,,,,,,
107,4/21/15 19:00,24.835,0,,,,,,
108,4/21/15 19:30,24.835,0,,,,,,
109,4/21/15 20:00,24.835,0,,,,,,
110,4/21/15 20:30,24.835,0,,,,,,
111,4/21/15 21:00,24.835,0,,,,,,
112,4/21/15 21:30,24.738,0,,,,,,
113,4/21/15 22:00,24.738,0,,,,,,
114,4/21/15 22:30,24.641,0,,,,,,
115,4/21/15 23:00,24.738,0,,,,,,
116,4/21/15 23:30,24.931,0,,,,,,
117,4/22/15 0:00,24.931,0,,,,,,
118,4/22/15 0:30,24.931,0,,,,,,
119,4/22/15 1:00,24.931,0,,,,,,
120,4/22/15 1:30,24.931,0,,,,,,
121,4/22/15 2:00,24.931,0,,,,,,
122,4/22/15 2:30,24.931,0,,,,,,
123,4/22/15 3:00,24.931,0,,,,,,
124,4/22/15 3:30,25.028,0,,,,,,
125,4/22/15 4:00,25.125,0,,,,,,
126,4/22/15 4:30,25.222,0,,,,,,
127,4/22/15 5:00,25.125,0,,,,,,
128,4/22/15 5:30,25.125,0,,,,,,
129,4/22/15 6:00,25.125,0,,,,,,
130,4/22/15 6:30,25.125,107.6,,,,,,
131,4/22/15 7:00,25.125,376.7,,,,,,
132,4/22/15 7:30,25.125,527.4,,,,,,
133,4/22/15 8:00,25.125,570.5,,,,,,
134,4/22/15 8:30,25.319,1550,,,,,,
135,4/22/15 9:00,25.222,1119.5,,,,,,
136,4/22/15 9:30,25.222,2497.2,,,,,,
137,4/22/15 10:00,25.222,1463.9,,,,,,
138,4/22/15 10:30,25.222,1722.2,,,,,,
139,4/22/15 11:00,25.222,1463.9,,,,,,
140,4/22/15 11:30,25.416,2325,,,,,,
141,4/22/15 12:00,25.61,2583.4,,,,,,
142,4/22/15 12:30,25.902,4305.6,,,,,,
143,4/22/15 13:00,26,3616.7,,,,,,
144,4/22/15 13:30,26.292,4133.4,,,,,,
145,4/22/15 14:00,26,3788.9,,,,,,
146,4/22/15 14:30,26.39,5166.7,,,,,,
147,4/22/15 15:00,26,3100,,,,,,
148,4/22/15 15:30,26.097,4477.8,,,,,,
149,4/22/15 16:00,26.097,3272.2,,,,,,
150,4/22/15 16:30,25.902,2325,,,,,,
151,4/22/15 17:00,25.708,1377.8,,,,,,
152,4/22/15 17:30,25.513,990.3,,,,,,
153,4/22/15 18:00,25.028,882.6,,,,,,
154,4/22/15 18:30,24.835,226,,,,,,
155,4/22/15 19:00,24.835,0,,,,,,
156,4/22/15 19:30,24.931,0,,,,,,
157,4/22/15 20:00,24.931,0,,,,,,
158,4/22/15 20:30,25.125,0,,,,,,
159,4/22/15 21:00,25.222,0,,,,,,
160,4/22/15 21:30,25.416,0,,,,,,
161,4/22/15 22:00,25.319,0,,,,,,
162,4/22/15 22:30,25.222,0,,,,,,
163,4/22/15 23:00,25.222,0,,,,,,
164,4/22/15 23:30,25.125,0,,,,,,
165,4/23/15 0:00,25.125,0,,,,,,
166,4/23/15 0:30,25.125,0,,,,,,
167,4/23/15 1:00,25.416,0,,,,,,
168,4/23/15 1:30,25.513,0,,,,,,
169,4/23/15 2:00,25.513,0,,,,,,
170,4/23/15 2:30,25.319,0,,,,,,
171,4/23/15 3:00,25.319,0,,,,,,
172,4/23/15 3:30,25.319,0,,,,,,
173,4/23/15 4:00,25.319,0,,,,,,
174,4/23/15 4:30,25.416,0,,,,,,
175,4/23/15 5:00,25.416,0,,,,,,
176,4/23/15 5:30,25.416,0,,,,,,
177,4/23/15 6:00,25.319,0,,,,,,
178,4/23/15 6:30,25.416,161.5,,,,,,
179,4/23/15 7:00,25.416,430.6,,,,,,
180,4/23/15 7:30,25.416,624.3,,,,,,
181,4/23/15 8:00,25.513,710.4,,,,,,
182,4/23/15 8:30,25.708,1270.1,,,,,,
183,4/23/15 9:00,25.902,1636.1,,,,,,
184,4/23/15 9:30,26,1463.9,,,,,,
185,4/23/15 10:00,26.097,2411.1,,,,,,
186,4/23/15 10:30,25.902,2066.7,,,,,,
187,4/23/15 11:00,25.902,6200,,,,,,
188,4/23/15 11:30,26,6544.5,,,,,,
189,4/23/15 12:00,26.097,8266.7,,,,,,
190,4/23/15 12:30,25.708,43.1,,,,,,
191,4/23/15 13:00,25.805,64.6,,,,,,
192,4/23/15 13:30,25.902,64.6,,,,,,
193,4/23/15 14:00,25.902,96.9,,,,,,
194,4/23/15 14:30,26.488,10677.8,,,,,,
195,4/23/15 15:00,26.488,12400.1,,,,,,
196,4/23/15 15:30,26.39,13777.9,,,,,,
197,4/23/15 16:00,26.292,7577.8,,,,,,
198,4/23/15 16:30,26.195,5511.1,,,,,,
199,4/23/15 17:00,25.805,1065.6,,,,,,
200,4/23/15 17:30,25.61,592,,,,,,
201,4/23/15 18:00,25.513,290.6,,,,,,
202,4/23/15 18:30,25.416,247.6,,,,,,
203,4/23/15 19:00,25.319,0,,,,,,
204,4/23/15 19:30,25.319,0,,,,,,
205,4/23/15 20:00,25.319,0,,,,,,
206,4/23/15 20:30,25.319,0,,,,,,
207,4/23/15 21:00,25.319,0,,,,,,
208,4/23/15 21:30,25.416,0,,,,,,
209,4/23/15 22:00,25.513,0,,,,,,
210,4/23/15 22:30,25.416,0,,,,,,
211,4/23/15 23:00,25.319,0,,,,,,
212,4/23/15 23:30,25.319,0,,,,,,
213,4/24/15 0:00,25.416,0,,,,,,
214,4/24/15 0:30,25.416,0,,,,,,
215,4/24/15 1:00,25.513,0,,,,,,
216,4/24/15 1:30,25.513,0,,,,,,
217,4/24/15 2:00,25.708,0,,,,,,
218,4/24/15 2:30,25.61,0,,,,,,
219,4/24/15 3:00,25.61,0,,,,,,
220,4/24/15 3:30,25.61,0,,,,,,
221,4/24/15 4:00,25.513,0,,,,,,
222,4/24/15 4:30,25.513,0,,,,,,
223,4/24/15 5:00,25.513,0,,,,,,
224,4/24/15 5:30,25.416,0,,,,,,
225,4/24/15 6:00,25.319,10.8,,,,,,
226,4/24/15 6:30,25.319,516.7,,,,,,
227,4/24/15 7:00,25.319,807.3,,,,,,
228,4/24/15 7:30,25.222,1313.2,,,,,,
229,4/24/15 8:00,25.416,2066.7,,,,,,
230,4/24/15 8:30,25.708,5166.7,,,,,,
231,4/24/15 9:00,25.805,11711.2,,,,,,
232,4/24/15 9:30,26,14466.8,,,,,,
233,4/24/15 10:00,26,5511.1,,,,,,
234,4/24/15 10:30,26.39,19289,,,,,,
235,4/24/15 11:00,26.488,20666.8,,,,,,
236,4/24/15 11:30,26.39,22044.6,,,,,,
237,4/24/15 12:00,26.585,18600.1,,,,,,
238,4/24/15 12:30,26.488,13777.9,,,,,,
239,4/24/15 13:00,26.683,12400.1,,,,,,
240,4/24/15 13:30,26.683,10333.4,,,,,,
241,4/24/15 14:00,26.879,10333.4,,,,,,
242,4/24/15 14:30,26.879,8611.2,,,,,,
243,4/24/15 15:00,26.879,8266.7,,,,,,
244,4/24/15 15:30,26.879,9300.1,,,,,,
245,4/24/15 16:00,26.879,7233.4,,,,,,
246,4/24/15 16:30,26.585,5166.7,,,,,,
247,4/24/15 17:00,26.292,3961.1,,,,,,
248,4/24/15 17:30,26.195,1076.4,,,,,,
249,4/24/15 18:00,26.097,516.7,,,,,,
250,4/24/15 18:30,25.805,484.4,,,,,,
251,4/24/15 19:00,25.805,10.8,,,,,,
252,4/24/15 19:30,25.805,0,,,,,,
253,4/24/15 20:00,25.805,0,,,,,,
254,4/24/15 20:30,25.805,0,,,,,,
255,4/24/15 21:00,25.805,0,,,,,,
256,4/24/15 21:30,25.805,0,,,,,,
257,4/24/15 22:00,25.805,0,,,,,,
258,4/24/15 22:30,25.805,0,,,,,,
259,4/24/15 23:00,25.708,0,,,,,,
260,4/24/15 23:30,25.708,0,,,,,,
261,4/25/15 0:00,25.708,0,,,,,,
262,4/25/15 0:30,25.61,0,,,,,,
263,4/25/15 1:00,25.708,0,,,,,,
264,4/25/15 1:30,25.902,0,,,,,,
265,4/25/15 2:00,25.805,0,,,,,,
266,4/25/15 2:30,26.097,0,,,,,,
267,4/25/15 3:00,26.097,0,,,,,,
268,4/25/15 3:30,26,0,,,,,,
269,4/25/15 4:00,25.902,0,,,,,,
270,4/25/15 4:30,25.902,0,,,,,,
271,4/25/15 5:00,25.805,0,,,,,,
272,4/25/15 5:30,25.708,0,,,,,,
273,4/25/15 6:00,25.708,0,,,,,,
274,4/25/15 6:30,25.708,150.7,,,,,,
275,4/25/15 7:00,25.708,731.9,,,,,,
276,4/25/15 7:30,25.805,2325,,,,,,
277,4/25/15 8:00,25.902,3961.1,,,,,,
278,4/25/15 8:30,26,4650,,,,,,
279,4/25/15 9:00,26,3100,,,,,,
280,4/25/15 9:30,26.585,13089,,,,,,
281,4/25/15 10:00,26.879,13777.9,,,,,,
282,4/25/15 10:30,26.781,18600.1,,,,,,
283,4/25/15 11:00,27.173,20666.8,,,,,,
284,4/25/15 11:30,27.272,26178,,,,,,
285,4/25/15 12:00,27.173,16533.4,,,,,,
286,4/25/15 12:30,27.272,30311.3,,,,,,
287,4/25/15 13:00,27.075,14466.8,,,,,,
288,4/25/15 13:30,26.977,14466.8,,,,,,
289,4/25/15 14:00,26.879,9300.1,,,,,,
290,4/25/15 14:30,26.977,10333.4,,,,,,
291,4/25/15 15:00,27.075,12400.1,,,,,,
292,4/25/15 15:30,26.977,6200,,,,,,
293,4/25/15 16:00,26.781,4994.5,,,,,,
294,4/25/15 16:30,26.781,5166.7,,,,,,
295,4/25/15 17:00,26.683,3100,,,,,,
296,4/25/15 17:30,26.585,1194.8,,,,,,
297,4/25/15 18:00,26.39,990.3,,,,,,
298,4/25/15 18:30,26.097,387.5,,,,,,
299,4/25/15 19:00,25.902,10.8,,,,,,
300,4/25/15 19:30,25.805,0,,,,,,
301,4/25/15 20:00,25.61,0,,,,,,
302,4/25/15 20:30,25.61,0,,,,,,
303,4/25/15 21:00,25.805,0,,,,,,
304,4/25/15 21:30,25.708,0,,,,,,
305,4/25/15 22:00,25.708,0,,,,,,
306,4/25/15 22:30,25.708,0,,,,,,
307,4/25/15 23:00,25.708,0,,,,,,
308,4/25/15 23:30,25.708,0,,,,,,
309,4/26/15 0:00,25.805,0,,,,,,
310,4/26/15 0:30,25.902,0,,,,,,
311,4/26/15 1:00,25.902,0,,,,,,
312,4/26/15 1:30,25.805,0,,,,,,
313,4/26/15 2:00,25.902,0,,,,,,
314,4/26/15 2:30,26,0,,,,,,
315,4/26/15 3:00,26.195,0,,,,,,
316,4/26/15 3:30,26.292,0,,,,,,
317,4/26/15 4:00,26.39,0,,,,,,
318,4/26/15 4:30,26.292,0,,,,,,
319,4/26/15 5:00,26.292,0,,,,,,
320,4/26/15 5:30,26.292,0,,,,,,
321,4/26/15 6:00,26.097,10.8,,,,,,
322,4/26/15 6:30,25.902,409,,,,,,
323,4/26/15 7:00,25.805,742.7,,,,,,
324,4/26/15 7:30,25.902,1033.3,,,,,,
325,4/26/15 8:00,26,3788.9,,,,,,
326,4/26/15 8:30,26.292,6544.5,,,,,,
327,4/26/15 9:00,26.195,8266.7,,,,,,
328,4/26/15 9:30,26.488,10677.8,,,,,,
329,4/26/15 10:00,26.781,15155.7,,,,,,
330,4/26/15 10:30,26.879,19289,,,,,,
331,4/26/15 11:00,27.37,23422.4,,,,,,
332,4/26/15 11:30,27.272,24800.2,,,,,,
333,4/26/15 12:00,27.173,19289,,,,,,
334,4/26/15 12:30,26.585,6544.5,,,,,,
335,4/26/15 13:00,27.173,9644.5,,,,,,
336,4/26/15 13:30,27.468,24800.2,,,,,,
337,4/26/15 14:00,27.468,27555.7,,,,,,
338,4/26/15 14:30,27.665,19977.9,,,,,,
339,4/26/15 15:00,27.665,15155.7,,,,,,
340,4/26/15 15:30,27.37,4650,,,,,,
341,4/26/15 16:00,27.567,5511.1,,,,,,
342,4/26/15 16:30,27.468,3100,,,,,,
343,4/26/15 17:00,27.468,2755.6,,,,,,
344,4/26/15 17:30,27.075,721.2,,,,,,
345,4/26/15 18:00,26.781,624.3,,,,,,
346,4/26/15 18:30,26.488,183,,,,,,
347,4/26/15 19:00,26.39,0,,,,,,
348,4/26/15 19:30,26.195,0,,,,,,
349,4/26/15 20:00,26.195,0,,,,,,
350,4/26/15 20:30,26.097,0,,,,,,
351,4/26/15 21:00,26.097,0,,,,,,
352,4/26/15 21:30,26.097,0,,,,,,
353,4/26/15 22:00,26.097,0,,,,,,
354,4/26/15 22:30,26,0,,,,,,
355,4/26/15 23:00,26,0,,,,,,
356,4/26/15 23:30,26,0,,,,,,
357,4/27/15 0:00,25.902,0,,,,,,
358,4/27/15 0:30,25.902,0,,,,,,
359,4/27/15 1:00,25.902,0,,,,,,
360,4/27/15 1:30,25.805,0,,,,,,
361,4/27/15 2:00,25.805,0,,,,,,
362,4/27/15 2:30,25.902,0,,,,,,
363,4/27/15 3:00,26,0,,,,,,
364,4/27/15 3:30,26.097,0,,,,,,
365,4/27/15 4:00,26,0,,,,,,
366,4/27/15 4:30,26,0,,,,,,
367,4/27/15 5:00,25.902,0,,,,,,
368,4/27/15 5:30,25.708,0,,,,,,
369,4/27/15 6:00,25.708,43.1,,,,,,
370,4/27/15 6:30,25.61,495.1,,,,,,
371,4/27/15 7:00,25.61,1280.9,,,,,,
372,4/27/15 7:30,25.61,1722.2,,,,,,
373,4/27/15 8:00,25.513,3100,,,,,,
374,4/27/15 8:30,26,9300.1,,,,,,
375,4/27/15 9:00,26.097,11711.2,,,,,,
376,4/27/15 9:30,26.292,16533.4,,,,,,
377,4/27/15 10:00,26.488,18600.1,,,,,,
378,4/27/15 10:30,26.488,3272.2,,,,,,
379,4/27/15 11:00,26.683,16533.4,,,,,,
380,4/27/15 11:30,26.781,24800.2,,,,,,
381,4/27/15 12:00,26.781,24800.2,,,,,,
382,4/27/15 12:30,26.879,26178,,,,,,
383,4/27/15 13:00,26.879,23422.4,,,,,,
384,4/27/15 13:30,26.879,21355.7,,,,,,
385,4/27/15 14:00,26.781,12400.1,,,,,,
386,4/27/15 14:30,26.879,10333.4,,,,,,
387,4/27/15 15:00,26.879,8611.2,,,,,,
388,4/27/15 15:30,26.879,8266.7,,,,,,
389,4/27/15 16:00,26.879,5166.7,,,,,,
390,4/27/15 16:30,26.879,3788.9,,,,,,
391,4/27/15 17:00,26.879,2411.1,,,,,,
392,4/27/15 17:30,26.683,2152.8,,,,,,
393,4/27/15 18:00,26.39,958,,,,,,
394,4/27/15 18:30,26.097,366,,,,,,
395,4/27/15 19:00,26,10.8,,,,,,
396,4/27/15 19:30,25.805,0,,,,,,
397,4/27/15 20:00,25.61,0,,,,,,
398,4/27/15 20:30,25.513,0,,,,,,
399,4/27/15 21:00,25.513,0,,,,,,
400,4/27/15 21:30,25.513,0,,,,,,
401,4/27/15 22:00,25.513,0,,,,,,
402,4/27/15 22:30,25.513,0,,,,,,
403,4/27/15 23:00,25.416,0,,,,,,
404,4/27/15 23:30,25.416,0,,,,,,
405,4/28/15 0:00,25.416,0,,,,,,
406,4/28/15 0:30,25.416,0,,,,,,
407,4/28/15 1:00,25.416,0,,,,,,
408,4/28/15 1:30,25.416,0,,,,,,
409,4/28/15 2:00,25.416,0,,,,,,
410,4/28/15 2:30,25.513,0,,,,,,
411,4/28/15 3:00,25.416,0,,,,,,
412,4/28/15 3:30,25.319,0,,,,,,
413,4/28/15 4:00,25.319,0,,,,,,
414,4/28/15 4:30,25.222,0,,,,,,
415,4/28/15 5:00,25.125,0,,,,,,
416,4/28/15 5:30,25.125,0,,,,,,
417,4/28/15 6:00,24.931,10.8,,,,,,
418,4/28/15 6:30,24.931,247.6,,,,,,
419,4/28/15 7:00,24.931,839.6,,,,,,
420,4/28/15 7:30,24.931,1377.8,,,,,,
421,4/28/15 8:00,25.028,1636.1,,,,,,
422,4/28/15 8:30,25.319,11022.3,,,,,,
423,4/28/15 9:00,25.513,14466.8,,,,,,
424,4/28/15 9:30,25.805,5511.1,,,,,,
425,4/28/15 10:00,26.097,18600.1,,,,,,
426,4/28/15 10:30,25.708,7233.4,,,,,,
427,4/28/15 11:00,25.902,13089,,,,,,
428,4/28/15 11:30,26.097,28933.5,,,,,,
429,4/28/15 12:00,26,14466.8,,,,,,
430,4/28/15 12:30,26.292,24800.2,,,,,,
431,4/28/15 13:00,26.292,6544.5,,,,,,
432,4/28/15 13:30,26.195,7233.4,,,,,,
433,4/28/15 14:00,26.195,5166.7,,,,,,
434,4/28/15 14:30,26.097,3788.9,,,,,,
435,4/28/15 15:00,26.292,9300.1,,,,,,
436,4/28/15 15:30,26.195,7577.8,,,,,,
437,4/28/15 16:00,26,1894.5,,,,,,
438,4/28/15 16:30,26,1808.3,,,,,,
439,4/28/15 17:00,26,1463.9,,,,,,
440,4/28/15 17:30,26,656.6,,,,,,
441,4/28/15 18:00,26,581.3,,,,,,
442,4/28/15 18:30,26,312.2,,,,,,
443,4/28/15 19:00,26,0,,,,,,
444,4/28/15 19:30,25.902,0,,,,,,
445,4/28/15 20:00,25.902,0,,,,,,
446,4/28/15 20:30,25.902,0,,,,,,
447,4/28/15 21:00,25.805,0,,,,,,
448,4/28/15 21:30,25.61,0,,,,,,
449,4/28/15 22:00,25.61,0,,,,,,
450,4/28/15 22:30,25.61,0,,,,,,
451,4/28/15 23:00,25.708,0,,,,,,
452,4/28/15 23:30,25.708,0,,,,,,
453,4/29/15 0:00,25.61,0,,,,,,
454,4/29/15 0:30,25.61,0,,,,,,
455,4/29/15 1:00,25.61,0,,,,,,
456,4/29/15 1:30,25.61,0,,,,,,
457,4/29/15 2:00,25.61,0,,,,,,
458,4/29/15 2:30,25.61,0,,,,,,
459,4/29/15 3:00,25.513,0,,,,,,
460,4/29/15 3:30,25.416,0,,,,,,
461,4/29/15 4:00,25.319,0,,,,,,
462,4/29/15 4:30,25.222,0,,,,,,
463,4/29/15 5:00,25.222,0,,,,,,
464,4/29/15 5:30,25.125,0,,,,,,
465,4/29/15 6:00,25.028,21.5,,,,,,
466,4/29/15 6:30,25.028,344.4,,,,,,
467,4/29/15 7:00,25.028,1119.5,,,,,,
468,4/29/15 7:30,25.028,1291.7,,,,,,
469,4/29/15 8:00,25.125,2325,,,,,,
470,4/29/15 8:30,25.319,2755.6,,,,,,
471,4/29/15 9:00,25.805,9644.5,,,,,,
472,4/29/15 9:30,25.805,12400.1,,,,,,
473,4/29/15 10:00,26.292,9644.5,,,,,,
474,4/29/15 10:30,26.488,19977.9,,,,,,
475,4/29/15 11:00,26.488,10333.4,,,,,,
476,4/29/15 11:30,26.488,9300.1,,,,,,
477,4/29/15 12:00,26.488,13777.9,,,,,,
478,4/29/15 12:30,26.879,26178,,,,,,
479,4/29/15 13:00,26.879,28933.5,,,,,,
480,4/29/15 13:30,26.781,14466.8,,,,,,
481,4/29/15 14:00,26.683,24800.2,,,,,,
482,4/29/15 14:30,26.585,12400.1,,,,,,
483,4/29/15 15:00,26.488,26178,,,,,,
484,4/29/15 15:30,26.39,17222.3,,,,,,
485,4/29/15 16:00,26.292,5166.7,,,,,,
486,4/29/15 16:30,26.39,5166.7,,,,,,
487,4/29/15 17:00,26.292,2755.6,,,,,,
488,4/29/15 17:30,26.195,1377.8,,,,,,
489,4/29/15 18:00,26.097,678.1,,,,,,
490,4/29/15 18:30,26,226,,,,,,
491,4/29/15 19:00,25.902,10.8,,,,,,
492,4/29/15 19:30,25.902,0,,,,,,
493,4/29/15 20:00,25.902,0,,,,,,
494,4/29/15 20:30,25.805,0,,,,,,
495,4/29/15 21:00,25.708,0,,,,,,
496,4/29/15 21:30,25.61,0,,,,,,
497,4/29/15 22:00,25.61,0,,,,,,
498,4/29/15 22:30,25.61,0,,,,,,
499,4/29/15 23:00,25.61,0,,,,,,
500,4/29/15 23:30,25.61,0,,,,,,
501,4/30/15 0:00,25.61,0,,,,,,
502,4/30/15 0:30,25.61,0,,,,,,
503,4/30/15 1:00,25.61,0,,,,,,
504,4/30/15 1:30,25.61,0,,,,,,
505,4/30/15 2:00,25.61,0,,,,,,
506,4/30/15 2:30,25.513,0,,,,,,
507,4/30/15 3:00,25.513,0,,,,,,
508,4/30/15 3:30,25.513,0,,,,,,
509,4/30/15 4:00,25.513,0,,,,,,
510,4/30/15 4:30,25.416,0,,,,,,
511,4/30/15 5:00,25.222,0,,,,,,
512,4/30/15 5:30,25.125,0,,,,,,
513,4/30/15 6:00,25.028,32.3,,,,,,
514,4/30/15 6:30,24.931,301.4,,,,,,
515,4/30/15 7:00,24.835,882.6,,,,,,
516,4/30/15 7:30,24.835,1076.4,,,,,,
517,4/30/15 8:00,24.835,1291.7,,,,,,
518,4/30/15 8:30,24.931,5166.7,,,,,,
519,4/30/15 9:00,24.931,3444.5,,,,,,
520,4/30/15 9:30,24.931,2755.6,,,,,,
521,4/30/15 10:00,25.513,11711.2,,,,,,
522,4/30/15 10:30,26.292,18600.1,,,,,,
523,4/30/15 11:00,26.488,17222.3,,,,,,
524,4/30/15 11:30,26.585,23422.4,,,,,,
525,4/30/15 12:00,26.585,15155.7,,,,,,
526,4/30/15 12:30,26.585,17222.3,,,,,,
527,4/30/15 13:00,26.781,20666.8,,,,,,
528,4/30/15 13:30,26.683,14466.8,,,,,,
529,4/30/15 14:00,26.683,10677.8,,,,,,
530,4/30/15 14:30,26.488,24800.2,,,,,,
531,4/30/15 15:00,26.39,11711.2,,,,,,
532,4/30/15 15:30,26.292,8611.2,,,,,,
533,4/30/15 16:00,26.39,6544.5,,,,,,
534,4/30/15 16:30,26.195,2066.7,,,,,,
535,4/30/15 17:00,26.097,1377.8,,,,,,
536,4/30/15 17:30,26.097,1808.3,,,,,,
537,4/30/15 18:00,26,1205.6,,,,,,
538,4/30/15 18:30,26,419.8,,,,,,
539,4/30/15 19:00,25.902,10.8,,,,,,
540,4/30/15 19:30,25.902,0,,,,,,
541,4/30/15 20:00,25.902,0,,,,,,
542,4/30/15 20:30,25.805,0,,,,,,
543,4/30/15 21:00,25.805,0,,,,,,
544,4/30/15 21:30,25.805,0,,,,,,
545,4/30/15 22:00,25.708,0,,,,,,
546,4/30/15 22:30,25.708,0,,,,,,
547,4/30/15 23:00,25.61,0,,,,,,
548,4/30/15 23:30,25.61,0,,,,,,
549,5/1/15 0:00,25.61,0,,,,,,
550,5/1/15 0:30,25.61,0,,,,,,
551,5/1/15 1:00,25.61,0,,,,,,
552,5/1/15 1:30,25.513,0,,,,,,
553,5/1/15 2:00,25.513,0,,,,,,
554,5/1/15 2:30,25.513,0,,,,,,
555,5/1/15 3:00,25.513,0,,,,,,
556,5/1/15 3:30,25.416,0,,,,,,
557,5/1/15 4:00,25.416,0,,,,,,
558,5/1/15 4:30,25.416,0,,,,,,
559,5/1/15 5:00,25.319,0,,,,,,
560,5/1/15 5:30,25.222,0,,,,,,
561,5/1/15 6:00,25.125,32.3,,,,,,
562,5/1/15 6:30,25.028,290.6,,,,,,
563,5/1/15 7:00,24.931,635.1,,,,,,
564,5/1/15 7:30,24.931,764.2,,,,,,
565,5/1/15 8:00,24.931,1324,,,,,,
566,5/1/15 8:30,25.125,4822.3,,,,,,
567,5/1/15 9:00,25.028,2497.2,,,,,,
568,5/1/15 9:30,25.319,8266.7,,,,,,
569,5/1/15 10:00,25.125,7233.4,,,,,,
570,5/1/15 10:30,25.125,6200,,,,,,
571,5/1/15 11:00,25.125,2669.5,,,,,,
572,5/1/15 11:30,25.61,3961.1,,,,,,
573,5/1/15 12:00,26,9644.5,,,,,,
574,5/1/15 12:30,25.902,7577.8,,,,,,
575,5/1/15 13:00,26.292,10333.4,,,,,,
576,5/1/15 13:30,26,7233.4,,,,,,
577,5/1/15 14:00,26.195,15155.7,,,,,,
578,5/1/15 14:30,26.39,17222.3,,,,,,
579,5/1/15 15:00,26.195,8611.2,,,,,,
580,5/1/15 15:30,26.097,2325,,,,,,
581,5/1/15 16:00,25.902,2411.1,,,,,,
582,5/1/15 16:30,25.708,1722.2,,,,,,
583,5/1/15 17:00,25.805,2238.9,,,,,,
584,5/1/15 17:30,25.805,2669.5,,,,,,
585,5/1/15 18:00,25.708,1162.5,,,,,,
586,5/1/15 18:30,25.61,290.6,,,,,,
587,5/1/15 19:00,25.513,10.8,,,,,,
588,5/1/15 19:30,25.513,0,,,,,,
589,5/1/15 20:00,25.513,0,,,,,,
590,5/1/15 20:30,25.416,0,,,,,,
591,5/1/15 21:00,25.416,0,,,,,,
592,5/1/15 21:30,25.416,0,,,,,,
593,5/1/15 22:00,25.319,0,,,,,,
594,5/1/15 22:30,25.416,0,,,,,,
595,5/1/15 23:00,25.416,0,,,,,,
596,5/1/15 23:30,25.319,0,,,,,,
597,5/2/15 0:00,25.319,0,,,,,,
598,5/2/15 0:30,25.416,0,,,,,,
599,5/2/15 1:00,25.416,0,,,,,,
600,5/2/15 1:30,25.319,0,,,,,,
601,5/2/15 2:00,25.416,0,,,,,,
602,5/2/15 2:30,25.416,0,,,,,,
603,5/2/15 3:00,25.319,0,,,,,,
604,5/2/15 3:30,25.319,0,,,,,,
605,5/2/15 4:00,25.222,0,,,,,,
606,5/2/15 4:30,25.222,0,,,,,,
607,5/2/15 5:00,25.222,0,,,,,,
608,5/2/15 5:30,25.028,0,,,,,,
609,5/2/15 6:00,24.931,21.5,,,,,,
610,5/2/15 6:30,24.835,258.3,,,,,,
611,5/2/15 7:00,24.641,398.3,,,,,,
612,5/2/15 7:30,24.545,925.7,,,,,,
613,5/2/15 8:00,24.448,559.7,,,,,,
614,5/2/15 8:30,24.641,4305.6,,,,,,
615,5/2/15 9:00,24.835,5511.1,,,,,,
616,5/2/15 9:30,24.835,6544.5,,,,,,
617,5/2/15 10:00,25.222,14466.8,,,,,,
618,5/2/15 10:30,25.708,4133.4,,,,,,
619,5/2/15 11:00,26,12400.1,,,,,,
620,5/2/15 11:30,26.195,5166.7,,,,,,
621,5/2/15 12:00,26.488,16533.4,,,,,,
622,5/2/15 12:30,26.488,11711.2,,,,,,
623,5/2/15 13:00,26.488,14466.8,,,,,,
624,5/2/15 13:30,26.585,28933.5,,,,,,
625,5/2/15 14:00,26.488,11022.3,,,,,,
626,5/2/15 14:30,26.292,7577.8,,,,,,
627,5/2/15 15:00,26.488,12400.1,,,,,,
628,5/2/15 15:30,26.292,10677.8,,,,,,
629,5/2/15 16:00,26.292,8611.2,,,,,,
630,5/2/15 16:30,26.097,5511.1,,,,,,
631,5/2/15 17:00,26.195,5511.1,,,,,,
632,5/2/15 17:30,26.097,4477.8,,,,,,
633,5/2/15 18:00,26,1141,,,,,,
634,5/2/15 18:30,25.902,430.6,,,,,,
635,5/2/15 19:00,25.805,10.8,,,,,,
636,5/2/15 19:30,25.708,0,,,,,,
637,5/2/15 20:00,25.708,0,,,,,,
638,5/2/15 20:30,25.708,0,,,,,,
639,5/2/15 21:00,25.708,0,,,,,,
640,5/2/15 21:30,25.708,0,,,,,,
641,5/2/15 22:00,25.708,0,,,,,,
642,5/2/15 22:30,25.61,0,,,,,,
643,5/2/15 23:00,25.513,0,,,,,,
644,5/2/15 23:30,25.513,0,,,,,,
645,5/3/15 0:00,25.513,0,,,,,,
646,5/3/15 0:30,25.513,0,,,,,,
647,5/3/15 1:00,25.513,0,,,,,,
648,5/3/15 1:30,25.416,0,,,,,,
649,5/3/15 2:00,25.416,0,,,,,,
650,5/3/15 2:30,25.319,0,,,,,,
651,5/3/15 3:00,25.319,0,,,,,,
652,5/3/15 3:30,25.222,0,,,,,,
653,5/3/15 4:00,25.222,0,,,,,,
654,5/3/15 4:30,25.222,0,,,,,,
655,5/3/15 5:00,25.222,0,,,,,,
656,5/3/15 5:30,25.222,0,,,,,,
657,5/3/15 6:00,25.125,53.8,,,,,,
658,5/3/15 6:30,25.125,538.2,,,,,,
659,5/3/15 7:00,25.028,678.1,,,,,,
660,5/3/15 7:30,24.931,742.7,,,,,,
661,5/3/15 8:00,24.835,893.4,,,,,,
662,5/3/15 8:30,25.028,5166.7,,,,,,
663,5/3/15 9:00,25.125,6544.5,,,,,,
664,5/3/15 9:30,25.222,12400.1,,,,,,
665,5/3/15 10:00,25.222,11711.2,,,,,,
666,5/3/15 10:30,25.319,13089,,,,,,
667,5/3/15 11:00,25.513,16533.4,,,,,,
668,5/3/15 11:30,25.902,18600.1,,,,,,
669,5/3/15 12:00,26.195,26178,,,,,,
670,5/3/15 12:30,26.292,27555.7,,,,,,
671,5/3/15 13:00,26.097,5511.1,,,,,,
672,5/3/15 13:30,26.39,28933.5,,,,,,
673,5/3/15 14:00,26.292,21355.7,,,,,,
674,5/3/15 14:30,26.292,18600.1,,,,,,
675,5/3/15 15:00,26.195,12400.1,,,,,,
676,5/3/15 15:30,26.195,9300.1,,,,,,
677,5/3/15 16:00,25.805,2927.8,,,,,,
678,5/3/15 16:30,26,5166.7,,,,,,
679,5/3/15 17:00,25.805,4477.8,,,,,,
680,5/3/15 17:30,25.708,1722.2,,,,,,
681,5/3/15 18:00,25.61,1054.9,,,,,,
682,5/3/15 18:30,25.61,441.3,,,,,,
683,5/3/15 19:00,25.513,32.3,,,,,,
684,5/3/15 19:30,25.513,0,,,,,,
685,5/3/15 20:00,25.513,0,,,,,,
686,5/3/15 20:30,25.416,0,,,,,,
687,5/3/15 21:00,25.319,0,,,,,,
688,5/3/15 21:30,25.319,0,,,,,,
689,5/3/15 22:00,25.319,0,,,,,,
690,5/3/15 22:30,25.222,0,,,,,,
691,5/3/15 23:00,25.222,0,,,,,,
692,5/3/15 23:30,25.319,0,,,,,,
693,5/4/15 0:00,25.416,0,,,,,,
694,5/4/15 0:30,25.319,0,,,,,,
695,5/4/15 1:00,25.319,0,,,,,,
696,5/4/15 1:30,25.319,0,,,,,,
697,5/4/15 2:00,25.319,0,,,,,,
698,5/4/15 2:30,25.319,0,,,,,,
699,5/4/15 3:00,25.222,0,,,,,,
700,5/4/15 3:30,25.222,0,,,,,,
701,5/4/15 4:00,25.222,0,,,,,,
702,5/4/15 4:30,25.125,0,,,,,,
703,5/4/15 5:00,25.125,0,,,,,,
704,5/4/15 5:30,25.125,0,,,,,,
705,5/4/15 6:00,25.125,64.6,,,,,,
706,5/4/15 6:30,25.028,419.8,,,,,,
707,5/4/15 7:00,24.931,667.4,,,,,,
708,5/4/15 7:30,24.835,764.2,,,,,,
709,5/4/15 8:00,24.835,2325,,,,,,
710,5/4/15 8:30,24.835,2238.9,,,,,,
711,5/4/15 9:00,24.835,3444.5,,,,,,
712,5/4/15 9:30,24.931,3961.1,,,,,,
713,5/4/15 10:00,25.222,8266.7,,,,,,
714,5/4/15 10:30,25.125,7233.4,,,,,,
715,5/4/15 11:00,25.222,6200,,,,,,
716,5/4/15 11:30,25.805,18600.1,,,,,,
717,5/4/15 12:00,25.513,8611.2,,,,,,
718,5/4/15 12:30,25.708,9644.5,,,,,,
719,5/4/15 13:00,26,15844.5,,,,,,
720,5/4/15 13:30,26,19289,,,,,,
721,5/4/15 14:00,26.097,20666.8,,,,,,
722,5/4/15 14:30,26,17222.3,,,,,,
723,5/4/15 15:00,25.902,13777.9,,,,,,
724,5/4/15 15:30,25.902,11711.2,,,,,,
725,5/4/15 16:00,25.805,10677.8,,,,,,
726,5/4/15 16:30,25.708,4650,,,,,,
727,5/4/15 17:00,25.61,1550,,,,,,
728,5/4/15 17:30,25.513,2755.6,,,,,,
729,5/4/15 18:00,25.513,1463.9,,,,,,
730,5/4/15 18:30,25.416,441.3,,,,,,
731,5/4/15 19:00,25.319,32.3,,,,,,
732,5/4/15 19:30,25.319,0,,,,,,
733,5/4/15 20:00,25.416,0,,,,,,
734,5/4/15 20:30,25.416,0,,,,,,
735,5/4/15 21:00,25.416,0,,,,,,
736,5/4/15 21:30,25.319,0,,,,,,
737,5/4/15 22:00,25.319,0,,,,,,
738,5/4/15 22:30,25.319,0,,,,,,
739,5/4/15 23:00,25.319,0,,,,,,
740,5/4/15 23:30,25.319,0,,,,,,
741,5/5/15 0:00,25.319,0,,,,,,
742,5/5/15 0:30,25.222,0,,,,,,
743,5/5/15 1:00,25.222,0,,,,,,
744,5/5/15 1:30,25.222,0,,,,,,
745,5/5/15 2:00,25.125,0,,,,,,
746,5/5/15 2:30,25.125,0,,,,,,
747,5/5/15 3:00,25.125,0,,,,,,
748,5/5/15 3:30,25.125,0,,,,,,
749,5/5/15 4:00,25.125,0,,,,,,
750,5/5/15 4:30,25.125,0,,,,,,
751,5/5/15 5:00,25.125,0,,,,,,
752,5/5/15 5:30,25.125,0,,,,,,
753,5/5/15 6:00,25.125,53.8,,,,,,
754,5/5/15 6:30,25.125,592,,,,,,
755,5/5/15 7:00,25.125,1227.1,,,,,,
756,5/5/15 7:30,24.835,710.4,,,,,,
757,5/5/15 8:00,24.931,2066.7,,,,,,
758,5/5/15 8:30,25.125,5511.1,,,,,,
759,5/5/15 9:00,25.319,8266.7,,,,,,
760,5/5/15 9:30,25.125,6544.5,,,,,,
761,5/5/15 10:00,25.513,10677.8,,,,,,
762,5/5/15 10:30,25.513,16533.4,,,,,,
763,5/5/15 11:00,25.416,15844.5,,,,,,
764,5/5/15 11:30,25.805,22044.6,,,,,,
765,5/5/15 12:00,26,18600.1,,,,,,
766,5/5/15 12:30,26.195,22044.6,,,,,,
767,5/5/15 13:00,26.195,11022.3,,,,,,
768,5/5/15 13:30,26.195,20666.8,,,,,,
769,5/5/15 14:00,26.195,16533.4,,,,,,
770,5/5/15 14:30,26.195,9644.5,,,,,,
771,5/5/15 15:00,26,8611.2,,,,,,
772,5/5/15 15:30,26,14466.8,,,,,,
773,5/5/15 16:00,25.805,3444.5,,,,,,
774,5/5/15 16:30,25.61,3100,,,,,,
775,5/5/15 17:00,25.61,3616.7,,,,,,
776,5/5/15 17:30,25.708,3100,,,,,,
777,5/5/15 18:00,25.61,1636.1,,,,,,
778,5/5/15 18:30,25.61,581.3,,,,,,
779,5/5/15 19:00,25.513,21.5,,,,,,
780,5/5/15 19:30,25.513,0,,,,,,
781,5/5/15 20:00,25.513,0,,,,,,
782,5/5/15 20:30,25.513,0,,,,,,
783,5/5/15 21:00,25.513,0,,,,,,
784,5/5/15 21:30,25.513,0,,,,,,
785,5/5/15 22:00,25.513,0,,,,,,
786,5/5/15 22:30,25.513,0,,,,,,
787,5/5/15 23:00,25.513,0,,,,,,
788,5/5/15 23:30,25.416,0,,,,,,
789,5/6/15 0:00,25.416,0,,,,,,
790,5/6/15 0:30,25.319,0,,,,,,
791,5/6/15 1:00,25.319,0,,,,,,
792,5/6/15 1:30,25.319,0,,,,,,
793,5/6/15 2:00,25.319,0,,,,,,
794,5/6/15 2:30,25.416,0,,,,,,
795,5/6/15 3:00,25.416,0,,,,,,
796,5/6/15 3:30,25.416,0,,,,,,
797,5/6/15 4:00,25.416,0,,,,,,
798,5/6/15 4:30,25.416,0,,,,,,
799,5/6/15 5:00,25.319,0,,,,,,
800,5/6/15 5:30,25.222,0,,,,,,
801,5/6/15 6:00,25.222,75.3,,,,,,
802,5/6/15 6:30,25.319,602.8,,,,,,
803,5/6/15 7:00,25.319,1087.2,,,,,,
804,5/6/15 7:30,25.319,2497.2,,,,,,
805,5/6/15 8:00,25.222,1463.9,,,,,,
806,5/6/15 8:30,25.125,1463.9,,,,,,
807,5/6/15 9:00,25.222,2927.8,,,,,,
808,5/6/15 9:30,25.125,2411.1,,,,,,
809,5/6/15 10:00,25.319,5166.7,,,,,,
810,5/6/15 10:30,25.61,10677.8,,,,,,
811,5/6/15 11:00,25.708,12400.1,,,,,,
812,5/6/15 11:30,25.708,11022.3,,,,,,
813,5/6/15 12:00,25.416,5166.7,,,,,,
814,5/6/15 12:30,25.61,12400.1,,,,,,
815,5/6/15 13:00,25.708,13089,,,,,,
816,5/6/15 13:30,25.61,5166.7,,,,,,
817,5/6/15 14:00,25.708,8266.7,,,,,,
818,5/6/15 14:30,25.708,6200,,,,,,
819,5/6/15 15:00,26,16533.4,,,,,,
820,5/6/15 15:30,25.805,9644.5,,,,,,
821,5/6/15 16:00,25.902,8611.2,,,,,,
822,5/6/15 16:30,25.805,4822.3,,,,,,
823,5/6/15 17:00,25.708,5166.7,,,,,,
824,5/6/15 17:30,25.61,2238.9,,,,,,
825,5/6/15 18:00,25.61,1248.6,,,,,,
826,5/6/15 18:30,25.513,505.9,,,,,,
827,5/6/15 19:00,25.416,53.8,,,,,,
828,5/6/15 19:30,25.416,0,,,,,,
829,5/6/15 20:00,25.416,0,,,,,,
830,5/6/15 20:30,25.416,0,,,,,,
831,5/6/15 21:00,25.416,0,,,,,,
832,5/6/15 21:30,25.416,0,,,,,,
833,5/6/15 22:00,25.416,0,,,,,,
834,5/6/15 22:30,25.319,0,,,,,,
835,5/6/15 23:00,25.416,0,,,,,,
836,5/6/15 23:30,25.319,0,,,,,,
837,5/7/15 0:00,25.319,0,,,,,,
838,5/7/15 0:30,25.319,0,,,,,,
839,5/7/15 1:00,25.222,0,,,,,,
840,5/7/15 1:30,25.319,0,,,,,,
841,5/7/15 2:00,25.222,0,,,,,,
842,5/7/15 2:30,25.319,0,,,,,,
843,5/7/15 3:00,25.319,0,,,,,,
844,5/7/15 3:30,25.319,0,,,,,,
845,5/7/15 4:00,25.319,0,,,,,,
846,5/7/15 4:30,25.222,0,,,,,,
847,5/7/15 5:00,25.222,0,,,,,,
848,5/7/15 5:30,25.125,0,,,,,,
849,5/7/15 6:00,25.125,64.6,,,,,,
850,5/7/15 6:30,25.125,538.2,,,,,,
851,5/7/15 7:00,25.125,731.9,,,,,,
852,5/7/15 7:30,25.125,882.6,,,,,,
853,5/7/15 8:00,25.125,1065.6,,,,,,
854,5/7/15 8:30,25.319,7233.4,,,,,,
855,5/7/15 9:00,25.319,4994.5,,,,,,
856,5/7/15 9:30,25.125,7233.4,,,,,,
857,5/7/15 10:00,25.222,3100,,,,,,
858,5/7/15 10:30,25.416,7233.4,,,,,,
859,5/7/15 11:00,25.416,9644.5,,,,,,
860,5/7/15 11:30,25.513,10333.4,,,,,,
861,5/7/15 12:00,25.708,11022.3,,,,,,
862,5/7/15 12:30,25.708,9644.5,,,,,,
863,5/7/15 13:00,25.708,9644.5,,,,,,
864,5/7/15 13:30,25.805,8611.2,,,,,,
865,5/7/15 14:00,25.708,3788.9,,,,,,
866,5/7/15 14:30,25.805,7577.8,,,,,,
867,5/7/15 15:00,25.805,11022.3,,,,,,
868,5/7/15 15:30,25.513,3444.5,,,,,,
869,5/7/15 16:00,25.61,2497.2,,,,,,
870,5/7/15 16:30,25.61,4822.3,,,,,,
871,5/7/15 17:00,25.513,2497.2,,,,,,
872,5/7/15 17:30,25.513,2152.8,,,,,,
873,5/7/15 18:00,25.416,914.9,,,,,,
874,5/7/15 18:30,25.416,322.9,,,,,,
875,5/7/15 19:00,25.319,21.5,,,,,,
876,5/7/15 19:30,25.416,0,,,,,,
877,5/7/15 20:00,25.319,0,,,,,,
878,5/7/15 20:30,25.319,0,,,,,,
879,5/7/15 21:00,25.319,0,,,,,,
880,5/7/15 21:30,25.319,0,,,,,,
881,5/7/15 22:00,25.319,0,,,,,,
882,5/7/15 22:30,25.222,0,,,,,,
883,5/7/15 23:00,25.222,0,,,,,,
884,5/7/15 23:30,25.222,0,,,,,,
885,5/8/15 0:00,25.222,0,,,,,,
886,5/8/15 0:30,25.222,0,,,,,,
887,5/8/15 1:00,25.222,0,,,,,,
888,5/8/15 1:30,25.222,0,,,,,,
889,5/8/15 2:00,25.125,0,,,,,,
890,5/8/15 2:30,25.125,0,,,,,,
891,5/8/15 3:00,25.125,0,,,,,,
892,5/8/15 3:30,25.125,0,,,,,,
893,5/8/15 4:00,25.028,0,,,,,,
894,5/8/15 4:30,25.028,0,,,,,,
895,5/8/15 5:00,25.028,0,,,,,,
896,5/8/15 5:30,25.028,0,,,,,,
897,5/8/15 6:00,25.028,21.5,,,,,,
898,5/8/15 6:30,25.028,376.7,,,,,,
899,5/8/15 7:00,25.028,1022.6,,,,,,
900,5/8/15 7:30,25.125,2152.8,,,,,,
901,5/8/15 8:00,25.222,2927.8,,,,,,
902,5/8/15 8:30,25.319,4822.3,,,,,,
903,5/8/15 9:00,25.319,7233.4,,,,,,
904,5/8/15 9:30,25.416,8266.7,,,,,,
905,5/8/15 10:00,25.416,5166.7,,,,,,
906,5/8/15 10:30,25.319,4305.6,,,,,,
907,5/8/15 11:00,25.319,5511.1,,,,,,
908,5/8/15 11:30,25.222,4650,,,,,,
909,5/8/15 12:00,25.319,6200,,,,,,
910,5/8/15 12:30,25.416,13089,,,,,,
911,5/8/15 13:00,25.61,14466.8,,,,,,
912,5/8/15 13:30,25.805,15844.5,,,,,,
913,5/8/15 14:00,25.902,16533.4,,,,,,
914,5/8/15 14:30,26,18600.1,,,,,,
915,5/8/15 15:00,25.902,18600.1,,,,,,
916,5/8/15 15:30,25.805,2669.5,,,,,,
917,5/8/15 16:00,25.61,4305.6,,,,,,
918,5/8/15 16:30,25.61,1980.6,,,,,,
919,5/8/15 17:00,25.61,2755.6,,,,,,
920,5/8/15 17:30,25.513,1377.8,,,,,,
921,5/8/15 18:00,25.513,602.8,,,,,,
922,5/8/15 18:30,25.416,322.9,,,,,,
923,5/8/15 19:00,25.319,21.5,,,,,,
924,5/8/15 19:30,25.319,0,,,,,,
925,5/8/15 20:00,25.319,0,,,,,,
926,5/8/15 20:30,25.319,0,,,,,,
927,5/8/15 21:00,25.319,0,,,,,,
928,5/8/15 21:30,25.222,0,,,,,,
929,5/8/15 22:00,25.222,0,,,,,,
930,5/8/15 22:30,25.125,0,,,,,,
931,5/8/15 23:00,25.028,0,,,,,,
932,5/8/15 23:30,24.931,0,,,,,,
933,5/9/15 0:00,24.835,0,,,,,,
934,5/9/15 0:30,24.835,0,,,,,,
935,5/9/15 1:00,24.835,0,,,,,,
936,5/9/15 1:30,24.931,0,,,,,,
937,5/9/15 2:00,24.931,0,,,,,,
938,5/9/15 2:30,24.931,0,,,,,,
939,5/9/15 3:00,24.931,0,,,,,,
940,5/9/15 3:30,25.028,0,,,,,,
941,5/9/15 4:00,25.125,0,,,,,,
942,5/9/15 4:30,25.125,0,,,,,,
943,5/9/15 5:00,25.028,0,,,,,,
944,5/9/15 5:30,25.125,0,,,,,,
945,5/9/15 6:00,25.125,53.8,,,,,,
946,5/9/15 6:30,25.125,430.6,,,,,,
947,5/9/15 7:00,25.028,721.2,,,,,,
948,5/9/15 7:30,25.028,2152.8,,,,,,
949,5/9/15 8:00,25.125,2927.8,,,,,,
950,5/9/15 8:30,25.222,4305.6,,,,,,
951,5/9/15 9:00,25.416,11711.2,,,,,,
952,5/9/15 9:30,25.222,3444.5,,,,,,
953,5/9/15 10:00,25.319,5511.1,,,,,,
954,5/9/15 10:30,25.319,8266.7,,,,,,
955,5/9/15 11:00,25.222,3444.5,,,,,,
956,5/9/15 11:30,25.319,12400.1,,,,,,
957,5/9/15 12:00,25.319,8266.7,,,,,,
958,5/9/15 12:30,25.708,4994.5,,,,,,
959,5/9/15 13:00,25.61,8266.7,,,,,,
960,5/9/15 13:30,25.513,6200,,,,,,
961,5/9/15 14:00,25.61,11711.2,,,,,,
962,5/9/15 14:30,25.708,5338.9,,,,,,
963,5/9/15 15:00,25.708,9300.1,,,,,,
964,5/9/15 15:30,25.61,2325,,,,,,
965,5/9/15 16:00,25.513,2497.2,,,,,,
966,5/9/15 16:30,25.61,3272.2,,,,,,
967,5/9/15 17:00,25.61,3100,,,,,,
968,5/9/15 17:30,25.513,1291.7,,,,,,
969,5/9/15 18:00,25.416,1001,,,,,,
970,5/9/15 18:30,25.416,355.2,,,,,,
971,5/9/15 19:00,25.416,32.3,,,,,,
972,5/9/15 19:30,25.319,0,,,,,,
973,5/9/15 20:00,25.319,0,,,,,,
974,5/9/15 20:30,25.319,0,,,,,,
975,5/9/15 21:00,25.319,0,,,,,,
976,5/9/15 21:30,25.222,0,,,,,,
977,5/9/15 22:00,25.222,0,,,,,,
978,5/9/15 22:30,25.222,0,,,,,,
979,5/9/15 23:00,25.125,0,,,,,,
980,5/9/15 23:30,25.028,0,,,,,,
981,5/10/15 0:00,24.931,0,,,,,,
982,5/10/15 0:30,24.931,0,,,,,,
983,5/10/15 1:00,24.835,0,,,,,,
984,5/10/15 1:30,24.835,0,,,,,,
985,5/10/15 2:00,24.835,0,,,,,,
986,5/10/15 2:30,24.835,0,,,,,,
987,5/10/15 3:00,24.835,0,,,,,,
988,5/10/15 3:30,24.835,0,,,,,,
989,5/10/15 4:00,25.125,0,,,,,,
990,5/10/15 4:30,25.125,0,,,,,,
991,5/10/15 5:00,25.125,0,,,,,,
992,5/10/15 5:30,25.125,0,,,,,,
993,5/10/15 6:00,25.125,64.6,,,,,,
994,5/10/15 6:30,25.222,344.4,,,,,,
995,5/10/15 7:00,25.222,1248.6,,,,,,
996,5/10/15 7:30,25.222,1216.3,,,,,,
997,5/10/15 8:00,25.222,2583.4,,,,,,
998,5/10/15 8:30,25.222,3100,,,,,,
999,5/10/15 9:00,25.513,9300.1,,,,,,
1000,5/10/15 9:30,25.61,9300.1,,,,,,
1001,5/10/15 10:00,25.708,13777.9,,,,,,
1002,5/10/15 10:30,25.708,9300.1,,,,,,
1003,5/10/15 11:00,25.708,16533.4,,,,,,
1004,5/10/15 11:30,25.708,7577.8,,,,,,
1005,5/10/15 12:00,25.61,5166.7,,,,,,
1006,5/10/15 12:30,25.708,8611.2,,,,,,
1007,5/10/15 13:00,25.61,2755.6,,,,,,
1008,5/10/15 13:30,25.805,10677.8,,,,,,
1009,5/10/15 14:00,25.805,3272.2,,,,,,
1010,5/10/15 14:30,25.805,8611.2,,,,,,
1011,5/10/15 15:00,25.708,7233.4,,,,,,
1012,5/10/15 15:30,25.708,6544.5,,,,,,
1013,5/10/15 16:00,25.61,5166.7,,,,,,
1014,5/10/15 16:30,25.708,1894.5,,,,,,
1015,5/10/15 17:00,25.708,1377.8,,,,,,
1016,5/10/15 17:30,25.708,1377.8,,,,,,
1017,5/10/15 18:00,25.708,1065.6,,,,,,
1018,5/10/15 18:30,25.61,505.9,,,,,,
1019,5/10/15 19:00,25.513,32.3,,,,,,
1020,5/10/15 19:30,25.513,0,,,,,,
1021,5/10/15 20:00,25.513,0,,,,,,
1022,5/10/15 20:30,25.513,0,,,,,,
1023,5/10/15 21:00,25.416,0,,,,,,
1024,5/10/15 21:30,25.416,0,,,,,,
1025,5/10/15 22:00,25.416,0,,,,,,
1026,5/10/15 22:30,25.416,0,,,,,,
1027,5/10/15 23:00,25.416,0,,,,,,
1028,5/10/15 23:30,25.319,0,,,,,,
1029,5/11/15 0:00,25.222,0,,,,,,
1030,5/11/15 0:30,25.125,0,,,,,,
1031,5/11/15 1:00,25.125,0,,,,,,
1032,5/11/15 1:30,25.125,0,,,,,,
1033,5/11/15 2:00,25.028,0,,,,,,
1034,5/11/15 2:30,24.931,0,,,,,,
1035,5/11/15 3:00,24.931,0,,,,,,
1036,5/11/15 3:30,25.125,0,,,,,,
1037,5/11/15 4:00,25.125,0,,,,,,
1038,5/11/15 4:30,25.222,0,,,,,,
1039,5/11/15 5:00,25.319,0,,,,,,
1040,5/11/15 5:30,25.416,0,,,,,,
1041,5/11/15 6:00,25.416,53.8,,,,,,
1042,5/11/15 6:30,25.416,656.6,,,,,,
1043,5/11/15 7:00,25.513,914.9,,,,,,
1044,5/11/15 7:30,25.513,1808.3,,,,,,
1045,5/11/15 8:00,25.513,1980.6,,,,,,
1046,5/11/15 8:30,25.513,1636.1,,,,,,
1047,5/11/15 9:00,25.708,6200,,,,,,
1048,5/11/15 9:30,25.805,9644.5,,,,,,
1049,5/11/15 10:00,25.902,8611.2,,,,,,
1050,5/11/15 10:30,25.902,19289,,,,,,
1051,5/11/15 11:00,26.097,20666.8,,,,,,
1052,5/11/15 11:30,26.097,14466.8,,,,,,
1053,5/11/15 12:00,26.292,28933.5,,,,,,
1054,5/11/15 12:30,26.195,15155.7,,,,,,
1055,5/11/15 13:00,25.902,20666.8,,,,,,
1056,5/11/15 13:30,25.708,8611.2,,,,,,
1057,5/11/15 14:00,25.805,5511.1,,,,,,
1058,5/11/15 14:30,25.805,7233.4,,,,,,
1059,5/11/15 15:00,25.708,5166.7,,,,,,
1060,5/11/15 15:30,25.708,4133.4,,,,,,
1061,5/11/15 16:00,25.708,4477.8,,,,,,
1062,5/11/15 16:30,25.708,2755.6,,,,,,
1063,5/11/15 17:00,25.61,2066.7,,,,,,
1064,5/11/15 17:30,25.61,2238.9,,,,,,
1065,5/11/15 18:00,25.61,764.2,,,,,,
1066,5/11/15 18:30,25.61,473.6,,,,,,
1067,5/11/15 19:00,25.61,43.1,,,,,,
1068,5/11/15 19:30,25.513,0,,,,,,
1069,5/11/15 20:00,25.513,0,,,,,,
1070,5/11/15 20:30,25.513,0,,,,,,
1071,5/11/15 21:00,25.416,0,,,,,,
1072,5/11/15 21:30,25.416,0,,,,,,
1073,5/11/15 22:00,25.319,0,,,,,,
1074,5/11/15 22:30,25.319,0,,,,,,
1075,5/11/15 23:00,25.416,0,,,,,,
1076,5/11/15 23:30,25.416,0,,,,,,
1077,5/12/15 0:00,25.416,0,,,,,,
1078,5/12/15 0:30,25.125,0,,,,,,
1079,5/12/15 1:00,24.931,0,,,,,,
1080,5/12/15 1:30,24.931,0,,,,,,
1081,5/12/15 2:00,24.931,0,,,,,,
1082,5/12/15 2:30,24.738,0,,,,,,
1083,5/12/15 3:00,24.738,0,,,,,,
1084,5/12/15 3:30,24.641,0,,,,,,
1085,5/12/15 4:00,24.641,0,,,,,,
1086,5/12/15 4:30,24.738,0,,,,,,
1087,5/12/15 5:00,24.738,0,,,,,,
1088,5/12/15 5:30,24.931,0,,,,,,
1089,5/12/15 6:00,25.125,75.3,,,,,,
1090,5/12/15 6:30,25.222,409,,,,,,
1091,5/12/15 7:00,25.222,667.4,,,,,,
1092,5/12/15 7:30,25.319,1377.8,,,,,,
1093,5/12/15 8:00,25.416,2497.2,,,,,,
1094,5/12/15 8:30,25.513,4650,,,,,,
1095,5/12/15 9:00,25.61,3444.5,,,,,,
1096,5/12/15 9:30,25.61,2411.1,,,,,,
1097,5/12/15 10:00,25.708,2669.5,,,,,,
1098,5/12/15 10:30,25.902,14466.8,,,,,,
1099,5/12/15 11:00,26.097,24800.2,,,,,,
1100,5/12/15 11:30,26,22044.6,,,,,,
1101,5/12/15 12:00,25.902,34444.7,,,,,,
1102,5/12/15 12:30,26.292,18600.1,,,,,,
1103,5/12/15 13:00,26,3961.1,,,,,,
1104,5/12/15 13:30,25.416,2583.4,,,,,,
1105,5/12/15 14:00,25.416,2669.5,,,,,,
1106,5/12/15 14:30,25.319,1636.1,,,,,,
1107,5/12/15 15:00,25.319,1550,,,,,,
1108,5/12/15 15:30,25.416,4822.3,,,,,,
1109,5/12/15 16:00,25.513,2411.1,,,,,,
1110,5/12/15 16:30,25.61,2927.8,,,,,,
1111,5/12/15 17:00,25.61,807.3,,,,,,
1112,5/12/15 17:30,25.61,495.1,,,,,,
1113,5/12/15 18:00,25.513,624.3,,,,,,
1114,5/12/15 18:30,25.513,150.7,,,,,,
1115,5/12/15 19:00,25.513,32.3,,,,,,
1116,5/12/15 19:30,25.513,0,,,,,,
1117,5/12/15 20:00,25.513,0,,,,,,
1118,5/12/15 20:30,25.513,0,,,,,,
1119,5/12/15 21:00,25.416,0,,,,,,
1120,5/12/15 21:30,25.416,0,,,,,,
1121,5/12/15 22:00,25.416,0,,,,,,
1122,5/12/15 22:30,25.319,0,,,,,,
1123,5/12/15 23:00,25.319,0,,,,,,
1124,5/12/15 23:30,25.319,0,,,,,,
1125,5/13/15 0:00,25.319,0,,,,,,
1126,5/13/15 0:30,25.319,0,,,,,,
1127,5/13/15 1:00,25.319,0,,,,,,
1128,5/13/15 1:30,25.319,0,,,,,,
1129,5/13/15 2:00,25.222,0,,,,,,
1130,5/13/15 2:30,24.738,0,,,,,,
1131,5/13/15 3:00,24.738,0,,,,,,
1132,5/13/15 3:30,24.738,0,,,,,,
1133,5/13/15 4:00,24.738,0,,,,,,
1134,5/13/15 4:30,24.835,0,,,,,,
1135,5/13/15 5:00,24.545,0,,,,,,
1136,5/13/15 5:30,24.545,0,,,,,,
1137,5/13/15 6:00,24.641,43.1,,,,,,
1138,5/13/15 6:30,24.835,344.4,,,,,,
1139,5/13/15 7:00,25.028,775,,,,,,
1140,5/13/15 7:30,25.028,1001,,,,,,
1141,5/13/15 8:00,25.125,1248.6,,,,,,
1142,5/13/15 8:30,25.416,4994.5,,,,,,
1143,5/13/15 9:00,25.416,1636.1,,,,,,
1144,5/13/15 9:30,25.61,1894.5,,,,,,
1145,5/13/15 10:00,25.805,15844.5,,,,,,
1146,5/13/15 10:30,26,5511.1,,,,,,
1147,5/13/15 11:00,25.902,4994.5,,,,,,
1148,5/13/15 11:30,26,5166.7,,,,,,
1149,5/13/15 12:00,26.195,17222.3,,,,,,
1150,5/13/15 12:30,26.097,18600.1,,,,,,
1151,5/13/15 13:00,26.195,15844.5,,,,,,
1152,5/13/15 13:30,26,11711.2,,,,,,
1153,5/13/15 14:00,26.097,9644.5,,,,,,
1154,5/13/15 14:30,26,14466.8,,,,,,
1155,5/13/15 15:00,25.708,2325,,,,,,
1156,5/13/15 15:30,25.708,7233.4,,,,,,
1157,5/13/15 16:00,25.513,1033.3,,,,,,
1158,5/13/15 16:30,25.416,871.9,,,,,,
1159,5/13/15 17:00,25.416,1894.5,,,,,,
1160,5/13/15 17:30,25.416,1808.3,,,,,,
1161,5/13/15 18:00,25.416,1054.9,,,,,,
1162,5/13/15 18:30,25.416,409,,,,,,
1163,5/13/15 19:00,25.416,43.1,,,,,,
1164,5/13/15 19:30,25.416,0,,,,,,
1165,5/13/15 20:00,25.513,0,,,,,,
1166,5/13/15 20:30,25.513,0,,,,,,
1167,5/13/15 21:00,25.513,0,,,,,,
1168,5/13/15 21:30,25.416,0,,,,,,
1169,5/13/15 22:00,25.416,0,,,,,,
1170,5/13/15 22:30,25.416,0,,,,,,
1171,5/13/15 23:00,25.416,0,,,,,,
1172,5/13/15 23:30,25.416,0,,,,,,
1173,5/14/15 0:00,25.319,0,,,,,,
1174,5/14/15 0:30,25.319,0,,,,,,
1175,5/14/15 1:00,25.319,0,,,,,,
1176,5/14/15 1:30,25.319,0,,,,,,
1177,5/14/15 2:00,25.319,0,,,,,,
1178,5/14/15 2:30,25.319,0,,,,,,
1179,5/14/15 3:00,25.319,0,,,,,,
1180,5/14/15 3:30,25.222,0,,,,,,
1181,5/14/15 4:00,25.222,0,,,,,,
1182,5/14/15 4:30,25.125,0,,,,,,
1183,5/14/15 5:00,24.931,0,,,,,,
1184,5/14/15 5:30,24.931,0,,,,,,
1185,5/14/15 6:00,25.028,43.1,,,,,,
1186,5/14/15 6:30,25.125,269.1,,,,,,
1187,5/14/15 7:00,25.222,613.5,,,,,,
1188,5/14/15 7:30,25.319,958,,,,,,
1189,5/14/15 8:00,25.416,2583.4,,,,,,
1190,5/14/15 8:30,25.513,3788.9,,,,,,
1191,5/14/15 9:00,25.61,5166.7,,,,,,
1192,5/14/15 9:30,25.708,4305.6,,,,,,
1193,5/14/15 10:00,25.805,4650,,,,,,
1194,5/14/15 10:30,25.61,3961.1,,,,,,
1195,5/14/15 11:00,25.805,6544.5,,,,,,
1196,5/14/15 11:30,26.097,5511.1,,,,,,
1197,5/14/15 12:00,26,13089,,,,,,
1198,5/14/15 12:30,26.097,16533.4,,,,,,
1199,5/14/15 13:00,25.708,4305.6,,,,,,
1200,5/14/15 13:30,25.902,7233.4,,,,,,
1201,5/14/15 14:00,26,11711.2,,,,,,
1202,5/14/15 14:30,25.708,2927.8,,,,,,
1203,5/14/15 15:00,25.805,4133.4,,,,,,
1204,5/14/15 15:30,25.805,2325,,,,,,
1205,5/14/15 16:00,25.708,1980.6,,,,,,
1206,5/14/15 16:30,25.805,3616.7,,,,,,
1207,5/14/15 17:00,25.805,1980.6,,,,,,
1208,5/14/15 17:30,25.805,581.3,,,,,,
1209,5/14/15 18:00,25.805,613.5,,,,,,
1210,5/14/15 18:30,25.708,290.6,,,,,,
1211,5/14/15 19:00,25.708,10.8,,,,,,
1212,5/14/15 19:30,25.61,0,,,,,,
1213,5/14/15 20:00,25.61,0,,,,,,
1214,5/14/15 20:30,25.61,0,,,,,,
1215,5/14/15 21:00,25.61,0,,,,,,
1216,5/14/15 21:30,25.513,0,,,,,,
1217,5/14/15 22:00,25.513,0,,,,,,
1218,5/14/15 22:30,25.513,0,,,,,,
1219,5/14/15 23:00,25.416,0,,,,,,
1220,5/14/15 23:30,25.416,0,,,,,,
1221,5/15/15 0:00,25.416,0,,,,,,
1222,5/15/15 0:30,25.416,0,,,,,,
1223,5/15/15 1:00,25.416,0,,,,,,
1224,5/15/15 1:30,25.416,0,,,,,,
1225,5/15/15 2:00,25.416,0,,,,,,
1226,5/15/15 2:30,25.319,0,,,,,,
1227,5/15/15 3:00,25.319,0,,,,,,
1228,5/15/15 3:30,25.319,0,,,,,,
1229,5/15/15 4:00,25.319,0,,,,,,
1230,5/15/15 4:30,25.319,0,,,,,,
1231,5/15/15 5:00,25.125,0,,,,,,
1232,5/15/15 5:30,24.931,0,,,,,,
1233,5/15/15 6:00,24.931,21.5,,,,,,
1234,5/15/15 6:30,24.931,226,,,,,,
1235,5/15/15 7:00,25.028,721.2,,,,,,
1236,5/15/15 7:30,25.125,839.6,,,,,,
1237,5/15/15 8:00,25.125,1087.2,,,,,,
1238,5/15/15 8:30,25.222,3444.5,,,,,,
1239,5/15/15 9:00,25.513,5166.7,,,,,,
1240,5/15/15 9:30,25.708,9644.5,,,,,,
1241,5/15/15 10:00,25.805,12400.1,,,,,,
1242,5/15/15 10:26,,,Logged,,,,,
1243,5/15/15 10:26,,,,Logged,,,,
1244,5/15/15 10:27,,,Logged,,,,,
1245,5/15/15 10:27,,,,Logged,,,,
1246,5/15/15 10:30,26.781,6200,,,,,,
1247,5/15/15 11:00,26.39,34444.7,,,,,,
1248,5/15/15 11:30,26.585,31689.1,,,,,,
1249,5/15/15 12:00,26.585,19977.9,,,,,,
1250,5/15/15 12:30,26.585,21355.7,,,,,,
1251,5/15/15 13:00,26.488,22044.6,,,,,,
1252,5/15/15 13:30,26.488,10333.4,,,,,,
1253,5/15/15 14:00,26.195,24800.2,,,,,,
1254,5/15/15 14:30,26.097,7577.8,,,,,,
1255,5/15/15 15:00,26.097,12400.1,,,,,,
1256,5/15/15 15:30,26,9644.5,,,,,,
1257,5/15/15 16:00,26,7577.8,,,,,,
1258,5/15/15 16:30,26,3788.9,,,,,,
1259,5/15/15 17:00,26,4477.8,,,,,,
1260,5/15/15 17:30,26.097,1808.3,,,,,,
1261,5/15/15 18:00,26.097,1011.8,,,,,,
1262,5/15/15 18:30,26.097,0,,,,,,
1263,5/15/15 19:00,26,21.5,,,,,,
1264,5/15/15 19:30,26,0,,,,,,
1265,5/15/15 20:00,25.902,0,,,,,,
1266,5/15/15 20:30,25.902,0,,,,,,
1267,5/15/15 21:00,25.708,0,,,,,,
1268,5/15/15 21:30,25.708,0,,,,,,
1269,5/15/15 22:00,25.61,0,,,,,,
1270,5/15/15 22:30,25.513,0,,,,,,
1271,5/15/15 23:00,25.513,0,,,,,,
1272,5/15/15 23:30,25.513,0,,,,,,
1273,5/16/15 0:00,25.513,0,,,,,,
1274,5/16/15 0:30,25.513,0,,,,,,
1275,5/16/15 1:00,25.513,0,,,,,,
1276,5/16/15 1:30,25.416,0,,,,,,
1277,5/16/15 2:00,25.416,0,,,,,,
1278,5/16/15 2:30,25.513,0,,,,,,
1279,5/16/15 3:00,25.513,0,,,,,,
1280,5/16/15 3:30,25.513,0,,,,,,
1281,5/16/15 4:00,25.513,0,,,,,,
1282,5/16/15 4:30,25.416,0,,,,,,
1283,5/16/15 5:00,25.416,0,,,,,,
1284,5/16/15 5:30,25.416,0,,,,,,
1285,5/16/15 6:00,25.416,53.8,,,,,,
1286,5/16/15 6:30,25.319,204.5,,,,,,
1287,5/16/15 7:00,25.319,333.7,,,,,,
1288,5/16/15 7:30,25.222,914.9,,,,,,
1289,5/16/15 8:00,25.222,1291.7,,,,,,
1290,5/16/15 8:30,25.319,2152.8,,,,,,
1291,5/16/15 9:00,25.416,5166.7,,,,,,
1292,5/16/15 9:30,25.805,5338.9,,,,,,
1293,5/16/15 10:00,25.902,5338.9,,,,,,
1294,5/16/15 10:30,25.902,6200,,,,,,
1295,5/16/15 11:00,26.39,9300.1,,,,,,
1296,5/16/15 11:30,26.683,11711.2,,,,,,
1297,5/16/15 12:00,26.585,20666.8,,,,,,
1298,5/16/15 12:30,26.781,20666.8,,,,,,
1299,5/16/15 13:00,26.781,12400.1,,,,,,
1300,5/16/15 13:30,26.585,28933.5,,,,,,
1301,5/16/15 14:00,26.488,17911.2,,,,,,
1302,5/16/15 14:30,26.097,9300.1,,,,,,
1303,5/16/15 15:00,26.097,3100,,,,,,
1304,5/16/15 15:30,25.902,2927.8,,,,,,
1305,5/16/15 16:00,25.902,2927.8,,,,,,
1306,5/16/15 16:30,26,3961.1,,,,,,
1307,5/16/15 17:00,26,4133.4,,,,,,
1308,5/16/15 17:30,26,139.9,,,,,,
1309,5/16/15 18:00,25.902,10.8,,,,,,
1310,5/16/15 18:30,26.195,0,,,,,,
1311,5/16/15 19:00,26.195,0,,,,,,
1312,5/16/15 19:30,26.292,0,,,,,,
1313,5/16/15 20:00,26.292,0,,,,,,
1314,5/16/15 20:30,26.195,0,,,,,,
1315,5/16/15 21:00,26.097,0,,,,,,
1316,5/16/15 21:30,25.902,0,,,,,,
1317,5/16/15 22:00,25.902,0,,,,,,
1318,5/16/15 22:30,25.805,0,,,,,,
1319,5/16/15 23:00,25.61,0,,,,,,
1320,5/16/15 23:30,25.513,0,,,,,,
1321,5/17/15 0:00,25.513,0,,,,,,
1322,5/17/15 0:30,25.513,0,,,,,,
1323,5/17/15 1:00,25.416,0,,,,,,
1324,5/17/15 1:30,25.416,0,,,,,,
1325,5/17/15 2:00,25.513,0,,,,,,
1326,5/17/15 2:30,25.513,0,,,,,,
1327,5/17/15 3:00,25.513,0,,,,,,
1328,5/17/15 3:30,25.416,0,,,,,,
1329,5/17/15 4:00,25.416,0,,,,,,
1330,5/17/15 4:30,25.416,0,,,,,,
1331,5/17/15 5:00,25.319,0,,,,,,
1332,5/17/15 5:30,25.319,0,,,,,,
1333,5/17/15 6:00,25.222,32.3,,,,,,
1334,5/17/15 6:30,25.125,183,,,,,,
1335,5/17/15 7:00,25.028,322.9,,,,,,
1336,5/17/15 7:30,24.931,96.9,,,,,,
1337,5/17/15 8:00,24.931,161.5,,,,,,
1338,5/17/15 8:30,24.931,1550,,,,,,
1339,5/17/15 9:00,25.028,775,,,,,,
1340,5/17/15 9:30,25.125,4994.5,,,,,,
1341,5/17/15 10:00,25.319,1141,,,,,,
1342,5/17/15 10:30,25.513,5511.1,,,,,,
1343,5/17/15 11:00,25.805,10333.4,,,,,,
1344,5/17/15 11:30,25.708,4477.8,,,,,,
1345,5/17/15 12:00,25.902,3272.2,,,,,,
1346,5/17/15 12:30,26.097,9644.5,,,,,,
1347,5/17/15 13:00,26.292,8266.7,,,,,,
1348,5/17/15 13:30,26.292,6200,,,,,,
1349,5/17/15 14:00,26.488,6200,,,,,,
1350,5/17/15 14:30,26.879,4477.8,,,,,,
1351,5/17/15 15:00,26.292,2755.6,,,,,,
1352,5/17/15 15:30,26.097,1463.9,,,,,,
1353,5/17/15 16:00,25.805,2755.6,,,,,,
1354,5/17/15 16:30,26,1636.1,,,,,,
1355,5/17/15 17:00,25.902,1044.1,,,,,,
1356,5/17/15 17:30,25.805,2152.8,,,,,,
1357,5/17/15 18:00,25.805,828.8,,,,,,
1358,5/17/15 18:30,25.708,139.9,,,,,,
1359,5/17/15 19:00,25.805,0,,,,,,
1360,5/17/15 19:30,25.805,0,,,,,,
1361,5/17/15 20:00,25.805,0,,,,,,
1362,5/17/15 20:30,25.902,0,,,,,,
1363,5/17/15 21:00,25.902,0,,,,,,
1364,5/17/15 21:30,25.902,0,,,,,,
1365,5/17/15 22:00,25.902,0,,,,,,
1366,5/17/15 22:30,25.805,0,,,,,,
1367,5/17/15 23:00,25.708,0,,,,,,
1368,5/17/15 23:30,25.513,0,,,,,,
1369,5/18/15 0:00,25.416,0,,,,,,
1370,5/18/15 0:30,25.416,0,,,,,,
1371,5/18/15 1:00,25.416,0,,,,,,
1372,5/18/15 1:30,25.416,0,,,,,,
1373,5/18/15 2:00,25.416,0,,,,,,
1374,5/18/15 2:30,25.319,0,,,,,,
1375,5/18/15 3:00,25.319,0,,,,,,
1376,5/18/15 3:30,25.319,0,,,,,,
1377,5/18/15 4:00,25.319,0,,,,,,
1378,5/18/15 4:30,25.319,0,,,,,,
1379,5/18/15 5:00,25.319,0,,,,,,
1380,5/18/15 5:30,25.319,0,,,,,,
1381,5/18/15 6:00,25.222,21.5,,,,,,
1382,5/18/15 6:30,25.222,236.8,,,,,,
1383,5/18/15 7:00,25.125,452.1,,,,,,
1384,5/18/15 7:30,25.028,236.8,,,,,,
1385,5/18/15 8:00,24.835,1270.1,,,,,,
1386,5/18/15 8:30,24.835,1227.1,,,,,,
1387,5/18/15 9:00,24.931,2497.2,,,,,,
1388,5/18/15 9:30,25.028,2325,,,,,,
1389,5/18/15 10:00,25.028,1248.6,,,,,,
1390,5/18/15 10:30,25.125,5166.7,,,,,,
1391,5/18/15 11:00,25.708,2238.9,,,,,,
1392,5/18/15 11:30,25.902,5338.9,,,,,,
1393,5/18/15 12:00,25.902,2238.9,,,,,,
1394,5/18/15 12:30,26.292,4133.4,,,,,,
1395,5/18/15 13:00,26.39,3272.2,,,,,,
1396,5/18/15 13:30,26.585,3100,,,,,,
1397,5/18/15 14:00,26.39,4477.8,,,,,,
1398,5/18/15 14:30,26.585,9644.5,,,,,,
1399,5/18/15 15:00,26.683,2927.8,,,,,,
1400,5/18/15 15:30,26.488,2152.8,,,,,,
1401,5/18/15 16:00,26.097,592,,,,,,
1402,5/18/15 16:30,26,1033.3,,,,,,
1403,5/18/15 17:00,26,979.5,,,,,,
1404,5/18/15 17:30,26,1894.5,,,,,,
1405,5/18/15 18:00,25.805,1054.9,,,,,,
1406,5/18/15 18:30,25.805,193.8,,,,,,
1407,5/18/15 19:00,26,53.8,,,,,,
1408,5/18/15 19:30,26,0,,,,,,
1409,5/18/15 20:00,25.902,0,,,,,,
1410,5/18/15 20:30,25.902,0,,,,,,
1411,5/18/15 21:00,25.805,0,,,,,,
1412,5/18/15 21:30,25.805,0,,,,,,
1413,5/18/15 22:00,25.805,0,,,,,,
1414,5/18/15 22:30,25.708,0,,,,,,
1415,5/18/15 23:00,25.61,0,,,,,,
1416,5/18/15 23:30,25.513,0,,,,,,
1417,5/19/15 0:00,25.513,0,,,,,,
1418,5/19/15 0:30,25.416,0,,,,,,
1419,5/19/15 1:00,25.416,0,,,,,,
1420,5/19/15 1:30,25.416,0,,,,,,
1421,5/19/15 2:00,25.416,0,,,,,,
1422,5/19/15 2:30,25.416,0,,,,,,
1423,5/19/15 3:00,25.416,0,,,,,,
1424,5/19/15 3:30,25.416,0,,,,,,
1425,5/19/15 4:00,25.319,0,,,,,,
1426,5/19/15 4:30,25.319,0,,,,,,
1427,5/19/15 5:00,25.319,0,,,,,,
1428,5/19/15 5:30,25.319,0,,,,,,
1429,5/19/15 6:00,25.319,64.6,,,,,,
1430,5/19/15 6:30,25.319,226,,,,,,
1431,5/19/15 7:00,25.319,204.5,,,,,,
1432,5/19/15 7:30,25.222,376.7,,,,,,
1433,5/19/15 8:00,25.125,452.1,,,,,,
1434,5/19/15 8:30,25.125,2927.8,,,,,,
1435,5/19/15 9:00,25.125,8611.2,,,,,,
1436,5/19/15 9:30,25.222,1636.1,,,,,,
1437,5/19/15 10:00,25.125,1377.8,,,,,,
1438,5/19/15 10:30,25.416,10333.4,,,,,,
1439,5/19/15 11:00,25.61,3100,,,,,,
1440,5/19/15 11:30,25.805,52355.9,,,,,,
1441,5/19/15 12:00,25.513,3100,,,,,,
1442,5/19/15 12:30,26.195,1636.1,,,,,,
1443,5/19/15 13:00,26.488,4650,,,,,,
1444,5/19/15 13:30,26.488,2669.5,,,,,,
1445,5/19/15 14:00,26.292,2755.6,,,,,,
1446,5/19/15 14:30,26.195,775,,,,,,
1447,5/19/15 15:00,26.195,731.9,,,,,,
1448,5/19/15 15:30,26.195,1980.6,,,,,,
1449,5/19/15 16:00,25.902,1894.5,,,,,,
1450,5/19/15 16:30,25.805,635.1,,,,,,
1451,5/19/15 17:00,26,4650,,,,,,
1452,5/19/15 17:30,25.902,1894.5,,,,,,
1453,5/19/15 18:00,25.805,473.6,,,,,,
1454,5/19/15 18:30,25.708,161.5,,,,,,
1455,5/19/15 19:00,25.805,43.1,,,,,,
1456,5/19/15 19:30,25.902,0,,,,,,
1457,5/19/15 20:00,25.902,0,,,,,,
1458,5/19/15 20:30,25.902,0,,,,,,
1459,5/19/15 21:00,25.902,0,,,,,,
1460,5/19/15 21:30,25.902,0,,,,,,
1461,5/19/15 22:00,25.805,0,,,,,,
1462,5/19/15 22:30,25.805,0,,,,,,
1463,5/19/15 23:00,25.805,0,,,,,,
1464,5/19/15 23:30,25.708,0,,,,,,
1465,5/20/15 0:00,25.61,0,,,,,,
1466,5/20/15 0:30,25.416,0,,,,,,
1467,5/20/15 1:00,25.416,0,,,,,,
1468,5/20/15 1:30,25.416,0,,,,,,
1469,5/20/15 2:00,25.416,0,,,,,,
1470,5/20/15 2:30,25.416,0,,,,,,
1471,5/20/15 3:00,25.319,0,,,,,,
1472,5/20/15 3:30,25.319,0,,,,,,
1473,5/20/15 4:00,25.319,0,,,,,,
1474,5/20/15 4:30,25.319,0,,,,,,
1475,5/20/15 5:00,25.319,0,,,,,,
1476,5/20/15 5:30,25.319,0,,,,,,
1477,5/20/15 6:00,25.319,64.6,,,,,,
1478,5/20/15 6:30,25.319,75.3,,,,,,
1479,5/20/15 7:00,25.319,581.3,,,,,,
1480,5/20/15 7:30,25.222,1636.1,,,,,,
1481,5/20/15 8:00,24.931,139.9,,,,,,
1482,5/20/15 8:30,25.222,2927.8,,,,,,
1483,5/20/15 9:00,25.222,495.1,,,,,,
1484,5/20/15 9:30,25.416,4994.5,,,,,,
1485,5/20/15 10:00,25.222,2066.7,,,,,,
1486,5/20/15 10:30,25.805,14466.8,,,,,,
1487,5/20/15 11:00,25.805,1636.1,,,,,,
1488,5/20/15 11:30,26.097,2927.8,,,,,,
1489,5/20/15 12:00,26.097,7577.8,,,,,,
1490,5/20/15 12:30,26.292,3272.2,,,,,,
1491,5/20/15 13:00,26.195,2325,,,,,,
1492,5/20/15 13:30,26.097,5166.7,,,,,,
1493,5/20/15 14:00,26.39,7577.8,,,,,,
1494,5/20/15 14:30,26.195,24800.2,,,,,,
1495,5/20/15 15:00,26,4477.8,,,,,,
1496,5/20/15 15:30,26,2152.8,,,,,,
1497,5/20/15 16:00,26.292,2669.5,,,,,,
1498,5/20/15 16:30,26.097,2583.4,,,,,,
1499,5/20/15 17:00,26,818.1,,,,,,
1500,5/20/15 17:30,25.902,1894.5,,,,,,
1501,5/20/15 18:00,25.902,1636.1,,,,,,
1502,5/20/15 18:30,25.805,387.5,,,,,,
1503,5/20/15 19:00,25.708,10.8,,,,,,
1504,5/20/15 19:30,25.708,0,,,,,,
1505,5/20/15 20:00,25.805,0,,,,,,
1506,5/20/15 20:30,25.708,0,,,,,,
1507,5/20/15 21:00,25.708,0,,,,,,
1508,5/20/15 21:30,25.61,0,,,,,,
1509,5/20/15 22:00,25.61,0,,,,,,
1510,5/20/15 22:30,25.61,0,,,,,,
1511,5/20/15 23:00,25.513,0,,,,,,
1512,5/20/15 23:30,25.513,0,,,,,,
1513,5/21/15 0:00,25.416,0,,,,,,
1514,5/21/15 0:30,25.416,0,,,,,,
1515,5/21/15 1:00,25.416,0,,,,,,
1516,5/21/15 1:30,25.513,0,,,,,,
1517,5/21/15 2:00,25.513,0,,,,,,
1518,5/21/15 2:30,25.513,0,,,,,,
1519,5/21/15 3:00,25.513,0,,,,,,
1520,5/21/15 3:30,25.513,0,,,,,,
1521,5/21/15 4:00,25.416,0,,,,,,
1522,5/21/15 4:30,25.416,0,,,,,,
1523,5/21/15 5:00,25.416,0,,,,,,
1524,5/21/15 5:30,25.319,0,,,,,,
1525,5/21/15 6:00,25.319,53.8,,,,,,
1526,5/21/15 6:30,25.416,409,,,,,,
1527,5/21/15 7:00,25.416,602.8,,,,,,
1528,5/21/15 7:30,25.416,505.9,,,,,,
1529,5/21/15 8:00,25.513,258.3,,,,,,
1530,5/21/15 8:30,25.708,9300.1,,,,,,
1531,5/21/15 9:00,25.708,2238.9,,,,,,
1532,5/21/15 9:30,25.902,1550,,,,,,
1533,5/21/15 10:00,25.902,9300.1,,,,,,
1534,5/21/15 10:30,26,13777.9,,,,,,
1535,5/21/15 11:00,26.195,1808.3,,,,,,
1536,5/21/15 11:30,26.39,2927.8,,,,,,
1537,5/21/15 12:00,26.585,7577.8,,,,,,
1538,5/21/15 12:30,26.097,1722.2,,,,,,
1539,5/21/15 13:00,26.195,3272.2,,,,,,
1540,5/21/15 13:30,26.292,5338.9,,,,,,
1541,5/21/15 14:00,26.195,2152.8,,,,,,
1542,5/21/15 14:30,26.195,2927.8,,,,,,
1543,5/21/15 15:00,26.097,2325,,,,,,
1544,5/21/15 15:30,26,2411.1,,,,,,
1545,5/21/15 16:00,25.805,2583.4,,,,,,
1546,5/21/15 16:30,25.805,505.9,,,,,,
1547,5/21/15 17:00,25.805,925.7,,,,,,
1548,5/21/15 17:30,25.513,193.8,,,,,,
1549,5/21/15 18:00,25.513,107.6,,,,,,
1550,5/21/15 18:30,25.513,32.3,,,,,,
1551,5/21/15 19:00,25.513,0,,,,,,
1552,5/21/15 19:30,25.61,0,,,,,,
1553,5/21/15 20:00,25.708,0,,,,,,
1554,5/21/15 20:30,25.708,0,,,,,,
1555,5/21/15 21:00,25.708,0,,,,,,
1556,5/21/15 21:30,26,0,,,,,,
1557,5/21/15 22:00,26.195,0,,,,,,
1558,5/21/15 22:30,26.195,0,,,,,,
1559,5/21/15 23:00,26.292,0,,,,,,
1560,5/21/15 23:30,26.195,0,,,,,,
1561,5/22/15 0:00,26.292,0,,,,,,
1562,5/22/15 0:30,25.902,0,,,,,,
1563,5/22/15 1:00,25.708,0,,,,,,
1564,5/22/15 1:30,25.61,0,,,,,,
1565,5/22/15 2:00,25.513,0,,,,,,
1566,5/22/15 2:30,25.513,0,,,,,,
1567,5/22/15 3:00,25.513,0,,,,,,
1568,5/22/15 3:30,25.416,0,,,,,,
1569,5/22/15 4:00,25.416,0,,,,,,
1570,5/22/15 4:30,25.416,0,,,,,,
1571,5/22/15 5:00,25.416,0,,,,,,
1572,5/22/15 5:30,25.416,0,,,,,,
1573,5/22/15 6:00,25.416,0,,,,,,
1574,5/22/15 6:30,25.416,32.3,,,,,,
1575,5/22/15 7:00,25.708,183,,,,,,
1576,5/22/15 7:30,25.805,75.3,,,,,,
1577,5/22/15 8:00,25.805,118.4,,,,,,
1578,5/22/15 8:30,25.902,247.6,,,,,,
1579,5/22/15 9:00,26.097,1808.3,,,,,,
1580,5/22/15 9:30,26.195,742.7,,,,,,
1581,5/22/15 10:00,26.195,1216.3,,,,,,
1582,5/22/15 10:30,26.195,1194.8,,,,,,
1583,5/22/15 11:00,26.195,5166.7,,,,,,
1584,5/22/15 11:30,26.195,3788.9,,,,,,
1585,5/22/15 12:00,26.292,4822.3,,,,,,
1586,5/22/15 12:30,26.488,2066.7,,,,,,
1587,5/22/15 13:00,26.585,1808.3,,,,,,
1588,5/22/15 13:30,26.585,1011.8,,,,,,
1589,5/22/15 14:00,26.488,850.4,,,,,,
1590,5/22/15 14:30,26.488,742.7,,,,,,
1591,5/22/15 15:00,26.488,1065.6,,,,,,
1592,5/22/15 15:30,26.195,473.6,,,,,,
1593,5/22/15 16:00,25.805,290.6,,,,,,
1594,5/22/15 16:30,25.708,807.3,,,,,,
1595,5/22/15 17:00,25.708,1011.8,,,,,,
1596,5/22/15 17:30,25.708,312.2,,,,,,
1597,5/22/15 18:00,25.513,118.4,,,,,,
1598,5/22/15 18:30,25.416,86.1,,,,,,
1599,5/22/15 19:00,25.319,0,,,,,,
1600,5/22/15 19:30,25.125,0,,,,,,
1601,5/22/15 20:00,25.222,0,,,,,,
1602,5/22/15 20:30,25.319,0,,,,,,
1603,5/22/15 21:00,25.416,0,,,,,,
1604,5/22/15 21:30,25.513,0,,,,,,
1605,5/22/15 22:00,25.61,0,,,,,,
1606,5/22/15 22:30,25.708,0,,,,,,
1607,5/22/15 23:00,25.902,0,,,,,,
1608,5/22/15 23:30,26,0,,,,,,
1609,5/23/15 0:00,26.097,0,,,,,,
1610,5/23/15 0:30,25.61,0,,,,,,
1611,5/23/15 1:00,25.416,0,,,,,,
1612,5/23/15 1:30,25.125,0,,,,,,
1613,5/23/15 2:00,25.028,0,,,,,,
1614,5/23/15 2:30,24.931,0,,,,,,
1615,5/23/15 3:00,24.835,0,,,,,,
1616,5/23/15 3:30,24.835,0,,,,,,
1617,5/23/15 4:00,24.835,0,,,,,,
1618,5/23/15 4:30,24.738,0,,,,,,
1619,5/23/15 5:00,24.738,0,,,,,,
1620,5/23/15 5:30,24.835,0,,,,,,
1621,5/23/15 6:00,24.835,0,,,,,,
1622,5/23/15 6:30,24.931,139.9,,,,,,
1623,5/23/15 7:00,24.931,139.9,,,,,,
1624,5/23/15 7:30,25.028,118.4,,,,,,
1625,5/23/15 8:00,25.125,258.3,,,,,,
1626,5/23/15 8:30,25.222,828.8,,,,,,
1627,5/23/15 9:00,25.222,1722.2,,,,,,
1628,5/23/15 9:30,22.621,21.5,,,,,,
1629,5/23/15 9:54,,,Logged,,,,,Logged
1630,5/23/15 9:54,,,,,Logged,Logged,,