HST: Hawaii Standard Time (UTC -10:00),Water Temperature (degC),Salinity (PSU)
2020-07-28 16:00:00,27.21,25.75
2020-07-28 16:15:00,27.22,25.72
2020-07-28 16:30:00,27.23,25.52
2020-07-28 16:45:00,27.21,25.53
2020-07-28 17:00:00,27.16,25.41
2020-07-28 17:15:00,27.04,25.33
2020-07-28 17:30:00,27.06,25.43
2020-07-28 17:45:00,27.03,26.02
2020-07-28 18:00:00,26.92,25.02
2020-07-28 18:15:00,26.98,25.22
2020-07-28 18:30:00,26.72,24.02
2020-07-28 18:45:00,26.75,24.19
2020-07-28 19:00:00,26.83,24.78
2020-07-28 19:15:00,26.66,24.24
2020-07-28 19:30:00,26.55,23.67
2020-07-28 19:45:00,26.41,23.18
2020-07-28 20:00:00,26.41,22.79
2020-07-28 20:15:00,26.38,22.72
2020-07-28 20:30:00,26.57,24.09
2020-07-28 20:45:00,26.52,23.55
2020-07-28 21:00:00,26.51,23.67
2020-07-28 21:15:00,26.57,24.34
2020-07-28 21:30:00,26.57,24.18
2020-07-28 21:45:00,26.63,25.32
2020-07-28 22:00:00,26.55,24.53
2020-07-28 22:15:00,26.75,26.48
2020-07-28 22:30:00,26.77,27.13
2020-07-28 22:45:00,26.70,26.85
2020-07-28 23:00:00,26.67,27.10
2020-07-28 23:15:00,26.75,28.19
2020-07-28 23:30:00,26.73,28.05
2020-07-28 23:45:00,26.72,27.95
2020-07-29 00:00:00,26.80,28.51
2020-07-29 00:15:00,26.74,28.16
2020-07-29 00:30:00,26.78,28.65
2020-07-29 00:45:00,26.80,28.73
2020-07-29 01:00:00,26.80,28.79
2020-07-29 01:15:00,26.77,28.75
2020-07-29 01:30:00,26.80,29.00
2020-07-29 01:45:00,26.79,28.91
2020-07-29 02:00:00,26.65,28.73
2020-07-29 02:15:00,26.56,28.36
2020-07-29 02:30:00,26.51,28.25
2020-07-29 02:45:00,26.04,27.38
2020-07-29 03:00:00,26.16,27.54
2020-07-29 03:15:00,26.50,27.99
2020-07-29 03:30:00,26.30,27.47
2020-07-29 03:45:00,26.41,27.64
2020-07-29 04:00:00,26.80,28.30
2020-07-29 04:15:00,26.75,27.48
2020-07-29 04:30:00,26.68,26.90
2020-07-29 04:45:00,26.77,27.48
2020-07-29 05:00:00,26.23,25.70
2020-07-29 05:15:00,26.32,26.29
2020-07-29 05:30:00,26.56,27.24
2020-07-29 05:45:00,26.63,27.26
2020-07-29 06:00:00,26.54,27.14
2020-07-29 06:15:00,26.39,26.77
2020-07-29 06:30:00,26.55,27.00
2020-07-29 06:45:00,26.58,26.91
2020-07-29 07:00:00,26.35,26.07
2020-07-29 07:15:00,26.18,25.86
2020-07-29 07:30:00,26.60,27.48
2020-07-29 07:45:00,26.50,26.75
2020-07-29 08:00:00,26.58,27.50
2020-07-29 08:15:00,26.46,27.15
2020-07-29 08:30:00,26.15,26.52
2020-07-29 08:45:00,26.02,26.15
2020-07-29 09:00:00,25.80,25.63
2020-07-29 09:15:00,25.72,25.23
2020-07-29 09:30:00,25.62,24.55
2020-07-29 09:45:00,25.80,25.72
2020-07-29 10:00:00,25.65,24.52
2020-07-29 10:15:00,25.80,25.16
2020-07-29 10:30:00,25.79,25.16
2020-07-29 10:45:00,25.96,25.72
2020-07-29 11:00:00,25.86,25.01
2020-07-29 11:15:00,25.80,24.04
2020-07-29 11:30:00,25.84,23.93
2020-07-29 11:45:00,26.00,23.85
2020-07-29 12:00:00,26.03,24.03
2020-07-29 12:15:00,26.14,24.00
2020-07-29 12:30:00,26.22,24.42
2020-07-29 12:45:00,26.33,24.03
2020-07-29 13:00:00,26.50,23.57
2020-07-29 13:15:00,26.61,24.09
2020-07-29 13:30:00,26.63,23.94
2020-07-29 13:45:00,26.70,24.59
2020-07-29 14:00:00,26.95,25.88
2020-07-29 14:15:00,26.91,24.78
2020-07-29 14:30:00,27.02,25.64
2020-07-29 14:45:00,26.94,24.11
2020-07-29 15:00:00,26.84,23.12
2020-07-29 15:15:00,26.85,23.12
2020-07-29 15:30:00,26.88,23.17
2020-07-29 15:45:00,26.93,23.24
2020-07-29 16:00:00,27.00,23.36
2020-07-29 16:15:00,27.02,23.30
2020-07-29 16:30:00,27.03,23.34
2020-07-29 16:45:00,27.03,23.39
2020-07-29 17:00:00,27.06,23.46
2020-07-29 17:15:00,27.09,23.52
2020-07-29 17:30:00,27.09,23.65
2020-07-29 17:45:00,27.13,23.80
2020-07-29 18:00:00,27.07,23.61
2020-07-29 18:15:00,27.04,23.52
2020-07-29 18:30:00,27.05,23.51
2020-07-29 18:45:00,27.02,23.49
2020-07-29 19:00:00,27.01,23.52
2020-07-29 19:15:00,27.04,23.45
2020-07-29 19:30:00,27.06,23.51
2020-07-29 19:45:00,26.82,22.30
2020-07-29 20:00:00,26.64,21.70
2020-07-29 20:15:00,26.73,22.21
2020-07-29 20:30:00,26.77,22.84
2020-07-29 20:45:00,26.70,21.62
2020-07-29 21:00:00,26.83,22.45
2020-07-29 21:15:00,26.82,22.54
2020-07-29 21:30:00,26.78,22.41
2020-07-29 21:45:00,26.79,22.78
2020-07-29 22:00:00,26.93,24.33
2020-07-29 22:15:00,27.16,26.58
2020-07-29 22:30:00,27.26,27.45
2020-07-29 22:45:00,27.24,27.34
2020-07-29 23:00:00,27.20,27.42
2020-07-29 23:15:00,27.15,26.74
2020-07-29 23:30:00,27.09,26.33
2020-07-29 23:45:00,27.04,27.62
2020-07-30 00:00:00,27.03,26.69
2020-07-30 00:15:00,26.97,27.53
2020-07-30 00:30:00,26.92,27.74
2020-07-30 00:45:00,26.90,28.08
2020-07-30 01:00:00,26.91,27.95
2020-07-30 01:15:00,26.96,27.79
2020-07-30 01:30:00,26.91,28.05
2020-07-30 01:45:00,26.99,27.78
2020-07-30 02:00:00,26.99,27.84
2020-07-30 02:15:00,27.12,27.23
2020-07-30 02:30:00,27.11,27.81
2020-07-30 02:45:00,27.15,27.39
2020-07-30 03:00:00,27.06,27.30
2020-07-30 03:15:00,26.78,27.35
2020-07-30 03:30:00,26.65,27.09
2020-07-30 03:45:00,26.68,26.97
2020-07-30 04:00:00,26.86,27.57
2020-07-30 04:15:00,26.78,26.98
2020-07-30 04:30:00,26.67,26.04
2020-07-30 04:45:00,26.80,26.28
2020-07-30 05:00:00,26.89,26.98
2020-07-30 05:15:00,26.94,26.78
2020-07-30 05:30:00,26.93,26.60
2020-07-30 05:45:00,27.01,27.12
2020-07-30 06:00:00,27.05,27.35
2020-07-30 06:15:00,26.87,26.30
2020-07-30 06:30:00,26.99,27.35
2020-07-30 06:45:00,27.00,27.41
2020-07-30 07:00:00,27.08,27.71
2020-07-30 07:15:00,26.83,26.70
2020-07-30 07:30:00,26.92,27.11
2020-07-30 07:45:00,26.65,26.15
2020-07-30 08:00:00,26.83,26.47
2020-07-30 08:15:00,26.44,25.56
2020-07-30 08:30:00,26.92,27.45
2020-07-30 08:45:00,26.65,26.36
2020-07-30 09:00:00,26.72,26.19
2020-07-30 09:15:00,26.98,26.91
2020-07-30 09:30:00,27.15,27.41
2020-07-30 09:45:00,27.20,27.42
2020-07-30 10:00:00,27.09,27.18
2020-07-30 10:15:00,26.76,26.13
2020-07-30 10:30:00,27.18,27.28
2020-07-30 10:45:00,27.01,26.42
2020-07-30 11:00:00,27.08,26.61
2020-07-30 11:15:00,26.97,26.94
2020-07-30 11:30:00,26.62,25.11
2020-07-30 11:45:00,26.43,23.57
2020-07-30 12:00:00,26.47,23.65
2020-07-30 12:15:00,26.55,24.64
2020-07-30 12:30:00,26.54,24.18
2020-07-30 12:45:00,26.56,23.50
2020-07-30 13:00:00,26.67,22.82
2020-07-30 13:15:00,26.77,22.53
2020-07-30 13:30:00,26.81,23.44
2020-07-30 13:45:00,26.90,23.04
2020-07-30 14:00:00,26.93,25.64
2020-07-30 14:15:00,26.96,25.47
2020-07-30 14:30:00,27.16,23.87
2020-07-30 14:45:00,27.40,24.23
2020-07-30 15:00:00,27.39,24.49
2020-07-30 15:15:00,27.46,24.81
2020-07-30 15:30:00,27.59,23.32
2020-07-30 15:45:00,27.62,23.38
2020-07-30 16:00:00,27.58,23.59
2020-07-30 16:15:00,27.59,23.39
2020-07-30 16:30:00,27.64,23.37
2020-07-30 16:45:00,27.65,23.25
2020-07-30 17:00:00,27.61,23.46
2020-07-30 17:15:00,27.63,23.46
2020-07-30 17:30:00,27.61,23.59
2020-07-30 17:45:00,27.69,23.36
2020-07-30 18:00:00,27.64,23.97
2020-07-30 18:15:00,27.64,24.61
2020-07-30 18:30:00,27.60,25.39
2020-07-30 18:45:00,27.62,24.80
2020-07-30 19:00:00,27.57,25.47
2020-07-30 19:15:00,27.58,24.89
2020-07-30 19:30:00,27.48,26.25
2020-07-30 19:45:00,27.48,25.63
2020-07-30 20:00:00,27.47,26.45
2020-07-30 20:15:00,27.44,26.86
2020-07-30 20:30:00,27.48,25.99
2020-07-30 20:45:00,27.42,28.35
2020-07-30 21:00:00,27.41,28.70
2020-07-30 21:15:00,27.39,27.56
2020-07-30 21:30:00,27.40,26.99
2020-07-30 21:45:00,27.40,27.85
2020-07-30 22:00:00,27.42,28.31
2020-07-30 22:15:00,27.41,28.37
2020-07-30 22:30:00,27.41,28.31
2020-07-30 22:45:00,27.43,28.77
2020-07-30 23:00:00,27.41,28.46
2020-07-30 23:15:00,27.44,27.53
2020-07-30 23:30:00,27.38,28.06
2020-07-30 23:45:00,27.39,27.90
2020-07-31 00:00:00,27.42,27.50
2020-07-31 00:15:00,27.44,27.55
2020-07-31 00:30:00,27.47,27.75
2020-07-31 00:45:00,27.47,27.88
2020-07-31 01:00:00,27.34,27.12
2020-07-31 01:15:00,27.35,27.28
2020-07-31 01:30:00,26.99,26.63
2020-07-31 01:45:00,26.98,27.09
2020-07-31 02:00:00,27.00,26.93
2020-07-31 02:15:00,27.09,26.94
2020-07-31 02:30:00,27.20,27.39
2020-07-31 02:45:00,27.64,28.68
2020-07-31 03:00:00,27.11,27.45
2020-07-31 03:15:00,26.96,27.33
2020-07-31 03:30:00,26.84,27.08
2020-07-31 03:45:00,26.48,26.66
2020-07-31 04:00:00,26.77,27.77
2020-07-31 04:15:00,26.14,26.24
2020-07-31 04:30:00,26.32,26.34
2020-07-31 04:45:00,26.18,26.29
2020-07-31 05:00:00,25.49,25.14
2020-07-31 05:15:00,26.66,27.68
2020-07-31 05:30:00,27.19,28.77
2020-07-31 05:45:00,27.06,28.21
2020-07-31 06:00:00,26.73,27.46
2020-07-31 06:15:00,26.44,26.42
2020-07-31 06:30:00,26.42,26.14
2020-07-31 06:45:00,26.66,26.55
2020-07-31 07:00:00,26.87,26.62
2020-07-31 07:15:00,26.73,26.27
2020-07-31 07:30:00,26.77,26.16
2020-07-31 07:45:00,27.13,27.67
2020-07-31 08:00:00,26.68,26.05
2020-07-31 08:15:00,26.84,26.56
2020-07-31 08:30:00,26.69,26.30
2020-07-31 08:45:00,26.66,26.00
2020-07-31 09:00:00,27.07,27.58
2020-07-31 09:15:00,26.93,26.68
2020-07-31 09:30:00,27.27,28.60
2020-07-31 09:45:00,26.97,27.09
2020-07-31 10:00:00,27.19,27.98
2020-07-31 10:15:00,27.10,27.60
2020-07-31 10:30:00,26.71,25.75
2020-07-31 10:45:00,26.85,26.32
2020-07-31 11:00:00,26.85,25.85
2020-07-31 11:15:00,26.95,26.38
2020-07-31 11:30:00,26.97,26.27
2020-07-31 11:45:00,26.68,25.03
2020-07-31 12:00:00,26.69,25.07
2020-07-31 12:15:00,26.59,24.06
2020-07-31 12:30:00,26.59,23.94
2020-07-31 12:45:00,26.63,23.87
2020-07-31 13:00:00,26.67,23.77
2020-07-31 13:15:00,26.68,23.77
2020-07-31 13:30:00,26.69,23.77
2020-07-31 13:45:00,26.69,23.73
2020-07-31 14:00:00,26.74,23.82
2020-07-31 14:15:00,26.77,23.81
2020-07-31 14:30:00,26.80,23.79
2020-07-31 14:45:00,26.83,23.78
2020-07-31 15:00:00,26.85,23.80
2020-07-31 15:15:00,26.87,23.89
2020-07-31 15:30:00,26.89,23.89
2020-07-31 15:45:00,26.91,23.98
2020-07-31 16:00:00,26.94,24.09
2020-07-31 16:15:00,26.91,23.68
2020-07-31 16:30:00,26.88,22.87
2020-07-31 16:45:00,26.89,23.40
2020-07-31 17:00:00,26.88,23.62
2020-07-31 17:15:00,26.88,23.88
2020-07-31 17:30:00,26.83,23.45
2020-07-31 17:45:00,26.81,23.60
2020-07-31 18:00:00,26.67,22.61
2020-07-31 18:15:00,26.77,23.07
2020-07-31 18:30:00,26.76,23.13
2020-07-31 18:45:00,26.71,23.33
2020-07-31 19:00:00,26.72,23.45
2020-07-31 19:15:00,26.95,25.26
2020-07-31 19:30:00,26.91,25.95
2020-07-31 19:45:00,26.88,24.75
2020-07-31 20:00:00,26.99,27.00
2020-07-31 20:15:00,26.98,27.68
2020-07-31 20:30:00,26.85,26.98
2020-07-31 20:45:00,27.03,27.93
2020-07-31 21:00:00,26.72,25.69
2020-07-31 21:15:00,27.06,28.47
2020-07-31 21:30:00,27.07,28.93
2020-07-31 21:45:00,27.08,29.22
2020-07-31 22:00:00,27.09,29.30
2020-07-31 22:15:00,27.06,29.58
2020-07-31 22:30:00,27.07,29.66
2020-07-31 22:45:00,27.06,29.67
2020-07-31 23:00:00,27.11,29.71
2020-07-31 23:15:00,27.09,29.69
2020-07-31 23:30:00,27.09,29.68
2020-07-31 23:45:00,27.07,29.68
2020-08-01 00:00:00,27.08,29.72
2020-08-01 00:15:00,27.03,29.56
2020-08-01 00:30:00,26.79,28.71
2020-08-01 00:45:00,26.52,28.24
2020-08-01 01:00:00,26.45,27.83
2020-08-01 01:15:00,26.75,28.78
2020-08-01 01:30:00,26.56,28.59
2020-08-01 01:45:00,26.31,27.06
2020-08-01 02:00:00,26.44,27.59
2020-08-01 02:15:00,26.47,26.43
2020-08-01 02:30:00,26.41,25.35
2020-08-01 02:45:00,26.65,27.15
2020-08-01 03:00:00,26.90,28.25
2020-08-01 03:15:00,26.91,29.18
2020-08-01 03:30:00,26.84,28.10
2020-08-01 03:45:00,26.83,27.92
2020-08-01 04:00:00,26.81,27.59
2020-08-01 04:15:00,26.89,28.23
2020-08-01 04:30:00,27.02,28.71
2020-08-01 04:45:00,27.02,28.71
2020-08-01 05:00:00,27.06,28.82
2020-08-01 05:15:00,26.97,28.86
2020-08-01 05:30:00,27.01,29.28
2020-08-01 05:45:00,27.08,29.24
2020-08-01 06:00:00,27.03,29.34
2020-08-01 06:15:00,26.88,28.77
2020-08-01 06:30:00,27.01,28.92
2020-08-01 06:45:00,27.03,29.24
2020-08-01 07:00:00,26.54,28.01
2020-08-01 07:15:00,26.40,27.61
2020-08-01 07:30:00,26.30,27.57
2020-08-01 07:45:00,26.32,27.66
2020-08-01 08:00:00,26.30,27.65
2020-08-01 08:15:00,26.27,27.53
2020-08-01 08:30:00,26.25,27.26
2020-08-01 08:45:00,26.77,28.75
2020-08-01 09:00:00,26.82,29.00
2020-08-01 09:15:00,27.01,29.43
2020-08-01 09:30:00,26.93,29.68
2020-08-01 09:45:00,26.84,29.21
2020-08-01 10:00:00,26.83,29.05
2020-08-01 10:15:00,26.89,28.89
2020-08-01 10:30:00,27.02,29.38
2020-08-01 10:45:00,27.24,29.77
2020-08-01 11:00:00,27.26,29.62
2020-08-01 11:15:00,26.95,28.41
2020-08-01 11:30:00,26.92,28.30
2020-08-01 11:45:00,27.08,28.64
2020-08-01 12:00:00,26.99,27.68
2020-08-01 12:15:00,27.10,28.12
2020-08-01 12:30:00,27.19,28.47
2020-08-01 12:45:00,26.95,26.39
2020-08-01 13:00:00,26.85,25.69
2020-08-01 13:15:00,26.98,26.17
2020-08-01 13:30:00,27.07,25.60
2020-08-01 13:45:00,27.02,25.05
2020-08-01 14:00:00,27.01,24.96
2020-08-01 14:15:00,27.07,24.88
2020-08-01 14:30:00,27.10,24.98
2020-08-01 14:45:00,27.12,25.02
2020-08-01 15:00:00,27.18,25.35
2020-08-01 15:15:00,27.18,25.09
2020-08-01 15:30:00,27.22,25.29
2020-08-01 15:45:00,27.21,24.84
2020-08-01 16:00:00,27.28,25.08
2020-08-01 16:15:00,27.27,24.96
2020-08-01 16:30:00,27.41,25.24
2020-08-01 16:45:00,27.31,24.77
2020-08-01 17:00:00,27.35,25.05
2020-08-01 17:15:00,27.29,24.82
2020-08-01 17:30:00,27.29,24.93
2020-08-01 17:45:00,27.17,24.72
2020-08-01 18:00:00,27.19,24.89
2020-08-01 18:15:00,27.18,24.81
2020-08-01 18:30:00,27.18,25.12
2020-08-01 18:45:00,27.07,24.91
2020-08-01 19:00:00,27.04,24.88
2020-08-01 19:15:00,27.02,24.84
2020-08-01 19:30:00,27.15,25.24
2020-08-01 19:45:00,27.13,25.06
2020-08-01 20:00:00,26.94,24.89
2020-08-01 20:15:00,27.07,25.05
2020-08-01 20:30:00,27.12,25.22
2020-08-01 20:45:00,27.14,25.47
2020-08-01 21:00:00,27.19,25.55
2020-08-01 21:15:00,27.21,25.97
2020-08-01 21:30:00,27.18,25.74
2020-08-01 21:45:00,27.24,26.18
2020-08-01 22:00:00,27.18,26.00
2020-08-01 22:15:00,27.45,28.15
2020-08-01 22:30:00,27.54,28.46
2020-08-01 22:45:00,27.65,29.26
2020-08-01 23:00:00,27.57,28.67
2020-08-01 23:15:00,27.72,29.50
2020-08-01 23:30:00,27.68,29.31
2020-08-01 23:45:00,27.68,29.34
2020-08-02 00:00:00,27.58,28.83
2020-08-02 00:15:00,27.73,29.56
2020-08-02 00:30:00,27.75,29.62
2020-08-02 00:45:00,27.74,29.58
2020-08-02 01:00:00,27.76,29.58
2020-08-02 01:15:00,27.75,29.55
2020-08-02 01:30:00,27.69,29.58
2020-08-02 01:45:00,27.55,29.39
2020-08-02 02:00:00,27.22,25.74
2020-08-02 02:15:00,27.50,29.36
2020-08-02 02:30:00,26.97,27.49
2020-08-02 02:45:00,27.23,28.49
2020-08-02 03:00:00,27.17,28.31
2020-08-02 03:15:00,27.11,27.83
2020-08-02 03:30:00,27.05,27.59
2020-08-02 03:45:00,26.92,26.58
2020-08-02 04:00:00,26.91,26.65
2020-08-02 04:15:00,26.78,26.11
2020-08-02 04:30:00,26.71,25.84
2020-08-02 04:45:00,26.75,26.35
2020-08-02 05:00:00,26.86,27.08
2020-08-02 05:15:00,27.14,28.08
2020-08-02 05:30:00,27.05,27.97
2020-08-02 05:45:00,26.90,27.36
2020-08-02 06:00:00,27.12,28.46
2020-08-02 06:15:00,27.02,28.10
2020-08-02 06:30:00,27.05,28.11
2020-08-02 06:45:00,26.82,27.64
2020-08-02 07:00:00,27.00,28.24
2020-08-02 07:15:00,26.99,28.21
2020-08-02 07:30:00,26.93,28.34
2020-08-02 07:45:00,27.08,28.51
2020-08-02 08:00:00,27.05,28.60
2020-08-02 08:15:00,26.88,28.26
2020-08-02 08:30:00,27.17,29.16
2020-08-02 08:45:00,27.13,28.89
2020-08-02 09:00:00,27.09,28.50
2020-08-02 09:15:00,27.25,29.17
2020-08-02 09:30:00,27.27,29.38
2020-08-02 09:45:00,27.37,29.84
2020-08-02 10:00:00,27.30,29.26
2020-08-02 10:15:00,27.41,29.74
2020-08-02 10:30:00,27.58,30.25
2020-08-02 10:45:00,27.61,30.29
2020-08-02 11:00:00,27.59,30.34
2020-08-02 11:15:00,27.60,29.93
2020-08-02 11:30:00,27.63,28.69
2020-08-02 11:45:00,27.67,29.30
2020-08-02 12:00:00,27.72,28.84
2020-08-02 12:15:00,27.70,29.05
2020-08-02 12:30:00,27.57,28.77
2020-08-02 12:45:00,27.07,27.37
2020-08-02 13:00:00,27.08,27.52
2020-08-02 13:15:00,26.95,27.03
2020-08-02 13:30:00,27.22,26.83
2020-08-02 13:45:00,27.41,26.65
2020-08-02 14:00:00,27.44,26.45
2020-08-02 14:15:00,27.55,26.88
2020-08-02 14:30:00,27.57,26.98
2020-08-02 14:45:00,27.77,27.67
2020-08-02 15:00:00,27.72,27.44
2020-08-02 15:15:00,27.77,27.50
2020-08-02 15:30:00,27.80,27.55
2020-08-02 15:45:00,27.66,27.51
2020-08-02 16:00:00,27.72,27.62
2020-08-02 16:15:00,27.77,27.69
2020-08-02 16:30:00,27.79,27.59
2020-08-02 16:45:00,27.82,27.53
2020-08-02 17:00:00,27.82,27.52
2020-08-02 17:15:00,27.82,27.58
2020-08-02 17:30:00,27.81,27.64
2020-08-02 17:45:00,27.82,27.41
2020-08-02 18:00:00,27.80,27.40
2020-08-02 18:15:00,27.72,27.33
2020-08-02 18:30:00,27.65,27.34
2020-08-02 18:45:00,27.56,27.42
2020-08-02 19:00:00,27.67,28.08
2020-08-02 19:15:00,27.52,27.68
2020-08-02 19:30:00,27.56,28.03
2020-08-02 19:45:00,27.50,27.99
2020-08-02 20:00:00,27.36,27.66
2020-08-02 20:15:00,27.30,27.36
2020-08-02 20:30:00,27.38,27.60
2020-08-02 20:45:00,27.25,26.89
2020-08-02 21:00:00,27.21,26.89
2020-08-02 21:15:00,27.00,26.53
2020-08-02 21:30:00,26.97,26.71
2020-08-02 21:45:00,27.22,27.52
2020-08-02 22:00:00,26.80,26.89
2020-08-02 22:15:00,26.79,27.25
2020-08-02 22:30:00,26.81,27.37
2020-08-02 22:45:00,27.10,28.32
2020-08-02 23:00:00,26.84,27.67
2020-08-02 23:15:00,27.38,29.28
2020-08-02 23:30:00,27.07,28.79
2020-08-02 23:45:00,26.98,28.52
2020-08-03 00:00:00,26.90,28.36
2020-08-03 00:15:00,26.87,28.49
2020-08-03 00:30:00,26.92,28.80
2020-08-03 00:45:00,26.93,28.87
2020-08-03 01:00:00,26.67,28.72
2020-08-03 01:15:00,26.50,28.31
2020-08-03 01:30:00,26.63,28.37
2020-08-03 01:45:00,26.70,28.47
2020-08-03 02:00:00,26.75,28.67
2020-08-03 02:15:00,26.75,28.74
2020-08-03 02:30:00,26.78,28.80
2020-08-03 02:45:00,26.82,28.78
2020-08-03 03:00:00,27.15,29.01
2020-08-03 03:15:00,26.85,28.56
2020-08-03 03:30:00,27.23,28.95
2020-08-03 03:45:00,27.11,28.82
2020-08-03 04:00:00,27.03,28.88
2020-08-03 04:15:00,27.12,28.97
2020-08-03 04:30:00,27.13,29.26
2020-08-03 04:45:00,27.18,29.20
2020-08-03 05:00:00,27.18,29.41
2020-08-03 05:15:00,27.08,28.88
2020-08-03 05:30:00,26.93,28.42
2020-08-03 05:45:00,26.79,28.08
2020-08-03 06:00:00,26.86,28.35
2020-08-03 06:15:00,26.85,28.44
2020-08-03 06:30:00,26.93,28.95
2020-08-03 06:45:00,26.66,28.00
2020-08-03 07:00:00,26.70,28.25
2020-08-03 07:15:00,26.71,28.26
2020-08-03 07:30:00,26.50,27.78
2020-08-03 07:45:00,26.57,27.83
2020-08-03 08:00:00,26.61,27.70
2020-08-03 08:15:00,26.57,27.51
2020-08-03 08:30:00,26.59,27.50
2020-08-03 08:45:00,26.56,27.25
2020-08-03 09:00:00,26.68,27.30
2020-08-03 09:15:00,26.74,27.45
2020-08-03 09:30:00,26.62,27.16
2020-08-03 09:45:00,26.60,27.09
2020-08-03 10:00:00,26.60,27.11
2020-08-03 10:15:00,26.63,26.77
2020-08-03 10:30:00,26.57,26.72
2020-08-03 10:45:00,26.73,27.15
2020-08-03 11:00:00,26.79,27.27
2020-08-03 11:15:00,26.89,27.51
2020-08-03 11:30:00,26.96,27.84
2020-08-03 11:45:00,27.04,28.02
2020-08-03 12:00:00,27.14,27.87
2020-08-03 12:15:00,27.15,27.54
2020-08-03 12:30:00,27.18,27.35
2020-08-03 12:45:00,27.18,26.54
2020-08-03 13:00:00,27.23,26.20
2020-08-03 13:15:00,27.33,25.95
2020-08-03 13:30:00,27.46,26.13
2020-08-03 13:45:00,27.56,25.74
2020-08-03 14:00:00,27.56,25.67
2020-08-03 14:15:00,27.62,25.68
2020-08-03 14:30:00,27.66,25.83
2020-08-03 14:45:00,27.61,25.87
2020-08-03 15:00:00,27.62,25.89
2020-08-03 15:15:00,27.70,26.14
2020-08-03 15:30:00,27.85,26.29
2020-08-03 15:45:00,28.03,26.28
2020-08-03 16:00:00,27.83,26.06
2020-08-03 16:15:00,27.83,26.14
2020-08-03 16:30:00,27.86,26.54
2020-08-03 16:45:00,27.85,26.53
2020-08-03 17:00:00,27.87,26.75
2020-08-03 17:15:00,27.81,26.83
2020-08-03 17:30:00,27.76,26.85
2020-08-03 17:45:00,27.77,26.92
2020-08-03 18:00:00,28.00,26.24
2020-08-03 18:15:00,27.75,27.00
2020-08-03 18:30:00,27.88,27.40
2020-08-03 18:45:00,27.76,27.43
2020-08-03 19:00:00,27.73,27.10
2020-08-03 19:15:00,27.73,27.08
2020-08-03 19:30:00,27.74,27.01
2020-08-03 19:45:00,27.73,25.37
2020-08-03 20:00:00,27.71,26.82
2020-08-03 20:15:00,27.69,26.79
2020-08-03 20:30:00,27.56,27.54
2020-08-03 20:45:00,27.43,27.33
2020-08-03 21:00:00,27.50,26.72
2020-08-03 21:15:00,27.61,26.55
2020-08-03 21:30:00,27.55,26.95
2020-08-03 21:45:00,27.50,26.72
2020-08-03 22:00:00,27.16,25.98
2020-08-03 22:15:00,27.42,26.42
2020-08-03 22:30:00,27.35,26.83
2020-08-03 22:45:00,27.31,26.96
2020-08-03 23:00:00,27.33,27.25
2020-08-03 23:15:00,27.41,27.61
2020-08-03 23:30:00,27.32,27.11
2020-08-03 23:45:00,27.35,27.52
2020-08-04 00:00:00,27.16,26.86
2020-08-04 00:15:00,27.19,27.06
2020-08-04 00:30:00,27.17,27.41
2020-08-04 00:45:00,27.13,27.70
2020-08-04 01:00:00,27.05,27.87
2020-08-04 01:15:00,27.02,27.92
2020-08-04 01:30:00,27.05,27.93
2020-08-04 01:45:00,27.25,28.71
2020-08-04 02:00:00,26.84,27.38
2020-08-04 02:15:00,26.84,27.31
2020-08-04 02:30:00,27.18,28.38
2020-08-04 02:45:00,27.27,28.47
2020-08-04 03:00:00,27.36,28.68
2020-08-04 03:15:00,27.34,28.52
2020-08-04 03:30:00,27.19,28.36
2020-08-04 03:45:00,27.09,27.94
2020-08-04 04:00:00,27.05,27.11
2020-08-04 04:15:00,27.06,27.15
2020-08-04 04:30:00,27.06,27.37
2020-08-04 04:45:00,27.04,27.72
2020-08-04 05:00:00,27.08,28.08
2020-08-04 05:15:00,27.04,27.72
2020-08-04 05:30:00,27.11,27.76
2020-08-04 05:45:00,26.87,27.95
2020-08-04 06:00:00,26.78,28.12
2020-08-04 06:15:00,27.05,28.76
2020-08-04 06:30:00,27.06,29.09
2020-08-04 06:45:00,26.95,28.97
2020-08-04 07:00:00,26.99,29.16
2020-08-04 07:15:00,26.98,29.11
2020-08-04 07:30:00,27.04,29.30
2020-08-04 07:45:00,27.14,29.45
2020-08-04 08:00:00,27.13,29.67
2020-08-04 08:15:00,27.28,29.94
2020-08-04 08:30:00,27.28,29.97
2020-08-04 08:45:00,27.24,29.90
2020-08-04 09:00:00,27.25,29.95
2020-08-04 09:15:00,27.29,29.93
2020-08-04 09:30:00,27.28,29.84
2020-08-04 09:45:00,27.32,29.78
2020-08-04 10:00:00,27.32,29.64
2020-08-04 10:15:00,27.33,29.25
2020-08-04 10:30:00,27.42,29.18
2020-08-04 10:45:00,27.37,28.38
2020-08-04 11:00:00,27.44,28.64
2020-08-04 11:15:00,27.47,28.86
2020-08-04 11:30:00,27.41,28.45
2020-08-04 11:45:00,27.45,28.54
2020-08-04 12:00:00,27.43,28.42
2020-08-04 12:15:00,27.41,28.28
2020-08-04 12:30:00,27.25,27.72
2020-08-04 12:45:00,26.95,26.61
2020-08-04 13:00:00,26.79,26.11
2020-08-04 13:15:00,26.81,26.17
2020-08-04 13:30:00,26.71,25.84
2020-08-04 13:45:00,26.73,25.79
2020-08-04 14:00:00,26.74,25.74
2020-08-04 14:15:00,26.73,25.65
2020-08-04 14:30:00,26.75,25.80
2020-08-04 14:45:00,26.77,25.85
2020-08-04 15:00:00,26.85,26.18
2020-08-04 15:15:00,26.89,26.38
2020-08-04 15:30:00,26.89,26.37
2020-08-04 15:45:00,26.93,26.52
2020-08-04 16:00:00,26.93,26.58
2020-08-04 16:15:00,26.97,26.71
2020-08-04 16:30:00,26.95,26.86
2020-08-04 16:45:00,27.00,27.04
2020-08-04 17:00:00,27.01,27.20
2020-08-04 17:15:00,26.99,27.28
2020-08-04 17:30:00,26.86,27.11
2020-08-04 17:45:00,26.71,26.78
2020-08-04 18:00:00,26.88,27.15
2020-08-04 18:15:00,27.03,27.41
2020-08-04 18:30:00,27.04,27.45
2020-08-04 18:45:00,27.03,27.42
2020-08-04 19:00:00,26.59,26.29
2020-08-04 19:15:00,26.72,26.22
2020-08-04 19:30:00,26.42,25.01
2020-08-04 19:45:00,26.59,25.98
2020-08-04 20:00:00,26.64,26.06
2020-08-04 20:15:00,26.65,26.14
2020-08-04 20:30:00,26.66,26.09
2020-08-04 20:45:00,26.59,25.80
2020-08-04 21:00:00,26.60,25.97
2020-08-04 21:15:00,26.59,26.10
2020-08-04 21:30:00,26.64,26.37
2020-08-04 21:45:00,26.59,26.59
2020-08-04 22:00:00,26.68,26.84
2020-08-04 22:15:00,26.40,26.93
2020-08-04 22:30:00,26.43,27.09
2020-08-04 22:45:00,26.47,27.13
2020-08-04 23:00:00,26.40,27.04
2020-08-04 23:15:00,26.39,26.66
2020-08-04 23:30:00,26.47,26.98
2020-08-04 23:45:00,26.47,27.00
2020-08-05 00:00:00,26.52,26.79
2020-08-05 00:15:00,26.57,27.27
2020-08-05 00:30:00,26.58,27.61
2020-08-05 00:45:00,26.64,27.46
2020-08-05 01:00:00,26.67,28.11
2020-08-05 01:15:00,26.77,27.96
2020-08-05 01:30:00,26.91,28.28
2020-08-05 01:45:00,27.02,28.47
2020-08-05 02:00:00,26.99,28.06
2020-08-05 02:15:00,26.85,27.29
2020-08-05 02:30:00,27.01,27.92
2020-08-05 02:45:00,27.02,27.81
2020-08-05 03:00:00,27.08,28.07
2020-08-05 03:15:00,27.02,27.76
2020-08-05 03:30:00,27.12,28.50
2020-08-05 03:45:00,27.09,28.07
2020-08-05 04:00:00,27.07,28.03
2020-08-05 04:15:00,27.11,28.10
2020-08-05 04:30:00,26.26,26.19
2020-08-05 04:45:00,26.99,28.44
2020-08-05 05:00:00,26.98,28.31
2020-08-05 05:15:00,26.91,28.66
2020-08-05 05:30:00,26.89,28.57
2020-08-05 05:45:00,26.74,28.36
2020-08-05 06:00:00,26.52,27.84
2020-08-05 06:15:00,26.54,27.96
2020-08-05 06:30:00,26.39,27.76
2020-08-05 06:45:00,26.53,27.47
2020-08-05 07:00:00,26.58,27.89
2020-08-05 07:15:00,26.64,27.70
2020-08-05 07:30:00,26.60,27.49
2020-08-05 07:45:00,26.80,28.41
2020-08-05 08:00:00,26.76,28.16
2020-08-05 08:15:00,26.76,28.22
2020-08-05 08:30:00,26.68,28.13
2020-08-05 08:45:00,26.59,27.51
2020-08-05 09:00:00,26.62,27.75
2020-08-05 09:15:00,26.70,28.09
2020-08-05 09:30:00,26.74,28.07
2020-08-05 09:45:00,26.75,28.10
2020-08-05 10:00:00,26.67,27.74
2020-08-05 10:15:00,26.68,27.73
2020-08-05 10:30:00,26.75,28.01
2020-08-05 10:45:00,26.83,28.20
2020-08-05 11:00:00,26.87,28.27
2020-08-05 11:15:00,27.02,29.45
2020-08-05 11:30:00,27.02,29.23
2020-08-05 11:45:00,27.11,29.59
2020-08-05 12:00:00,27.14,29.78
2020-08-05 12:15:00,27.08,30.16
2020-08-05 12:30:00,27.25,30.41
2020-08-05 12:45:00,27.11,29.99
2020-08-05 13:00:00,27.15,29.88
2020-08-05 13:15:00,27.31,29.77
2020-08-05 13:30:00,27.48,29.35
2020-08-05 13:45:00,27.37,29.32
2020-08-05 14:00:00,27.35,28.61
2020-08-05 14:15:00,27.39,28.48
2020-08-05 14:30:00,27.35,28.15
2020-08-05 14:45:00,27.42,27.57
2020-08-05 15:00:00,27.40,27.10
2020-08-05 15:15:00,27.31,26.69
2020-08-05 15:30:00,27.32,26.52
2020-08-05 15:45:00,27.35,26.53
2020-08-05 16:00:00,27.40,26.75
2020-08-05 16:15:00,27.41,26.86
2020-08-05 16:30:00,27.42,26.96
2020-08-05 16:45:00,27.38,26.96
2020-08-05 17:00:00,27.40,27.06
2020-08-05 17:15:00,27.40,27.02
2020-08-05 17:30:00,27.42,27.15
2020-08-05 17:45:00,27.40,27.15
2020-08-05 18:00:00,27.15,26.91
2020-08-05 18:15:00,27.14,26.94
2020-08-05 18:30:00,27.26,27.05
2020-08-05 18:45:00,27.28,26.83
2020-08-05 19:00:00,27.42,27.07
2020-08-05 19:15:00,27.29,26.76
2020-08-05 19:30:00,27.41,26.89
2020-08-05 19:45:00,27.46,26.78
2020-08-05 20:00:00,27.38,26.65
2020-08-05 20:15:00,27.38,26.40
2020-08-05 20:30:00,27.44,26.62
2020-08-05 20:45:00,27.39,26.64
2020-08-05 21:00:00,27.35,27.09
2020-08-05 21:15:00,27.33,27.32
2020-08-05 21:30:00,27.23,27.15
2020-08-05 21:45:00,27.27,27.27
2020-08-05 22:00:00,27.38,28.13
2020-08-05 22:15:00,27.31,27.62
2020-08-05 22:30:00,27.40,28.88
2020-08-05 22:45:00,27.40,29.78
2020-08-05 23:00:00,27.35,29.71
2020-08-05 23:15:00,27.13,29.50
2020-08-05 23:30:00,27.20,28.99
2020-08-05 23:45:00,27.16,29.28
2020-08-06 00:00:00,27.07,29.22
2020-08-06 00:15:00,27.05,29.22
2020-08-06 00:30:00,26.97,29.04
2020-08-06 00:45:00,26.94,29.02
2020-08-06 01:00:00,26.93,29.15
2020-08-06 01:15:00,27.03,29.55
2020-08-06 01:30:00,27.02,29.62
2020-08-06 01:45:00,26.90,29.37
2020-08-06 02:00:00,26.85,29.35
2020-08-06 02:15:00,26.80,29.32
2020-08-06 02:30:00,26.87,29.82
2020-08-06 02:45:00,26.91,29.72
2020-08-06 03:00:00,26.94,29.90
2020-08-06 03:15:00,26.73,29.40
2020-08-06 03:30:00,26.64,29.34
2020-08-06 03:45:00,26.46,29.28
2020-08-06 04:00:00,26.50,29.37
2020-08-06 04:15:00,26.63,29.73
2020-08-06 04:30:00,26.64,29.54
2020-08-06 04:45:00,26.61,29.52
2020-08-06 05:00:00,26.43,28.77
2020-08-06 05:15:00,26.53,28.93
2020-08-06 05:30:00,26.48,27.87
2020-08-06 05:45:00,26.53,28.84
2020-08-06 06:00:00,26.56,29.43
2020-08-06 06:15:00,26.57,29.46
2020-08-06 06:30:00,26.55,28.21
2020-08-06 06:45:00,26.59,28.80
2020-08-06 07:00:00,26.53,28.32
2020-08-06 07:15:00,26.57,27.55
2020-08-06 07:30:00,26.67,28.16
2020-08-06 07:45:00,26.82,28.27
2020-08-06 08:00:00,26.74,28.61
2020-08-06 08:15:00,26.77,28.69
2020-08-06 08:30:00,26.74,28.72
2020-08-06 08:45:00,26.82,28.21
2020-08-06 09:00:00,26.79,28.74
2020-08-06 09:15:00,26.80,29.03
2020-08-06 09:30:00,26.79,29.35
2020-08-06 09:45:00,26.81,29.17
2020-08-06 10:00:00,26.84,28.87
2020-08-06 10:15:00,26.87,28.74
2020-08-06 10:30:00,26.90,28.89
2020-08-06 10:45:00,26.91,28.92
2020-08-06 11:00:00,26.89,28.91
2020-08-06 11:15:00,26.86,28.21
2020-08-06 11:30:00,26.77,27.53
2020-08-06 11:45:00,26.71,27.36
2020-08-06 12:00:00,26.74,27.83
2020-08-06 12:15:00,26.66,26.45
2020-08-06 12:30:00,26.72,26.63
2020-08-06 12:45:00,26.71,26.14
2020-08-06 13:00:00,26.80,26.67
2020-08-06 13:15:00,26.87,27.29
2020-08-06 13:30:00,26.96,27.65
2020-08-06 13:45:00,26.86,28.06
2020-08-06 14:00:00,26.90,26.92
2020-08-06 14:15:00,26.90,27.21
2020-08-06 14:30:00,26.91,27.24
2020-08-06 14:45:00,26.91,26.01
2020-08-06 15:00:00,26.84,25.97
2020-08-06 15:15:00,26.72,25.22
2020-08-06 15:30:00,26.71,25.55
2020-08-06 15:45:00,26.68,25.48
2020-08-06 16:00:00,26.80,26.55
2020-08-06 16:15:00,26.80,26.61
2020-08-06 16:30:00,26.85,27.16
2020-08-06 16:45:00,26.81,26.41
2020-08-06 17:00:00,26.80,26.27
2020-08-06 17:15:00,26.83,26.22
2020-08-06 17:30:00,26.86,26.44
2020-08-06 17:45:00,26.74,25.98
2020-08-06 18:00:00,26.98,27.08
2020-08-06 18:15:00,27.01,27.95
2020-08-06 18:30:00,26.95,26.93
2020-08-06 18:45:00,26.98,28.24
2020-08-06 19:00:00,27.00,28.83
2020-08-06 19:15:00,26.94,28.31
2020-08-06 19:30:00,26.95,29.11
2020-08-06 19:45:00,26.92,28.89
2020-08-06 20:00:00,26.89,28.89
2020-08-06 20:15:00,26.89,27.47
2020-08-06 20:30:00,26.86,27.70
2020-08-06 20:45:00,26.87,28.25
2020-08-06 21:00:00,26.84,28.69
2020-08-06 21:15:00,26.84,28.42
2020-08-06 21:30:00,26.67,27.72
2020-08-06 21:45:00,26.80,29.03
2020-08-06 22:00:00,26.59,27.15
2020-08-06 22:15:00,26.67,27.05
2020-08-06 22:30:00,26.41,25.73
2020-08-06 22:45:00,26.32,25.16
2020-08-06 23:00:00,26.28,24.88
2020-08-06 23:15:00,26.37,25.43
2020-08-06 23:30:00,26.17,24.31
2020-08-06 23:45:00,26.36,25.69
2020-08-07 00:00:00,26.35,25.85
2020-08-07 00:15:00,26.42,27.36
2020-08-07 00:30:00,26.41,27.45
2020-08-07 00:45:00,26.36,27.58
2020-08-07 01:00:00,26.32,27.46
2020-08-07 01:15:00,26.28,27.28
2020-08-07 01:30:00,26.25,27.36
2020-08-07 01:45:00,26.26,26.80
2020-08-07 02:00:00,26.24,26.08
2020-08-07 02:15:00,26.20,25.86
2020-08-07 02:30:00,26.09,25.59
2020-08-07 02:45:00,26.13,25.85
2020-08-07 03:00:00,26.15,25.98
2020-08-07 03:15:00,26.15,26.04
2020-08-07 03:30:00,26.17,26.32
2020-08-07 03:45:00,26.21,26.54
2020-08-07 04:00:00,26.23,26.42
2020-08-07 04:15:00,26.25,26.71
2020-08-07 04:30:00,26.27,27.42
2020-08-07 04:45:00,26.31,27.39
2020-08-07 05:00:00,26.35,28.33
2020-08-07 05:15:00,26.38,28.14
2020-08-07 05:30:00,26.37,28.05
2020-08-07 05:45:00,26.33,28.24
2020-08-07 06:00:00,26.28,27.35
2020-08-07 06:15:00,26.28,27.93
2020-08-07 06:30:00,26.25,27.34
2020-08-07 06:45:00,26.21,26.85
2020-08-07 07:00:00,26.31,26.88
2020-08-07 07:15:00,26.11,25.80
2020-08-07 07:30:00,26.12,25.58
2020-08-07 07:45:00,26.22,26.07
2020-08-07 08:00:00,26.19,25.71
2020-08-07 08:15:00,26.29,26.27
2020-08-07 08:30:00,26.26,25.98
2020-08-07 08:45:00,26.18,25.70
2020-08-07 09:00:00,26.16,25.53
2020-08-07 09:15:00,26.10,25.25
2020-08-07 09:30:00,26.12,25.39
2020-08-07 09:45:00,26.16,25.61
2020-08-07 10:00:00,26.24,25.86
2020-08-07 10:15:00,26.08,24.96
2020-08-07 10:30:00,26.11,24.75
2020-08-07 10:45:00,26.18,25.23
2020-08-07 11:00:00,26.17,25.01
2020-08-07 11:15:00,26.40,26.44
2020-08-07 11:30:00,26.33,25.60
2020-08-07 11:45:00,26.53,27.14
2020-08-07 12:00:00,26.49,25.87
2020-08-07 12:15:00,26.62,26.29
2020-08-07 12:30:00,26.60,26.62
2020-08-07 12:45:00,26.64,26.59
2020-08-07 13:00:00,26.62,26.05
2020-08-07 13:15:00,26.68,25.74
2020-08-07 13:30:00,26.73,25.15
2020-08-07 13:45:00,26.87,26.77
2020-08-07 14:00:00,26.97,26.46
2020-08-07 14:15:00,27.10,26.49
2020-08-07 14:30:00,27.24,25.78
2020-08-07 14:45:00,27.25,24.94
2020-08-07 15:00:00,27.31,23.83
2020-08-07 15:15:00,27.44,24.15
2020-08-07 15:30:00,27.53,23.89
2020-08-07 15:45:00,27.54,24.04
2020-08-07 16:00:00,27.54,24.40
2020-08-07 16:15:00,27.50,24.09
2020-08-07 16:30:00,27.51,24.05
2020-08-07 16:45:00,27.55,23.97
2020-08-07 17:00:00,27.54,24.20
2020-08-07 17:15:00,27.55,24.22
2020-08-07 17:30:00,27.58,24.17
2020-08-07 17:45:00,27.60,24.34
2020-08-07 18:00:00,27.60,24.28
2020-08-07 18:15:00,27.60,24.22
2020-08-07 18:30:00,27.60,24.52
2020-08-07 18:45:00,27.59,24.46
2020-08-07 19:00:00,27.61,24.75
2020-08-07 19:15:00,27.59,25.05
2020-08-07 19:30:00,27.40,23.50
2020-08-07 19:45:00,27.54,24.80
2020-08-07 20:00:00,27.57,24.86
2020-08-07 20:15:00,27.63,25.05
2020-08-07 20:30:00,27.62,25.28
2020-08-07 20:45:00,27.62,25.41
2020-08-07 21:00:00,27.57,26.22
2020-08-07 21:15:00,27.62,26.07
2020-08-07 21:30:00,27.51,26.81
2020-08-07 21:45:00,27.43,27.00
2020-08-07 22:00:00,27.52,25.91
2020-08-07 22:15:00,27.37,28.07
2020-08-07 22:30:00,27.39,28.00
2020-08-07 22:45:00,27.45,26.82
2020-08-07 23:00:00,27.38,27.21
2020-08-07 23:15:00,27.28,27.02
2020-08-07 23:30:00,27.31,26.77
2020-08-07 23:45:00,27.32,26.74
2020-08-08 00:00:00,27.35,26.74
2020-08-08 00:15:00,27.41,25.69
2020-08-08 00:30:00,27.40,25.43
2020-08-08 00:45:00,27.46,25.50
2020-08-08 01:00:00,27.35,26.11
2020-08-08 01:15:00,27.28,26.26
2020-08-08 01:30:00,27.19,26.96
2020-08-08 01:45:00,27.13,26.78
2020-08-08 02:00:00,26.98,26.07
2020-08-08 02:15:00,26.74,26.16
2020-08-08 02:30:00,26.76,26.04
2020-08-08 02:45:00,26.66,25.65
2020-08-08 03:00:00,26.67,25.39
2020-08-08 03:15:00,26.64,25.31
2020-08-08 03:30:00,26.58,24.97
2020-08-08 03:45:00,26.59,25.14
2020-08-08 04:00:00,26.43,24.70
2020-08-08 04:15:00,26.59,26.00
2020-08-08 04:30:00,26.64,26.72
2020-08-08 04:45:00,26.67,26.12
2020-08-08 05:00:00,26.60,26.23
2020-08-08 05:15:00,26.66,26.58
2020-08-08 05:30:00,26.71,26.57
2020-08-08 05:45:00,26.65,26.35
2020-08-08 06:00:00,26.68,26.77
2020-08-08 06:15:00,26.71,26.90
2020-08-08 06:30:00,26.77,27.22
2020-08-08 06:45:00,26.82,27.48
2020-08-08 07:00:00,26.92,27.56
2020-08-08 07:15:00,26.59,27.34
2020-08-08 07:30:00,26.80,27.61
2020-08-08 07:45:00,26.85,27.81
2020-08-08 08:00:00,26.88,27.77
2020-08-08 08:15:00,26.97,27.27
2020-08-08 08:30:00,26.49,25.73
2020-08-08 08:45:00,26.72,26.12
2020-08-08 09:00:00,26.61,25.96
2020-08-08 09:15:00,26.39,24.71
2020-08-08 09:30:00,26.37,24.44
2020-08-08 09:45:00,26.53,25.48
2020-08-08 10:00:00,26.69,25.96
2020-08-08 10:15:00,26.60,25.30
2020-08-08 10:30:00,26.71,25.77
2020-08-08 10:45:00,26.71,26.01
2020-08-08 11:00:00,26.63,25.27
2020-08-08 11:15:00,26.69,25.47
2020-08-08 11:30:00,26.66,25.14
2020-08-08 11:45:00,26.66,25.01
2020-08-08 12:00:00,26.66,25.01
2020-08-08 12:15:00,26.70,25.09
2020-08-08 12:30:00,26.79,25.18
2020-08-08 12:45:00,26.82,23.78
2020-08-08 13:00:00,26.81,23.58
2020-08-08 13:15:00,26.75,23.74
2020-08-08 13:30:00,26.76,23.66
2020-08-08 13:45:00,26.75,23.40
2020-08-08 14:00:00,26.85,24.52
2020-08-08 14:15:00,26.74,23.83
2020-08-08 14:30:00,26.76,24.00
2020-08-08 14:45:00,26.92,24.89
2020-08-08 15:00:00,26.93,24.82
2020-08-08 15:15:00,26.99,25.36
2020-08-08 15:30:00,27.03,25.83
2020-08-08 15:45:00,27.05,26.76
2020-08-08 16:00:00,26.99,26.40
2020-08-08 16:15:00,27.04,27.22
2020-08-08 16:30:00,27.02,26.87
2020-08-08 16:45:00,26.99,26.96
2020-08-08 17:00:00,27.07,27.62
2020-08-08 17:15:00,27.10,27.67
2020-08-08 17:30:00,26.96,25.54
2020-08-08 17:45:00,26.91,24.86
2020-08-08 18:00:00,26.89,25.15
2020-08-08 18:15:00,26.89,24.08
2020-08-08 18:30:00,26.88,23.58
2020-08-08 18:45:00,26.91,25.11
2020-08-08 19:00:00,26.94,26.24
2020-08-08 19:15:00,26.94,26.07
2020-08-08 19:30:00,26.87,26.61
2020-08-08 19:45:00,26.87,25.22
2020-08-08 20:00:00,26.85,25.04
2020-08-08 20:15:00,26.92,27.69
2020-08-08 20:30:00,26.91,27.69
2020-08-08 20:45:00,26.92,27.60
2020-08-08 21:00:00,26.91,27.92
2020-08-08 21:15:00,26.92,28.07
2020-08-08 21:30:00,26.99,28.48
2020-08-08 21:45:00,27.05,28.82
2020-08-08 22:00:00,27.01,28.69
2020-08-08 22:15:00,27.08,28.72
2020-08-08 22:30:00,27.20,28.98
2020-08-08 22:45:00,27.15,28.84
2020-08-08 23:00:00,26.52,24.05
2020-08-08 23:15:00,26.86,27.60
2020-08-08 23:30:00,26.94,28.54
2020-08-08 23:45:00,26.94,28.13
2020-08-09 00:00:00,26.94,27.90
2020-08-09 00:15:00,26.57,25.06
2020-08-09 00:30:00,26.81,26.70
2020-08-09 00:45:00,27.11,28.13
2020-08-09 01:00:00,27.02,27.49
2020-08-09 01:15:00,27.16,28.33
2020-08-09 01:30:00,27.16,28.34
2020-08-09 01:45:00,27.00,28.06
2020-08-09 02:00:00,26.80,28.02
2020-08-09 02:15:00,26.77,27.80
2020-08-09 02:30:00,26.68,27.74
2020-08-09 02:45:00,26.79,27.86
2020-08-09 03:00:00,26.88,28.04
2020-08-09 03:15:00,26.65,27.99
2020-08-09 03:30:00,26.59,27.90
2020-08-09 03:45:00,26.32,26.80
2020-08-09 04:00:00,26.20,26.32
2020-08-09 04:15:00,26.55,27.33
2020-08-09 04:30:00,26.60,27.59
2020-08-09 04:45:00,26.63,28.00
2020-08-09 05:00:00,26.75,27.87
2020-08-09 05:15:00,27.02,27.73
2020-08-09 05:30:00,27.06,27.57
2020-08-09 05:45:00,26.84,28.09
2020-08-09 06:00:00,27.16,28.15
2020-08-09 06:15:00,26.85,27.58
2020-08-09 06:30:00,26.60,27.32
2020-08-09 06:45:00,26.50,26.99
2020-08-09 07:00:00,26.92,27.79
2020-08-09 07:15:00,26.36,26.93
2020-08-09 07:30:00,26.70,28.14
2020-08-09 07:45:00,26.32,26.45
2020-08-09 08:00:00,26.75,27.44
2020-08-09 08:15:00,26.27,25.69
2020-08-09 08:30:00,26.45,26.05
2020-08-09 08:45:00,26.55,25.95
2020-08-09 09:00:00,26.82,26.68
2020-08-09 09:15:00,27.11,28.08
2020-08-09 09:30:00,27.27,28.96
2020-08-09 09:45:00,27.24,28.58
2020-08-09 10:00:00,27.17,28.31
2020-08-09 10:15:00,27.07,27.87
2020-08-09 10:30:00,26.96,27.09
2020-08-09 10:45:00,26.91,26.57
2020-08-09 11:00:00,26.54,25.32
2020-08-09 11:15:00,26.17,24.07
2020-08-09 11:30:00,26.25,24.17
2020-08-09 11:45:00,26.37,25.40
2020-08-09 12:00:00,26.40,24.63
2020-08-09 12:15:00,26.46,24.29
2020-08-09 12:30:00,26.54,25.24
2020-08-09 12:45:00,26.84,26.97
2020-08-09 13:00:00,26.97,27.44
2020-08-09 13:15:00,27.02,27.08
2020-08-09 13:30:00,26.90,25.91
2020-08-09 13:45:00,26.90,26.45
2020-08-09 14:00:00,27.16,28.45
2020-08-09 14:15:00,27.02,26.76
2020-08-09 14:30:00,26.92,24.55
2020-08-09 14:45:00,27.09,24.35
2020-08-09 15:00:00,27.08,24.51
2020-08-09 15:15:00,27.14,24.54
2020-08-09 15:30:00,27.11,24.46
2020-08-09 15:45:00,27.09,24.37
2020-08-09 16:00:00,27.09,24.35
2020-08-09 16:15:00,27.09,24.44
2020-08-09 16:30:00,27.08,24.36
2020-08-09 16:45:00,26.94,24.15
2020-08-09 17:00:00,26.90,24.16
2020-08-09 17:15:00,26.90,24.31
2020-08-09 17:30:00,27.01,24.87
2020-08-09 17:45:00,27.01,24.84
2020-08-09 18:00:00,27.03,24.99
2020-08-09 18:15:00,27.07,25.39
2020-08-09 18:30:00,27.03,25.22
2020-08-09 18:45:00,26.98,24.99
2020-08-09 19:00:00,26.72,24.45
2020-08-09 19:15:00,26.66,24.13
2020-08-09 19:30:00,26.55,23.94
2020-08-09 19:45:00,26.42,23.36
2020-08-09 20:00:00,26.53,23.79
2020-08-09 20:15:00,26.45,23.64
2020-08-09 20:30:00,26.64,24.38
2020-08-09 20:45:00,26.69,24.51
2020-08-09 21:00:00,26.59,23.98
2020-08-09 21:15:00,26.73,24.72
2020-08-09 21:30:00,26.83,24.67
2020-08-09 21:45:00,26.95,25.94
2020-08-09 22:00:00,26.97,26.23
2020-08-09 22:15:00,26.88,26.35
2020-08-09 22:30:00,26.83,26.24
2020-08-09 22:45:00,26.83,26.34
2020-08-09 23:00:00,26.83,27.64
2020-08-09 23:15:00,26.82,27.37
2020-08-09 23:30:00,26.80,26.71
2020-08-09 23:45:00,26.79,26.57
2020-08-10 00:00:00,26.78,26.40
2020-08-10 00:15:00,26.75,28.19
2020-08-10 00:30:00,26.76,26.87
2020-08-10 00:45:00,26.75,27.54
2020-08-10 01:00:00,26.74,27.62
2020-08-10 01:15:00,26.69,28.13
2020-08-10 01:30:00,26.70,28.20
2020-08-10 01:45:00,26.71,28.28
2020-08-10 02:00:00,26.76,28.32
2020-08-10 02:15:00,26.70,28.13
2020-08-10 02:30:00,26.69,28.21
2020-08-10 02:45:00,26.24,26.04
2020-08-10 03:00:00,26.11,24.91
2020-08-10 03:15:00,26.19,25.33
2020-08-10 03:30:00,26.35,26.02
2020-08-10 03:45:00,26.65,27.72
2020-08-10 04:00:00,26.64,27.36
2020-08-10 04:15:00,26.73,28.22
2020-08-10 04:30:00,26.49,25.80
2020-08-10 04:45:00,26.85,28.49
2020-08-10 05:00:00,26.73,27.54
2020-08-10 05:15:00,26.86,28.06
2020-08-10 05:30:00,26.91,28.09
2020-08-10 05:45:00,26.98,28.77
2020-08-10 06:00:00,27.00,28.89
2020-08-10 06:15:00,26.92,28.12
2020-08-10 06:30:00,26.94,28.18
2020-08-10 06:45:00,26.78,27.27
2020-08-10 07:00:00,26.75,27.06
2020-08-10 07:15:00,26.23,25.91
2020-08-10 07:30:00,26.77,26.75
2020-08-10 07:45:00,26.60,26.18
2020-08-10 08:00:00,26.80,26.61
2020-08-10 08:15:00,26.78,27.23
2020-08-10 08:30:00,26.90,27.41
2020-08-10 08:45:00,26.91,27.50
2020-08-10 09:00:00,26.91,27.50
2020-08-10 09:15:00,26.93,27.83
2020-08-10 09:30:00,26.97,27.78
2020-08-10 09:45:00,27.03,27.72
2020-08-10 10:00:00,26.98,27.85
2020-08-10 10:15:00,27.01,27.76
2020-08-10 10:30:00,27.01,27.82
2020-08-10 10:45:00,26.97,27.96
2020-08-10 11:00:00,26.66,25.81
2020-08-10 11:15:00,26.94,27.44
2020-08-10 11:30:00,26.66,25.83
2020-08-10 11:45:00,26.54,25.59
2020-08-10 12:00:00,26.62,25.78
2020-08-10 12:15:00,26.64,25.88
2020-08-10 12:30:00,26.64,25.98
2020-08-10 12:45:00,26.74,26.55
2020-08-10 13:00:00,26.78,26.69
2020-08-10 13:15:00,26.80,26.70
2020-08-10 13:30:00,26.80,26.77
2020-08-10 13:45:00,26.80,26.72
2020-08-10 14:00:00,26.80,26.45
2020-08-10 14:15:00,26.80,26.27
2020-08-10 14:30:00,26.83,26.53
2020-08-10 14:45:00,26.87,26.82
2020-08-10 15:00:00,26.89,26.71
2020-08-10 15:15:00,26.92,26.66
2020-08-10 15:30:00,26.92,26.48
2020-08-10 15:45:00,26.91,26.27
2020-08-10 16:00:00,26.95,26.75
2020-08-10 16:15:00,26.95,26.58
2020-08-10 16:30:00,27.00,27.07
2020-08-10 16:45:00,27.03,27.55
2020-08-10 17:00:00,27.10,28.27
2020-08-10 17:15:00,27.09,28.18
2020-08-10 17:30:00,27.11,28.93
2020-08-10 17:45:00,27.06,27.86
2020-08-10 18:00:00,27.01,27.36
2020-08-10 18:15:00,26.99,27.58
2020-08-10 18:30:00,26.98,27.58
2020-08-10 18:45:00,26.97,27.51
2020-08-10 19:00:00,27.06,28.51
2020-08-10 19:15:00,27.05,27.94
2020-08-10 19:30:00,27.04,27.82
2020-08-10 19:45:00,27.09,28.77
2020-08-10 20:00:00,27.04,28.39
2020-08-10 20:15:00,26.96,27.22
2020-08-10 20:30:00,26.93,27.19
2020-08-10 20:45:00,26.93,27.30
2020-08-10 21:00:00,26.93,27.15
2020-08-10 21:15:00,26.76,26.48
2020-08-10 21:30:00,27.01,27.66
2020-08-10 21:45:00,26.94,27.40
2020-08-10 22:00:00,26.81,27.72
2020-08-10 22:15:00,26.67,27.45
2020-08-10 22:30:00,26.95,28.47
2020-08-10 22:45:00,26.99,28.67
2020-08-10 23:00:00,26.78,28.61
2020-08-10 23:15:00,26.64,27.12
2020-08-10 23:30:00,26.95,28.94
2020-08-10 23:45:00,26.69,28.68
2020-08-11 00:00:00,26.82,28.66
2020-08-11 00:15:00,26.50,27.23
2020-08-11 00:30:00,26.43,27.70
2020-08-11 00:45:00,26.50,27.94
2020-08-11 01:00:00,26.61,27.89
2020-08-11 01:15:00,26.59,27.94
2020-08-11 01:30:00,26.71,27.51
2020-08-11 01:45:00,26.70,27.85
2020-08-11 02:00:00,26.70,28.27
2020-08-11 02:15:00,26.68,28.59
2020-08-11 02:30:00,26.76,28.49
2020-08-11 02:45:00,26.83,28.37
2020-08-11 03:00:00,26.86,28.41
2020-08-11 03:15:00,26.93,28.58
2020-08-11 03:30:00,26.83,28.38
2020-08-11 03:45:00,26.85,28.37
2020-08-11 04:00:00,26.86,28.42
2020-08-11 04:15:00,26.84,28.34
2020-08-11 04:30:00,26.88,28.52
2020-08-11 04:45:00,26.93,28.70
2020-08-11 05:00:00,27.00,29.09
2020-08-11 05:15:00,26.89,28.34
2020-08-11 05:30:00,26.88,28.49
2020-08-11 05:45:00,26.98,28.84
2020-08-11 06:00:00,27.01,29.17
2020-08-11 06:15:00,26.95,29.06
2020-08-11 06:30:00,26.83,28.36
2020-08-11 06:45:00,26.91,28.99
2020-08-11 07:00:00,26.72,28.64
2020-08-11 07:15:00,26.30,27.65
2020-08-11 07:30:00,26.74,28.93
2020-08-11 07:45:00,26.75,28.77
2020-08-11 08:00:00,26.98,29.41
2020-08-11 08:15:00,26.79,28.99
2020-08-11 08:30:00,26.86,29.04
2020-08-11 08:45:00,26.86,28.94
2020-08-11 09:00:00,26.88,28.79
2020-08-11 09:15:00,26.94,29.10
2020-08-11 09:30:00,26.99,28.77
2020-08-11 09:45:00,26.53,0.09
2020-08-11 10:00:00,27.05,28.88
2020-08-11 10:15:00,27.06,28.96
2020-08-11 10:30:00,27.13,29.07
2020-08-11 10:45:00,27.02,28.31
2020-08-11 11:00:00,26.98,28.49
2020-08-11 11:15:00,27.11,29.34
2020-08-11 11:30:00,26.99,27.85
2020-08-11 11:45:00,26.98,28.31
2020-08-11 12:00:00,27.29,26.65
2020-08-11 12:15:00,27.28,26.47
2020-08-11 12:30:00,27.10,26.64
2020-08-11 12:45:00,27.19,25.70
2020-08-11 13:00:00,27.13,25.66
2020-08-11 13:15:00,27.17,25.24
2020-08-11 13:30:00,27.24,25.49
2020-08-11 13:45:00,27.31,25.54
2020-08-11 14:00:00,27.42,25.65
2020-08-11 14:15:00,27.39,25.16
2020-08-11 14:30:00,27.41,25.25
2020-08-11 14:45:00,27.38,24.88
2020-08-11 15:00:00,27.43,24.90
2020-08-11 15:15:00,27.43,24.72
2020-08-11 15:30:00,27.42,24.67
2020-08-11 15:45:00,27.47,24.70
2020-08-11 16:00:00,27.55,25.05
2020-08-11 16:15:00,27.55,24.76
2020-08-11 16:30:00,27.62,25.24
2020-08-11 16:45:00,27.65,25.28
2020-08-11 17:00:00,27.66,25.44
2020-08-11 17:15:00,27.64,25.23
2020-08-11 17:30:00,27.61,25.14
2020-08-11 17:45:00,27.50,24.90
2020-08-11 18:00:00,27.50,24.86
2020-08-11 18:15:00,27.61,25.27
2020-08-11 18:30:00,27.65,25.27
2020-08-11 18:45:00,27.72,25.68
2020-08-11 19:00:00,27.82,25.91
2020-08-11 19:15:00,27.86,26.23
2020-08-11 19:30:00,27.83,26.57
2020-08-11 19:45:00,27.85,26.11
2020-08-11 20:00:00,27.69,27.33
2020-08-11 20:15:00,27.73,27.28
2020-08-11 20:30:00,27.66,27.90
2020-08-11 20:45:00,27.66,27.69
2020-08-11 21:00:00,27.59,28.40
2020-08-11 21:15:00,27.49,29.40
2020-08-11 21:30:00,27.59,28.02
2020-08-11 21:45:00,27.74,26.38
2020-08-11 22:00:00,27.57,28.49
2020-08-11 22:15:00,27.59,27.80
2020-08-11 22:30:00,27.56,28.27
2020-08-11 22:45:00,27.62,28.40
2020-08-11 23:00:00,27.52,28.69
2020-08-11 23:15:00,27.47,28.88
2020-08-11 23:30:00,27.40,28.99
2020-08-11 23:45:00,27.43,29.17
2020-08-12 00:00:00,27.37,29.24
2020-08-12 00:15:00,27.22,29.25
2020-08-12 00:30:00,27.29,29.03
2020-08-12 00:45:00,27.36,29.01
2020-08-12 01:00:00,27.07,28.12
2020-08-12 01:15:00,27.21,28.51
2020-08-12 01:30:00,26.82,27.74
2020-08-12 01:45:00,26.86,28.18
2020-08-12 02:00:00,26.74,27.71
2020-08-12 02:15:00,26.78,27.70
2020-08-12 02:30:00,26.52,27.33
2020-08-12 02:45:00,26.48,27.31
2020-08-12 03:00:00,26.48,27.26
2020-08-12 03:15:00,26.65,27.48
2020-08-12 03:30:00,26.82,27.47
2020-08-12 03:45:00,27.01,27.53
2020-08-12 04:00:00,27.34,27.89
2020-08-12 04:15:00,27.45,28.49
2020-08-12 04:30:00,27.45,28.45
2020-08-12 04:45:00,27.07,27.95
2020-08-12 05:00:00,27.12,28.27
2020-08-12 05:15:00,27.13,28.76
2020-08-12 05:30:00,26.96,27.73
2020-08-12 05:45:00,26.35,26.18
2020-08-12 06:00:00,26.62,27.15
2020-08-12 06:15:00,26.44,26.98
2020-08-12 06:30:00,27.21,29.93
2020-08-12 06:45:00,27.05,29.12
2020-08-12 07:00:00,27.28,30.54
2020-08-12 07:15:00,27.21,30.61
2020-08-12 07:30:00,26.86,29.23
2020-08-12 07:45:00,27.05,29.17
2020-08-12 08:00:00,27.18,29.75
2020-08-12 08:15:00,27.19,29.97
2020-08-12 08:30:00,27.16,30.10
2020-08-12 08:45:00,27.04,29.84
2020-08-12 09:00:00,26.80,29.60
2020-08-12 09:15:00,26.90,29.41
2020-08-12 09:30:00,26.97,29.65
2020-08-12 09:45:00,27.27,30.29
2020-08-12 10:00:00,27.11,30.13
2020-08-12 10:15:00,26.84,29.51
2020-08-12 10:30:00,26.35,27.96
2020-08-12 10:45:00,26.83,29.62
2020-08-12 11:00:00,27.00,29.88
2020-08-12 11:15:00,26.90,29.33
2020-08-12 11:30:00,26.98,29.41
2020-08-12 11:45:00,26.96,28.01
2020-08-12 12:00:00,27.21,29.16
2020-08-12 12:15:00,27.04,29.03
2020-08-12 12:30:00,26.74,28.01
2020-08-12 12:45:00,27.13,28.99
2020-08-12 13:00:00,27.05,28.13
2020-08-12 13:15:00,27.21,28.08
2020-08-12 13:30:00,27.09,26.63
2020-08-12 13:45:00,26.92,25.77
2020-08-12 14:00:00,26.97,25.33
2020-08-12 14:15:00,26.98,25.58
2020-08-12 14:30:00,27.05,26.03
2020-08-12 14:45:00,27.00,25.14
2020-08-12 15:00:00,27.17,25.69
2020-08-12 15:15:00,27.06,24.75
2020-08-12 15:30:00,27.19,24.54
2020-08-12 15:45:00,27.31,24.98
2020-08-12 16:00:00,27.19,24.28
2020-08-12 16:15:00,27.20,24.09
2020-08-12 16:30:00,27.27,24.34
2020-08-12 16:45:00,27.21,23.97
2020-08-12 17:00:00,27.17,23.55
2020-08-12 17:15:00,27.15,23.75
2020-08-12 17:30:00,27.16,23.67
2020-08-12 17:45:00,27.12,23.36
2020-08-12 18:00:00,27.14,23.82
2020-08-12 18:15:00,27.16,23.59
2020-08-12 18:30:00,27.04,24.12
2020-08-12 18:45:00,27.10,23.92
2020-08-12 19:00:00,27.28,25.54
2020-08-12 19:15:00,27.27,25.75
2020-08-12 19:30:00,27.35,26.04
2020-08-12 19:45:00,27.37,26.05
2020-08-12 20:00:00,27.34,26.58
2020-08-12 20:15:00,27.29,25.84
2020-08-12 20:30:00,27.24,27.93
2020-08-12 20:45:00,27.31,28.27
2020-08-12 21:00:00,27.31,28.95
2020-08-12 21:15:00,27.18,28.26
2020-08-12 21:30:00,27.29,28.84
2020-08-12 21:45:00,27.50,29.46
2020-08-12 22:00:00,27.60,29.73
2020-08-12 22:15:00,27.69,29.85
2020-08-12 22:30:00,27.83,30.57
2020-08-12 22:45:00,27.82,30.50
2020-08-12 23:00:00,27.81,30.49
2020-08-12 23:15:00,27.80,30.46
2020-08-12 23:30:00,27.77,30.18
2020-08-12 23:45:00,27.83,30.47
2020-08-13 00:00:00,27.75,29.85
2020-08-13 00:15:00,27.69,29.99
2020-08-13 00:30:00,27.74,30.20
2020-08-13 00:45:00,27.55,29.80
2020-08-13 01:00:00,27.52,29.90
2020-08-13 01:15:00,27.60,30.18
2020-08-13 01:30:00,27.68,30.57
2020-08-13 01:45:00,27.64,30.21
2020-08-13 02:00:00,26.89,28.56
2020-08-13 02:15:00,26.92,28.53
2020-08-13 02:30:00,26.68,28.31
2020-08-13 02:45:00,26.46,27.88
2020-08-13 03:00:00,26.74,28.52
2020-08-13 03:15:00,26.58,28.29
2020-08-13 03:30:00,26.88,28.60
2020-08-13 03:45:00,26.85,28.59
2020-08-13 04:00:00,26.89,28.64
2020-08-13 04:15:00,26.78,28.50
2020-08-13 04:30:00,26.57,28.08
2020-08-13 04:45:00,26.57,28.07
2020-08-13 05:00:00,26.72,28.63
2020-08-13 05:15:00,27.09,28.85
2020-08-13 05:30:00,27.47,30.27
2020-08-13 05:45:00,27.57,30.30
2020-08-13 06:00:00,27.56,30.29
2020-08-13 06:15:00,27.46,29.95
2020-08-13 06:30:00,27.48,30.33
2020-08-13 06:45:00,27.43,30.22
2020-08-13 07:00:00,27.30,29.94
2020-08-13 07:15:00,27.18,29.64
2020-08-13 07:30:00,27.04,29.45
2020-08-13 07:45:00,26.98,29.73
2020-08-13 08:00:00,26.92,29.57
2020-08-13 08:15:00,26.87,29.55
2020-08-13 08:30:00,26.73,29.50
2020-08-13 08:45:00,26.77,29.51
2020-08-13 09:00:00,26.64,29.63
2020-08-13 09:15:00,26.52,29.54
2020-08-13 09:30:00,26.57,29.65
2020-08-13 09:45:00,26.63,29.37
2020-08-13 10:00:00,26.61,29.47
2020-08-13 10:15:00,26.77,28.93
2020-08-13 10:30:00,26.68,29.15
2020-08-13 10:45:00,26.76,28.96
2020-08-13 11:00:00,26.78,28.84
2020-08-13 11:15:00,26.84,28.79
2020-08-13 11:30:00,26.83,28.43
2020-08-13 11:45:00,26.81,28.62
2020-08-13 12:00:00,26.79,27.69
2020-08-13 12:15:00,26.55,27.11
2020-08-13 12:30:00,26.58,27.26
2020-08-13 12:45:00,26.59,27.11
2020-08-13 13:00:00,26.62,26.82
2020-08-13 13:15:00,26.64,26.72
2020-08-13 13:30:00,26.67,25.66
2020-08-13 13:45:00,26.75,26.21
2020-08-13 14:00:00,26.82,25.80
2020-08-13 14:15:00,26.84,26.10
2020-08-13 14:30:00,26.91,25.66
2020-08-13 14:45:00,26.90,25.84
2020-08-13 15:00:00,26.90,25.71
2020-08-13 15:15:00,26.89,25.81
2020-08-13 15:30:00,26.90,26.01
2020-08-13 15:45:00,26.91,26.08
2020-08-13 16:00:00,26.92,26.19
2020-08-13 16:15:00,26.92,26.25
2020-08-13 16:30:00,26.93,26.03
2020-08-13 16:45:00,26.94,26.18
2020-08-13 17:00:00,26.95,26.00
2020-08-13 17:15:00,26.93,26.08
2020-08-13 17:30:00,26.93,26.07
2020-08-13 17:45:00,26.98,25.90
2020-08-13 18:00:00,26.92,26.06
2020-08-13 18:15:00,27.07,26.87
2020-08-13 18:30:00,27.02,26.64
2020-08-13 18:45:00,27.11,27.34
2020-08-13 19:00:00,27.12,27.31
2020-08-13 19:15:00,27.28,28.55
2020-08-13 19:30:00,27.23,27.78
2020-08-13 19:45:00,27.24,28.09
2020-08-13 20:00:00,27.15,27.43
2020-08-13 20:15:00,27.26,28.64
2020-08-13 20:30:00,27.20,28.53
2020-08-13 20:45:00,27.01,28.82
2020-08-13 21:00:00,27.17,29.47
2020-08-13 21:15:00,27.18,29.64
2020-08-13 21:30:00,26.97,28.88
2020-08-13 21:45:00,27.14,29.57
2020-08-13 22:00:00,27.08,29.16
2020-08-13 22:15:00,26.85,29.18
2020-08-13 22:30:00,26.65,28.74
2020-08-13 22:45:00,26.88,29.11
2020-08-13 23:00:00,26.84,29.17
2020-08-13 23:15:00,26.48,28.48
2020-08-13 23:30:00,26.68,29.34
2020-08-13 23:45:00,26.61,28.80
2020-08-14 00:00:00,26.19,28.08
2020-08-14 00:15:00,26.40,28.55
2020-08-14 00:30:00,27.00,29.27
2020-08-14 00:45:00,26.98,29.54
2020-08-14 01:00:00,26.46,28.29
2020-08-14 01:15:00,26.32,28.08
2020-08-14 01:30:00,26.42,27.78
2020-08-14 01:45:00,26.86,28.52
2020-08-14 02:00:00,26.65,28.53
2020-08-14 02:15:00,26.83,29.20
2020-08-14 02:30:00,26.79,26.44
2020-08-14 02:45:00,26.87,28.98
2020-08-14 03:00:00,26.61,28.49
2020-08-14 03:15:00,26.54,28.47
2020-08-14 03:30:00,26.61,28.77
2020-08-14 03:45:00,26.12,27.32
2020-08-14 04:00:00,26.27,28.15
2020-08-14 04:15:00,26.13,27.91
2020-08-14 04:30:00,26.28,28.31
2020-08-14 04:45:00,26.18,27.92
2020-08-14 05:00:00,26.39,28.62
2020-08-14 05:15:00,26.30,28.86
2020-08-14 05:30:00,26.19,29.10
2020-08-14 05:45:00,26.10,29.36
2020-08-14 06:00:00,25.91,29.69
2020-08-14 06:15:00,25.87,29.64
2020-08-14 06:30:00,25.97,29.85
2020-08-14 06:45:00,26.14,30.16
2020-08-14 07:00:00,25.62,28.94
2020-08-14 07:15:00,26.52,30.45
2020-08-14 07:30:00,27.08,31.25
2020-08-14 07:45:00,26.34,30.22
2020-08-14 08:00:00,26.54,30.56
2020-08-14 08:15:00,25.99,29.76
2020-08-14 08:30:00,26.09,29.87
2020-08-14 08:45:00,25.69,28.98
2020-08-14 09:00:00,26.43,30.16
2020-08-14 09:15:00,26.63,29.94
2020-08-14 09:30:00,26.52,29.23
2020-08-14 09:45:00,26.51,28.85
2020-08-14 10:00:00,26.56,29.01
2020-08-14 10:15:00,26.43,28.91
2020-08-14 10:30:00,26.38,28.62
2020-08-14 10:45:00,26.32,28.28
2020-08-14 11:00:00,26.72,29.20
2020-08-14 11:15:00,26.73,29.28
2020-08-14 11:30:00,26.77,29.33
2020-08-14 11:45:00,26.58,28.72
2020-08-14 12:00:00,26.63,28.32
2020-08-14 12:15:00,26.72,28.14
2020-08-14 12:30:00,26.78,28.22
2020-08-14 12:45:00,26.84,28.31
2020-08-14 13:00:00,26.85,28.25
2020-08-14 13:15:00,26.88,28.36
2020-08-14 13:30:00,26.93,28.42
2020-08-14 13:45:00,27.00,28.43
2020-08-14 14:00:00,27.02,28.60
2020-08-14 14:15:00,27.07,28.76
2020-08-14 14:30:00,27.14,28.79
2020-08-14 14:45:00,27.16,28.90
2020-08-14 15:00:00,27.18,28.94
2020-08-14 15:15:00,27.25,29.15
2020-08-14 15:30:00,27.36,28.54
2020-08-14 15:45:00,27.32,28.90
2020-08-14 16:00:00,27.31,28.71
2020-08-14 16:15:00,27.37,28.35
2020-08-14 16:30:00,27.35,28.43
2020-08-14 16:45:00,27.49,28.01
2020-08-14 17:00:00,27.39,28.28
2020-08-14 17:15:00,27.25,28.54
2020-08-14 17:30:00,27.14,28.77
2020-08-14 17:45:00,27.14,28.74
2020-08-14 18:00:00,27.16,28.65
2020-08-14 18:15:00,27.19,28.55
2020-08-14 18:30:00,27.16,28.66
2020-08-14 18:45:00,27.20,28.42
2020-08-14 19:00:00,27.28,28.18
2020-08-14 19:15:00,27.21,28.64
2020-08-14 19:30:00,27.22,28.45
2020-08-14 19:45:00,27.19,28.64
2020-08-14 20:00:00,27.22,29.64
2020-08-14 20:15:00,27.19,29.17
2020-08-14 20:30:00,27.15,28.87
2020-08-14 20:45:00,27.17,29.01
2020-08-14 21:00:00,27.19,29.37
2020-08-14 21:15:00,27.18,29.63
2020-08-14 21:30:00,27.14,29.77
2020-08-14 21:45:00,27.11,29.86
2020-08-14 22:00:00,27.16,29.96
2020-08-14 22:15:00,27.16,29.94
2020-08-14 22:30:00,26.97,29.93
2020-08-14 22:45:00,26.91,29.78
2020-08-14 23:00:00,26.85,29.37
2020-08-14 23:15:00,27.01,29.74
2020-08-14 23:30:00,26.88,29.50
2020-08-14 23:45:00,26.84,29.93
2020-08-15 00:00:00,26.77,29.91
2020-08-15 00:15:00,26.73,29.36
2020-08-15 00:30:00,26.93,29.94
2020-08-15 00:45:00,26.64,28.83
2020-08-15 01:00:00,27.10,30.28
2020-08-15 01:15:00,26.79,29.57
2020-08-15 01:30:00,26.91,29.80
2020-08-15 01:45:00,26.75,29.45
2020-08-15 02:00:00,26.76,29.32
2020-08-15 02:15:00,26.89,28.95
2020-08-15 02:30:00,27.05,28.61
2020-08-15 02:45:00,27.09,28.66
2020-08-15 03:00:00,26.99,29.13
2020-08-15 03:15:00,27.09,28.86
2020-08-15 03:30:00,27.16,28.99
2020-08-15 03:45:00,27.16,28.94
2020-08-15 04:00:00,27.02,28.67
2020-08-15 04:15:00,27.01,28.55
2020-08-15 04:30:00,26.62,27.77
2020-08-15 04:45:00,26.66,27.81
2020-08-15 05:00:00,26.79,27.83
2020-08-15 05:15:00,26.92,28.45
2020-08-15 05:30:00,26.93,28.86
2020-08-15 05:45:00,26.93,28.90
2020-08-15 06:00:00,26.90,28.97
2020-08-15 06:15:00,26.79,28.42
2020-08-15 06:30:00,26.77,28.78
2020-08-15 06:45:00,26.87,29.08
2020-08-15 07:00:00,26.88,29.11
2020-08-15 07:15:00,26.98,29.45
2020-08-15 07:30:00,26.74,28.40
2020-08-15 07:45:00,27.06,29.84
2020-08-15 08:00:00,26.96,29.48
2020-08-15 08:15:00,26.83,28.77
2020-08-15 08:30:00,26.82,28.90
2020-08-15 08:45:00,26.93,29.42
2020-08-15 09:00:00,26.90,29.35
2020-08-15 09:15:00,26.96,29.51
2020-08-15 09:30:00,26.98,29.46
2020-08-15 09:45:00,27.02,29.53
2020-08-15 10:00:00,26.88,29.10
2020-08-15 10:15:00,26.78,28.88
2020-08-15 10:30:00,26.70,28.48
2020-08-15 10:45:00,26.71,28.58
2020-08-15 11:00:00,26.75,28.27
2020-08-15 11:15:00,26.93,28.92
2020-08-15 11:30:00,27.07,28.73
2020-08-15 11:45:00,27.02,27.63
2020-08-15 12:00:00,26.82,26.70
2020-08-15 12:15:00,26.93,27.42
2020-08-15 12:30:00,26.99,27.53
2020-08-15 12:45:00,27.01,27.58
2020-08-15 13:00:00,27.02,27.78
2020-08-15 13:15:00,27.02,27.63
2020-08-15 13:30:00,27.08,27.60
2020-08-15 13:45:00,27.12,27.70
2020-08-15 14:00:00,27.15,27.70
2020-08-15 14:15:00,27.18,27.71
2020-08-15 14:30:00,27.20,27.82
2020-08-15 14:45:00,27.23,27.89
2020-08-15 15:00:00,27.25,27.93
2020-08-15 15:15:00,27.25,27.98
2020-08-15 15:30:00,27.32,27.10
2020-08-15 15:45:00,27.27,27.73
2020-08-15 16:00:00,27.32,27.59
2020-08-15 16:15:00,27.32,27.88
2020-08-15 16:30:00,27.45,27.43
2020-08-15 16:45:00,27.52,26.85
2020-08-15 17:00:00,27.50,27.10
2020-08-15 17:15:00,27.44,26.99
2020-08-15 17:30:00,27.34,26.56
2020-08-15 17:45:00,27.31,26.80
2020-08-15 18:00:00,27.28,26.78
2020-08-15 18:15:00,27.43,27.07
2020-08-15 18:30:00,27.44,26.38
2020-08-15 18:45:00,27.50,26.72
2020-08-15 19:00:00,27.48,26.78
2020-08-15 19:15:00,27.43,27.23
2020-08-15 19:30:00,27.43,27.10
2020-08-15 19:45:00,27.28,27.77
2020-08-15 20:00:00,27.24,27.74
2020-08-15 20:15:00,27.16,28.03
2020-08-15 20:30:00,27.18,27.70
2020-08-15 20:45:00,27.12,28.08
2020-08-15 21:00:00,27.14,28.15
2020-08-15 21:15:00,27.11,28.14
2020-08-15 21:30:00,27.11,28.38
2020-08-15 21:45:00,27.14,28.73
2020-08-15 22:00:00,27.18,29.12
2020-08-15 22:15:00,27.18,29.11
2020-08-15 22:30:00,27.19,29.35
2020-08-15 22:45:00,27.19,29.39
2020-08-15 23:00:00,27.18,29.37
2020-08-15 23:15:00,27.16,29.28
2020-08-15 23:30:00,27.08,28.58
2020-08-15 23:45:00,26.97,28.73
2020-08-16 00:00:00,26.94,28.96
2020-08-16 00:15:00,26.81,28.83
2020-08-16 00:30:00,27.00,29.30
2020-08-16 00:45:00,27.12,29.49
2020-08-16 01:00:00,27.16,29.55
2020-08-16 01:15:00,26.73,28.44
2020-08-16 01:30:00,27.11,29.53
2020-08-16 01:45:00,26.93,28.64
2020-08-16 02:00:00,26.92,29.04
2020-08-16 02:15:00,26.99,29.27
2020-08-16 02:30:00,26.90,28.71
2020-08-16 02:45:00,26.95,28.93
2020-08-16 03:00:00,26.99,28.66
2020-08-16 03:15:00,26.96,28.86
2020-08-16 03:30:00,26.95,28.71
2020-08-16 03:45:00,26.96,29.08
2020-08-16 04:00:00,26.88,28.64
2020-08-16 04:15:00,26.54,27.88
2020-08-16 04:30:00,26.46,27.58
2020-08-16 04:45:00,26.69,28.20
2020-08-16 05:00:00,26.70,28.54
2020-08-16 05:15:00,26.86,29.15
2020-08-16 05:30:00,26.74,28.06
2020-08-16 05:45:00,26.62,27.54
2020-08-16 06:00:00,26.40,26.62
2020-08-16 06:15:00,26.50,27.07
2020-08-16 06:30:00,26.69,27.66
2020-08-16 06:45:00,26.74,28.03
2020-08-16 07:00:00,26.81,28.53
2020-08-16 07:15:00,26.85,28.73
2020-08-16 07:30:00,26.83,28.72
2020-08-16 07:45:00,26.88,28.91
2020-08-16 08:00:00,26.84,28.86
2020-08-16 08:15:00,26.89,28.86
2020-08-16 08:30:00,26.87,28.79
2020-08-16 08:45:00,26.67,27.92
2020-08-16 09:00:00,26.87,28.84
2020-08-16 09:15:00,27.00,29.19
2020-08-16 09:30:00,27.07,29.34
2020-08-16 09:45:00,26.97,28.78
2020-08-16 10:00:00,27.08,29.10
2020-08-16 10:15:00,27.07,28.90
2020-08-16 10:30:00,26.91,27.64
2020-08-16 10:45:00,26.93,27.28
2020-08-16 11:00:00,26.90,26.80
2020-08-16 11:15:00,26.88,26.06
2020-08-16 11:30:00,26.86,26.06
2020-08-16 11:45:00,26.90,25.99
2020-08-16 12:00:00,26.99,26.02
2020-08-16 12:15:00,27.06,26.07
2020-08-16 12:30:00,27.10,25.84
2020-08-16 12:45:00,27.16,25.74
2020-08-16 13:00:00,27.18,25.67
2020-08-16 13:15:00,27.24,25.64
2020-08-16 13:30:00,27.25,25.78
2020-08-16 13:45:00,27.32,25.81
2020-08-16 14:00:00,27.38,25.86
2020-08-16 14:15:00,27.41,25.96
2020-08-16 14:30:00,27.55,26.21
2020-08-16 14:45:00,27.55,26.29
2020-08-16 15:00:00,27.59,26.22
2020-08-16 15:15:00,27.68,26.33
2020-08-16 15:30:00,27.69,26.53
2020-08-16 15:45:00,27.67,26.58
2020-08-16 16:00:00,27.66,26.66
2020-08-16 16:15:00,27.66,26.51
2020-08-16 16:30:00,27.64,26.58
2020-08-16 16:45:00,27.66,26.54
2020-08-16 17:00:00,27.68,26.63
2020-08-16 17:15:00,27.59,26.26
2020-08-16 17:30:00,27.54,26.19
2020-08-16 17:45:00,27.53,26.02
2020-08-16 18:00:00,27.61,26.37
2020-08-16 18:15:00,27.56,26.21
2020-08-16 18:30:00,27.54,26.19
2020-08-16 18:45:00,27.52,26.15
2020-08-16 19:00:00,27.50,26.08
2020-08-16 19:15:00,27.39,26.12
2020-08-16 19:30:00,27.34,25.90
2020-08-16 19:45:00,27.43,26.58
2020-08-16 20:00:00,27.39,26.66
2020-08-16 20:15:00,27.39,26.66
2020-08-16 20:30:00,27.43,26.76
2020-08-16 20:45:00,27.36,26.58
2020-08-16 21:00:00,27.33,26.54
2020-08-16 21:15:00,27.35,26.49
2020-08-16 21:30:00,27.41,26.45
2020-08-16 21:45:00,27.45,26.49
2020-08-16 22:00:00,27.46,26.50
2020-08-16 22:15:00,27.47,26.50
2020-08-16 22:30:00,27.47,26.51
2020-08-16 22:45:00,27.50,26.62
2020-08-16 23:00:00,27.61,27.94
2020-08-16 23:15:00,27.52,27.30
2020-08-16 23:30:00,27.59,28.10
2020-08-16 23:45:00,27.37,26.54
2020-08-17 00:00:00,27.14,26.31
2020-08-17 00:15:00,27.39,27.41
2020-08-17 00:30:00,27.65,28.82
2020-08-17 00:45:00,27.66,29.07
2020-08-17 01:00:00,27.50,28.72
2020-08-17 01:15:00,27.56,29.42
2020-08-17 01:30:00,27.58,29.67
2020-08-17 01:45:00,27.57,28.35
2020-08-17 02:00:00,27.60,29.08
2020-08-17 02:15:00,27.64,29.07
2020-08-17 02:30:00,27.63,28.67
2020-08-17 02:45:00,27.60,28.78
2020-08-17 03:00:00,27.51,28.58
2020-08-17 03:15:00,27.21,27.41
2020-08-17 03:30:00,27.23,27.24
2020-08-17 03:45:00,27.25,27.11
2020-08-17 04:00:00,27.23,27.16
2020-08-17 04:15:00,27.21,15.25
2020-08-17 04:30:00,27.16,26.96
2020-08-17 04:45:00,26.98,25.59
2020-08-17 05:00:00,27.19,26.77
2020-08-17 05:15:00,27.30,27.57
2020-08-17 05:30:00,27.32,27.63
2020-08-17 05:45:00,27.39,27.89
2020-08-17 06:00:00,27.16,27.04
2020-08-17 06:15:00,26.59,25.45
2020-08-17 06:30:00,27.34,28.04
2020-08-17 06:45:00,27.30,27.78
2020-08-17 07:00:00,27.39,29.15
2020-08-17 07:15:00,27.02,26.89
2020-08-17 07:30:00,27.48,29.21
2020-08-17 07:45:00,27.38,28.80
2020-08-17 08:00:00,27.51,29.63
2020-08-17 08:15:00,27.47,29.12
2020-08-17 08:30:00,26.40,24.49
2020-08-17 08:45:00,27.20,27.19
2020-08-17 09:00:00,27.22,26.97
2020-08-17 09:15:00,26.53,25.76
2020-08-17 09:30:00,26.99,26.64
2020-08-17 09:45:00,26.75,25.92
2020-08-17 10:00:00,26.96,27.11
2020-08-17 10:15:00,27.09,27.21
2020-08-17 10:30:00,26.83,24.94
2020-08-17 10:45:00,26.78,26.06
2020-08-17 11:00:00,26.80,25.88
2020-08-17 11:15:00,26.83,25.84
2020-08-17 11:30:00,26.41,23.66
2020-08-17 11:45:00,26.52,24.17
2020-08-17 12:00:00,26.66,23.86
2020-08-17 12:15:00,26.91,23.79
2020-08-17 12:30:00,27.10,24.00
2020-08-17 12:45:00,27.21,23.92
2020-08-17 13:00:00,27.18,23.76
2020-08-17 13:15:00,27.21,23.75
2020-08-17 13:30:00,27.50,23.47
2020-08-17 13:45:00,27.46,23.60
2020-08-17 14:00:00,27.48,23.66
2020-08-17 14:15:00,27.49,23.80
2020-08-17 14:30:00,27.57,23.65
2020-08-17 14:45:00,27.58,23.65
2020-08-17 15:00:00,27.56,23.69
2020-08-17 15:15:00,27.55,23.84
2020-08-17 15:30:00,27.35,23.75
2020-08-17 15:45:00,27.27,23.69
2020-08-17 16:00:00,27.36,23.89
2020-08-17 16:15:00,27.38,23.87
2020-08-17 16:30:00,27.45,24.02
2020-08-17 16:45:00,27.42,23.93
2020-08-17 17:00:00,27.38,23.81
2020-08-17 17:15:00,27.35,23.82
2020-08-17 17:30:00,27.32,23.80
2020-08-17 17:45:00,27.47,23.60
2020-08-17 18:00:00,27.58,23.71
2020-08-17 18:15:00,27.57,23.68
2020-08-17 18:30:00,27.50,23.70
2020-08-17 18:45:00,27.52,23.84
2020-08-17 19:00:00,27.67,23.77
2020-08-17 19:15:00,27.64,23.91
2020-08-17 19:30:00,27.69,23.71
2020-08-17 19:45:00,27.48,23.98
2020-08-17 20:00:00,27.27,23.38
2020-08-17 20:15:00,27.30,23.76
2020-08-17 20:30:00,27.30,23.82
2020-08-17 20:45:00,27.25,23.90
2020-08-17 21:00:00,27.20,23.81
2020-08-17 21:15:00,27.29,24.23
2020-08-17 21:30:00,27.45,25.52
2020-08-17 21:45:00,27.47,25.29
2020-08-17 22:00:00,27.63,27.79
2020-08-17 22:15:00,27.63,28.04
2020-08-17 22:30:00,27.65,28.46
2020-08-17 22:45:00,27.64,28.26
2020-08-17 23:00:00,27.64,28.27
2020-08-17 23:15:00,27.67,28.41
2020-08-17 23:30:00,27.69,28.40
2020-08-17 23:45:00,27.68,28.43
2020-08-18 00:00:00,27.56,28.24
2020-08-18 00:15:00,27.43,27.58
2020-08-18 00:30:00,27.56,28.33
2020-08-18 00:45:00,27.50,27.86
2020-08-18 01:00:00,27.55,28.46
2020-08-18 01:15:00,27.52,28.35
2020-08-18 01:30:00,27.43,28.11
2020-08-18 01:45:00,27.35,28.98
2020-08-18 02:00:00,27.07,27.61
2020-08-18 02:15:00,27.11,28.59
2020-08-18 02:30:00,26.69,27.91
2020-08-18 02:45:00,26.66,25.84
2020-08-18 03:00:00,26.70,26.52
2020-08-18 03:15:00,26.60,26.79
2020-08-18 03:30:00,26.55,26.43
2020-08-18 03:45:00,26.32,26.17
2020-08-18 04:00:00,26.50,27.03
2020-08-18 04:15:00,27.09,28.49
2020-08-18 04:30:00,27.21,28.09
2020-08-18 04:45:00,26.78,26.27
2020-08-18 05:00:00,27.06,27.84
2020-08-18 05:15:00,27.07,27.29
2020-08-18 05:30:00,27.35,26.88
2020-08-18 05:45:00,27.39,27.37
2020-08-18 06:00:00,27.39,28.69
2020-08-18 06:15:00,27.39,28.31
2020-08-18 06:30:00,27.43,28.79
2020-08-18 06:45:00,27.49,29.44
2020-08-18 07:00:00,27.48,29.11
2020-08-18 07:15:00,27.48,29.20
2020-08-18 07:30:00,27.12,28.12
2020-08-18 07:45:00,27.25,27.61
2020-08-18 08:00:00,27.41,29.80
2020-08-18 08:15:00,27.65,30.73
2020-08-18 08:30:00,27.70,30.93
2020-08-18 08:45:00,27.77,30.93
2020-08-18 09:00:00,27.60,29.84
2020-08-18 09:15:00,27.75,30.51
2020-08-18 09:30:00,27.80,30.99
2020-08-18 09:45:00,27.83,31.01
2020-08-18 10:00:00,27.83,31.04
2020-08-18 10:15:00,27.80,31.10
2020-08-18 10:30:00,27.83,30.96
2020-08-18 10:45:00,27.81,30.65
2020-08-18 11:00:00,27.65,29.08
2020-08-18 11:15:00,27.52,28.71
2020-08-18 11:30:00,27.46,28.65
2020-08-18 11:45:00,27.30,27.68
2020-08-18 12:00:00,27.33,28.20
2020-08-18 12:15:00,27.25,27.58
2020-08-18 12:30:00,27.10,27.08
2020-08-18 12:45:00,27.26,27.76
2020-08-18 13:00:00,26.98,26.14
2020-08-18 13:15:00,26.91,25.68
2020-08-18 13:30:00,27.06,26.34
2020-08-18 13:45:00,27.15,26.29
2020-08-18 14:00:00,27.22,26.40
2020-08-18 14:15:00,27.32,26.57
2020-08-18 14:30:00,27.40,26.17
2020-08-18 14:45:00,27.43,26.77
2020-08-18 15:00:00,27.29,25.99
2020-08-18 15:15:00,27.41,26.25
2020-08-18 15:30:00,27.46,26.51
2020-08-18 15:45:00,27.50,26.27
2020-08-18 16:00:00,27.50,26.24
2020-08-18 16:15:00,27.67,28.33
2020-08-18 16:30:00,27.70,27.68
2020-08-18 16:45:00,27.84,29.83
2020-08-18 17:00:00,27.87,29.77
2020-08-18 17:15:00,27.86,30.36
2020-08-18 17:30:00,27.93,29.85
2020-08-18 17:45:00,27.71,28.58
2020-08-18 18:00:00,27.61,28.20
2020-08-18 18:15:00,27.68,28.13
2020-08-18 18:30:00,27.75,28.30
2020-08-18 18:45:00,27.64,27.10
2020-08-18 19:00:00,27.69,27.71
2020-08-18 19:15:00,27.81,28.76
2020-08-18 19:30:00,27.82,28.84
2020-08-18 19:45:00,27.94,29.72
2020-08-18 20:00:00,27.96,29.83
2020-08-18 20:15:00,27.82,28.88
2020-08-18 20:30:00,27.91,30.00
2020-08-18 20:45:00,27.75,29.88
2020-08-18 21:00:00,27.81,30.55
2020-08-18 21:15:00,27.89,31.11
2020-08-18 21:30:00,27.82,31.30
2020-08-18 21:45:00,27.70,29.77
2020-08-18 22:00:00,27.85,30.87
2020-08-18 22:15:00,27.79,30.78
2020-08-18 22:30:00,27.63,29.67
2020-08-18 22:45:00,27.72,30.69
2020-08-18 23:00:00,26.71,25.46
2020-08-18 23:15:00,27.15,28.70
2020-08-18 23:30:00,27.40,29.56
2020-08-18 23:45:00,27.32,29.88
2020-08-19 00:00:00,27.50,30.25
2020-08-19 00:15:00,27.57,31.04
2020-08-19 00:30:00,27.50,31.08
2020-08-19 00:45:00,27.41,30.64
2020-08-19 01:00:00,27.49,31.21
2020-08-19 01:15:00,27.52,31.19
2020-08-19 01:30:00,27.44,30.02
2020-08-19 01:45:00,27.31,29.52
2020-08-19 02:00:00,27.19,29.81
2020-08-19 02:15:00,27.28,30.40
2020-08-19 02:30:00,27.01,30.28
2020-08-19 02:45:00,26.91,30.22
2020-08-19 03:00:00,26.78,29.37
2020-08-19 03:15:00,26.97,30.22
2020-08-19 03:30:00,26.76,29.32
2020-08-19 03:45:00,27.12,30.89
2020-08-19 04:00:00,27.00,31.11
2020-08-19 04:15:00,26.91,30.46
2020-08-19 04:30:00,26.88,30.95
2020-08-19 04:45:00,26.62,30.46
2020-08-19 05:00:00,26.84,30.55
2020-08-19 05:15:00,26.86,30.29
2020-08-19 05:30:00,26.87,30.48
2020-08-19 05:45:00,26.74,30.17
2020-08-19 06:00:00,26.91,30.61
2020-08-19 06:15:00,27.01,30.82
2020-08-19 06:30:00,27.03,31.03
2020-08-19 06:45:00,27.06,30.99
2020-08-19 07:00:00,26.41,29.15
2020-08-19 07:15:00,27.11,30.92
2020-08-19 07:30:00,27.12,30.99
2020-08-19 07:45:00,26.34,27.84
2020-08-19 08:00:00,26.60,28.86
2020-08-19 08:15:00,26.69,28.36
2020-08-19 08:30:00,26.82,30.14
2020-08-19 08:45:00,27.31,31.03
2020-08-19 09:00:00,27.54,31.38
2020-08-19 09:15:00,27.08,30.70
2020-08-19 09:30:00,27.11,30.26
2020-08-19 09:45:00,27.31,30.70
2020-08-19 10:00:00,27.47,31.11
2020-08-19 10:15:00,27.36,30.96
2020-08-19 10:30:00,27.36,31.02
2020-08-19 10:45:00,27.35,31.01
2020-08-19 11:00:00,27.32,30.85
2020-08-19 11:15:00,27.12,29.93
2020-08-19 11:30:00,26.98,29.29
2020-08-19 11:45:00,27.14,29.53
2020-08-19 12:00:00,27.18,29.41
2020-08-19 12:15:00,26.99,28.98
2020-08-19 12:30:00,26.98,28.94
2020-08-19 12:45:00,26.62,27.69
2020-08-19 13:00:00,26.66,27.68
2020-08-19 13:15:00,26.43,26.82
2020-08-19 13:30:00,26.23,26.31
2020-08-19 13:45:00,26.38,26.68
2020-08-19 14:00:00,26.48,26.87
2020-08-19 14:15:00,26.34,26.76
2020-08-19 14:30:00,26.28,26.79
2020-08-19 14:45:00,26.16,26.65
2020-08-19 15:00:00,26.12,26.68
2020-08-19 15:15:00,26.22,26.93
2020-08-19 15:30:00,26.23,27.06
2020-08-19 15:45:00,26.32,27.29
2020-08-19 16:00:00,26.33,27.36
2020-08-19 16:15:00,26.35,27.34
2020-08-19 16:30:00,26.31,27.19
2020-08-19 16:45:00,26.36,27.28
2020-08-19 17:00:00,26.35,27.34
2020-08-19 17:15:00,26.34,27.35
2020-08-19 17:30:00,26.35,27.34
2020-08-19 17:45:00,26.32,27.30
2020-08-19 18:00:00,26.25,26.83
2020-08-19 18:15:00,26.32,26.82
2020-08-19 18:30:00,26.32,27.15
2020-08-19 18:45:00,26.53,27.70
2020-08-19 19:00:00,26.47,27.73
2020-08-19 19:15:00,26.30,27.21
2020-08-19 19:30:00,26.57,28.30
2020-08-19 19:45:00,26.51,28.07
2020-08-19 20:00:00,26.34,26.96
2020-08-19 20:15:00,26.51,27.68
2020-08-19 20:30:00,26.70,27.93
2020-08-19 20:45:00,26.75,28.20
2020-08-19 21:00:00,26.88,28.68
2020-08-19 21:15:00,27.09,29.16
2020-08-19 21:30:00,27.17,30.86
2020-08-19 21:45:00,26.94,29.99
2020-08-19 22:00:00,26.69,29.26
2020-08-19 22:15:00,26.59,29.46
2020-08-19 22:30:00,26.64,29.48
2020-08-19 22:45:00,26.52,29.07
2020-08-19 23:00:00,26.52,29.00
2020-08-19 23:15:00,26.50,28.87
2020-08-19 23:30:00,26.60,29.63
2020-08-19 23:45:00,26.51,29.27
2020-08-20 00:00:00,26.47,29.07
2020-08-20 00:15:00,26.48,29.14
2020-08-20 00:30:00,26.44,28.66
2020-08-20 00:45:00,26.42,28.52
2020-08-20 01:00:00,26.35,28.24
2020-08-20 01:15:00,26.56,29.00
2020-08-20 01:30:00,26.68,29.59
2020-08-20 01:45:00,26.65,29.53
2020-08-20 02:00:00,26.57,29.29
2020-08-20 02:15:00,26.57,29.02
2020-08-20 02:30:00,26.41,28.52
2020-08-20 02:45:00,26.40,28.56
2020-08-20 03:00:00,26.32,28.48
2020-08-20 03:15:00,26.21,28.21
2020-08-20 03:30:00,26.18,28.01
2020-08-20 03:45:00,26.18,28.05
2020-08-20 04:00:00,26.21,28.29
2020-08-20 04:15:00,26.25,28.12
2020-08-20 04:30:00,26.25,28.08
2020-08-20 04:45:00,26.26,27.98
2020-08-20 05:00:00,26.27,27.98
2020-08-20 05:15:00,26.25,27.93
2020-08-20 05:30:00,26.35,28.52
2020-08-20 05:45:00,26.34,28.46
2020-08-20 06:00:00,26.32,28.35
2020-08-20 06:15:00,26.29,28.19
2020-08-20 06:30:00,26.22,27.95
2020-08-20 06:45:00,26.30,28.56
2020-08-20 07:00:00,26.44,29.36
2020-08-20 07:15:00,26.67,29.87
2020-08-20 07:30:00,26.25,28.25
2020-08-20 07:45:00,26.51,29.58
2020-08-20 08:00:00,26.78,30.58
2020-08-20 08:15:00,26.85,30.75
2020-08-20 08:30:00,26.64,30.22
2020-08-20 08:45:00,26.61,29.67
2020-08-20 09:00:00,26.63,29.71
2020-08-20 09:15:00,26.61,29.55
2020-08-20 09:30:00,26.64,29.92
2020-08-20 09:45:00,26.20,27.88
2020-08-20 10:00:00,26.55,29.09
2020-08-20 10:15:00,26.58,29.30
2020-08-20 10:30:00,26.57,29.04
2020-08-20 10:45:00,26.58,29.20
2020-08-20 11:00:00,26.53,29.08
2020-08-20 11:15:00,26.61,29.13
2020-08-20 11:30:00,26.70,29.44
2020-08-20 11:45:00,26.70,29.21
2020-08-20 12:00:00,26.71,29.26
2020-08-20 12:15:00,26.71,29.15
2020-08-20 12:30:00,26.75,29.47
2020-08-20 12:45:00,26.76,29.41
2020-08-20 13:00:00,26.77,29.47
2020-08-20 13:15:00,26.78,29.30
2020-08-20 13:30:00,26.78,29.31
2020-08-20 13:45:00,26.80,29.57
2020-08-20 14:00:00,26.85,29.67
2020-08-20 14:15:00,26.85,29.45
2020-08-20 14:30:00,26.80,29.86
2020-08-20 14:45:00,26.77,29.76
2020-08-20 15:00:00,26.85,29.10
2020-08-20 15:15:00,26.88,29.44
2020-08-20 15:30:00,26.86,28.62
2020-08-20 15:45:00,26.82,27.82
2020-08-20 16:00:00,26.85,28.15
2020-08-20 16:15:00,26.80,27.99
2020-08-20 16:30:00,26.69,26.82
2020-08-20 16:45:00,26.80,27.97
2020-08-20 17:00:00,26.87,28.25
2020-08-20 17:15:00,26.71,27.24
2020-08-20 17:30:00,26.64,26.88
2020-08-20 17:45:00,26.94,28.64
2020-08-20 18:00:00,26.68,27.49
2020-08-20 18:15:00,26.68,27.39
2020-08-20 18:30:00,26.58,26.68
2020-08-20 18:45:00,26.58,26.91
2020-08-20 19:00:00,26.72,27.57
2020-08-20 19:15:00,26.76,28.30
2020-08-20 19:30:00,26.76,28.61
2020-08-20 19:45:00,26.70,28.18
2020-08-20 20:00:00,26.72,27.76
2020-08-20 20:15:00,26.71,28.20
2020-08-20 20:30:00,26.41,26.40
2020-08-20 20:45:00,26.44,26.49
2020-08-20 21:00:00,26.61,27.71
2020-08-20 21:15:00,26.68,27.92
2020-08-20 21:30:00,26.36,25.93
2020-08-20 21:45:00,26.69,27.79
2020-08-20 22:00:00,25.98,24.67
2020-08-20 22:15:00,26.15,25.64
2020-08-20 22:30:00,26.18,25.47
2020-08-20 22:45:00,26.30,25.77
2020-08-20 23:00:00,26.43,26.55
2020-08-20 23:15:00,26.56,27.84
2020-08-20 23:30:00,26.59,28.35
2020-08-20 23:45:00,26.57,28.41
2020-08-21 00:00:00,26.73,28.91
2020-08-21 00:15:00,26.71,28.65
2020-08-21 00:30:00,26.82,29.11
2020-08-21 00:45:00,26.72,29.16
2020-08-21 01:00:00,26.62,29.11
2020-08-21 01:15:00,26.48,28.66
2020-08-21 01:30:00,26.38,28.17
2020-08-21 01:45:00,26.58,28.63
2020-08-21 02:00:00,26.35,27.97
2020-08-21 02:15:00,26.65,29.01
2020-08-21 02:30:00,26.56,29.05
2020-08-21 02:45:00,26.00,27.31
2020-08-21 03:00:00,25.91,27.42
2020-08-21 03:15:00,25.96,27.72
2020-08-21 03:30:00,26.13,27.81
2020-08-21 03:45:00,26.61,28.80
2020-08-21 04:00:00,26.37,28.34
2020-08-21 04:15:00,26.42,28.21
2020-08-21 04:30:00,26.19,27.93
2020-08-21 04:45:00,26.67,28.76
2020-08-21 05:00:00,26.51,28.44
2020-08-21 05:15:00,26.35,28.18
2020-08-21 05:30:00,26.33,28.43
2020-08-21 05:45:00,26.04,27.99
2020-08-21 06:00:00,25.89,27.75
2020-08-21 06:15:00,25.93,27.72
2020-08-21 06:30:00,26.00,28.13
2020-08-21 06:45:00,25.83,27.20
2020-08-21 07:00:00,25.78,27.07
2020-08-21 07:15:00,25.81,26.87
2020-08-21 07:30:00,25.81,26.95
2020-08-21 07:45:00,26.02,27.77
2020-08-21 08:00:00,25.75,26.41
2020-08-21 08:15:00,25.70,26.28
2020-08-21 08:30:00,25.65,25.67
2020-08-21 08:45:00,25.75,26.23
2020-08-21 09:00:00,25.82,26.77
2020-08-21 09:15:00,25.80,26.97
2020-08-21 09:30:00,25.72,25.67
2020-08-21 09:45:00,25.73,25.62
2020-08-21 10:00:00,25.84,25.56
2020-08-21 10:15:00,25.88,25.51
2020-08-21 10:30:00,25.91,25.21
2020-08-21 10:45:00,26.06,25.75
2020-08-21 11:00:00,26.06,25.26
2020-08-21 11:15:00,26.11,25.45
2020-08-21 11:30:00,26.12,24.95
2020-08-21 11:45:00,26.36,24.52
2020-08-21 12:00:00,26.42,24.46
2020-08-21 12:15:00,26.50,24.58
2020-08-21 12:30:00,26.51,24.73
2020-08-21 12:45:00,26.61,24.81
2020-08-21 13:00:00,26.77,24.47
2020-08-21 13:15:00,26.82,24.53
2020-08-21 13:30:00,26.92,24.43
2020-08-21 13:45:00,27.04,24.32
2020-08-21 14:00:00,27.03,24.37
2020-08-21 14:15:00,27.12,24.33
2020-08-21 14:30:00,27.21,24.29
2020-08-21 14:45:00,27.21,24.30
2020-08-21 15:00:00,27.31,24.25
2020-08-21 15:15:00,27.37,24.22
2020-08-21 15:30:00,27.40,24.23
2020-08-21 15:45:00,27.46,24.28
2020-08-21 16:00:00,27.53,24.49
2020-08-21 16:15:00,27.52,24.66
2020-08-21 16:30:00,27.61,24.54
2020-08-21 16:45:00,27.53,24.68
2020-08-21 17:00:00,27.52,24.77
2020-08-21 17:15:00,27.53,24.99
2020-08-21 17:30:00,27.64,25.11
2020-08-21 17:45:00,27.48,25.33
2020-08-21 18:00:00,27.48,25.50
2020-08-21 18:15:00,27.46,25.56
2020-08-21 18:30:00,27.46,25.66
2020-08-21 18:45:00,27.47,25.75
2020-08-21 19:00:00,27.23,25.38
2020-08-21 19:15:00,27.17,25.16
2020-08-21 19:30:00,27.18,25.06
2020-08-21 19:45:00,27.12,24.65
2020-08-21 20:00:00,27.19,24.78
2020-08-21 20:15:00,27.19,24.47
2020-08-21 20:30:00,27.22,25.07
2020-08-21 20:45:00,27.21,25.18
2020-08-21 21:00:00,27.22,25.21
2020-08-21 21:15:00,27.23,25.37
2020-08-21 21:30:00,27.26,25.56
2020-08-21 21:45:00,27.16,25.23
2020-08-21 22:00:00,27.14,27.08
2020-08-21 22:15:00,27.22,26.56
2020-08-21 22:30:00,27.23,26.33
2020-08-21 22:45:00,27.18,23.88
2020-08-21 23:00:00,27.30,24.93
2020-08-21 23:15:00,27.33,26.62
2020-08-21 23:30:00,27.32,26.80
2020-08-21 23:45:00,27.31,27.77
2020-08-22 00:00:00,27.28,24.84
2020-08-22 00:15:00,26.66,22.51
2020-08-22 00:30:00,27.07,24.61
2020-08-22 00:45:00,26.93,24.92
2020-08-22 01:00:00,27.16,25.04
2020-08-22 01:15:00,27.43,26.39
2020-08-22 01:30:00,27.43,26.74
2020-08-22 01:45:00,27.43,26.62
2020-08-22 02:00:00,27.38,25.91
2020-08-22 02:15:00,27.25,26.21
2020-08-22 02:30:00,27.14,26.57
2020-08-22 02:45:00,27.15,27.59
2020-08-22 03:00:00,27.18,25.54
2020-08-22 03:15:00,27.08,25.10
2020-08-22 03:30:00,26.74,24.51
2020-08-22 03:45:00,26.71,24.44
2020-08-22 04:00:00,27.02,27.53
2020-08-22 04:15:00,26.84,26.27
2020-08-22 04:30:00,27.09,28.24
2020-08-22 04:45:00,27.14,28.72
2020-08-22 05:00:00,27.18,29.22
2020-08-22 05:15:00,27.21,29.27
2020-08-22 05:30:00,27.20,29.56
2020-08-22 05:45:00,27.20,29.89
2020-08-22 06:00:00,27.03,28.64
2020-08-22 06:15:00,26.84,26.96
2020-08-22 06:30:00,26.88,26.84
2020-08-22 06:45:00,27.05,27.85
2020-08-22 07:00:00,27.12,28.58
2020-08-22 07:15:00,27.34,29.42
2020-08-22 07:30:00,27.33,29.30
2020-08-22 07:45:00,27.30,29.51
2020-08-22 08:00:00,27.10,28.24
2020-08-22 08:15:00,27.12,28.81
2020-08-22 08:30:00,27.09,28.71
2020-08-22 08:45:00,26.90,27.48
2020-08-22 09:00:00,26.40,26.77
2020-08-22 09:15:00,26.27,24.57
2020-08-22 09:30:00,26.75,27.04
2020-08-22 09:45:00,26.25,24.00
2020-08-22 10:00:00,26.11,23.07
2020-08-22 10:15:00,26.41,22.17
2020-08-22 10:30:00,26.31,22.41
2020-08-22 10:45:00,26.37,22.38
2020-08-22 11:00:00,26.59,24.83
2020-08-22 11:15:00,26.50,23.91
2020-08-22 11:30:00,26.48,22.61
2020-08-22 11:45:00,26.51,22.76
2020-08-22 12:00:00,26.68,23.05
2020-08-22 12:15:00,26.87,22.99
2020-08-22 12:30:00,26.97,23.75
2020-08-22 12:45:00,27.22,23.81
2020-08-22 13:00:00,27.16,23.76
2020-08-22 13:15:00,27.13,23.19
2020-08-22 13:30:00,27.07,23.49
2020-08-22 13:45:00,27.17,22.90
2020-08-22 14:00:00,27.15,23.18
2020-08-22 14:15:00,27.35,24.17
2020-08-22 14:30:00,27.47,22.98
2020-08-22 14:45:00,27.53,22.86
2020-08-22 15:00:00,27.55,23.57
2020-08-22 15:15:00,27.69,23.29
2020-08-22 15:30:00,27.59,24.48
2020-08-22 15:45:00,27.60,25.29
2020-08-22 16:00:00,27.64,26.06
2020-08-22 16:15:00,27.65,25.56
2020-08-22 16:30:00,27.65,27.88
2020-08-22 16:45:00,27.71,26.66
2020-08-22 17:00:00,27.69,28.62
2020-08-22 17:15:00,27.68,28.92
2020-08-22 17:30:00,27.69,29.24
2020-08-22 17:45:00,27.67,28.52
2020-08-22 18:00:00,27.68,28.06
2020-08-22 18:15:00,27.68,28.50
2020-08-22 18:30:00,27.69,28.16
2020-08-22 18:45:00,27.68,29.41
2020-08-22 19:00:00,27.69,29.11
2020-08-22 19:15:00,27.69,29.08
2020-08-22 19:30:00,27.69,28.63
2020-08-22 19:45:00,27.69,28.58
2020-08-22 20:00:00,27.68,28.76
2020-08-22 20:15:00,27.68,29.14
2020-08-22 20:30:00,27.69,27.99
2020-08-22 20:45:00,27.64,26.85
2020-08-22 21:00:00,27.69,27.87
2020-08-22 21:15:00,27.68,28.01
2020-08-22 21:30:00,27.67,29.10
2020-08-22 21:45:00,27.67,27.34
2020-08-22 22:00:00,27.67,28.49
2020-08-22 22:15:00,27.67,28.46
2020-08-22 22:30:00,27.67,28.29
2020-08-22 22:45:00,27.67,28.89
2020-08-22 23:00:00,27.67,28.61
2020-08-22 23:15:00,27.64,28.55
2020-08-22 23:30:00,27.69,28.61
2020-08-22 23:45:00,27.71,28.59
2020-08-23 00:00:00,27.72,28.49
2020-08-23 00:15:00,27.68,28.73
2020-08-23 00:30:00,27.60,28.53
2020-08-23 00:45:00,27.64,28.54
2020-08-23 01:00:00,27.56,27.79
2020-08-23 01:15:00,27.66,29.05
2020-08-23 01:30:00,27.52,28.29
2020-08-23 01:45:00,27.50,28.10
2020-08-23 02:00:00,27.48,28.16
2020-08-23 02:15:00,27.47,28.17
2020-08-23 02:30:00,27.52,28.49
2020-08-23 02:45:00,27.48,28.66
2020-08-23 03:00:00,27.33,27.67
2020-08-23 03:15:00,27.12,26.17
2020-08-23 03:30:00,27.19,25.94
2020-08-23 03:45:00,27.22,24.60
2020-08-23 04:00:00,27.36,28.58
2020-08-23 04:15:00,27.30,28.10
2020-08-23 04:30:00,27.20,25.67
2020-08-23 04:45:00,27.22,27.00
2020-08-23 05:00:00,27.25,26.69
2020-08-23 05:15:00,27.17,26.71
2020-08-23 05:30:00,27.19,26.96
2020-08-23 05:45:00,27.19,27.16
2020-08-23 06:00:00,27.14,27.57
2020-08-23 06:15:00,27.05,27.21
2020-08-23 06:30:00,27.10,27.79
2020-08-23 06:45:00,27.01,27.66
2020-08-23 07:00:00,27.11,27.71
2020-08-23 07:15:00,27.21,28.16
2020-08-23 07:30:00,27.27,28.43
2020-08-23 07:45:00,27.22,27.61
2020-08-23 08:00:00,27.23,27.27
2020-08-23 08:15:00,27.25,27.53
2020-08-23 08:30:00,27.23,27.66
2020-08-23 08:45:00,27.24,27.66
2020-08-23 09:00:00,27.24,28.11
2020-08-23 09:15:00,27.28,28.16
2020-08-23 09:30:00,27.31,28.23
2020-08-23 09:45:00,27.32,28.49
2020-08-23 10:00:00,27.18,27.42
2020-08-23 10:15:00,27.09,26.39
2020-08-23 10:30:00,27.23,27.40
2020-08-23 10:45:00,27.24,27.30
2020-08-23 11:00:00,27.00,25.47
2020-08-23 11:15:00,27.24,27.73
2020-08-23 11:30:00,26.87,24.83
2020-08-23 11:45:00,26.60,23.56
2020-08-23 12:00:00,26.76,23.75
2020-08-23 12:15:00,26.56,23.29
2020-08-23 12:30:00,26.51,22.99
2020-08-23 12:45:00,26.55,22.95
2020-08-23 13:00:00,26.54,22.71
2020-08-23 13:15:00,26.54,22.84
2020-08-23 13:30:00,26.73,23.73
2020-08-23 13:45:00,26.94,25.00
2020-08-23 14:00:00,27.09,25.54
2020-08-23 14:15:00,27.16,26.77
2020-08-23 14:30:00,27.16,26.04
2020-08-23 14:45:00,27.23,26.08
2020-08-23 15:00:00,27.36,27.72
2020-08-23 15:15:00,27.37,27.10
2020-08-23 15:30:00,27.35,26.51
2020-08-23 15:45:00,27.48,28.17
2020-08-23 16:00:00,27.50,28.36
2020-08-23 16:15:00,27.46,27.95
2020-08-23 16:30:00,27.37,26.66
2020-08-23 16:45:00,27.32,25.93
2020-08-23 17:00:00,27.15,23.87
2020-08-23 17:15:00,27.32,26.20
2020-08-23 17:30:00,27.27,25.44
2020-08-23 17:45:00,27.25,25.14
2020-08-23 18:00:00,27.18,24.70
2020-08-23 18:15:00,27.12,23.65
2020-08-23 18:30:00,27.16,23.55
2020-08-23 18:45:00,27.07,23.03
2020-08-23 19:00:00,27.08,23.05
2020-08-23 19:15:00,27.10,23.34
2020-08-23 19:30:00,27.05,23.35
2020-08-23 19:45:00,27.24,26.82
2020-08-23 20:00:00,27.38,27.23
2020-08-23 20:15:00,27.44,27.81
2020-08-23 20:30:00,27.53,28.67
2020-08-23 20:45:00,27.53,28.19
2020-08-23 21:00:00,27.58,28.69
2020-08-23 21:15:00,27.62,28.83
2020-08-23 21:30:00,27.57,28.80
2020-08-23 21:45:00,27.60,29.18
2020-08-23 22:00:00,27.51,28.43
2020-08-23 22:15:00,27.50,28.48
2020-08-23 22:30:00,27.49,28.02
2020-08-23 22:45:00,27.49,28.43
2020-08-23 23:00:00,27.47,28.57
2020-08-23 23:15:00,27.46,28.21
2020-08-23 23:30:00,27.50,27.86
2020-08-23 23:45:00,27.46,27.38
2020-08-24 00:00:00,27.44,27.39
2020-08-24 00:15:00,27.51,28.15
2020-08-24 00:30:00,27.52,28.36
2020-08-24 00:45:00,27.49,28.03
2020-08-24 01:00:00,27.50,28.69
2020-08-24 01:15:00,27.51,28.45
2020-08-24 01:30:00,27.53,28.93
2020-08-24 01:45:00,27.50,29.16
2020-08-24 02:00:00,27.51,29.23
2020-08-24 02:15:00,27.47,29.32
2020-08-24 02:30:00,27.47,29.18
2020-08-24 02:45:00,27.43,29.20
2020-08-24 03:00:00,27.46,28.96
2020-08-24 03:15:00,27.49,28.78
2020-08-24 03:30:00,27.48,28.87
2020-08-24 03:45:00,27.43,28.79
2020-08-24 04:00:00,27.44,28.38
2020-08-24 04:15:00,27.42,27.93
2020-08-24 04:30:00,27.37,28.18
2020-08-24 04:45:00,27.39,28.81
2020-08-24 05:00:00,27.30,28.08
2020-08-24 05:15:00,27.40,28.96
2020-08-24 05:30:00,27.43,29.49
2020-08-24 05:45:00,27.43,29.93
2020-08-24 06:00:00,27.46,29.57
2020-08-24 06:15:00,27.42,29.71
2020-08-24 06:30:00,27.40,29.89
2020-08-24 06:45:00,27.40,29.33
2020-08-24 07:00:00,27.39,29.63
2020-08-24 07:15:00,27.41,29.72
2020-08-24 07:30:00,27.36,29.92
2020-08-24 07:45:00,27.33,30.20
2020-08-24 08:00:00,27.25,29.53
2020-08-24 08:15:00,27.25,29.68
2020-08-24 08:30:00,27.35,30.29
2020-08-24 08:45:00,27.35,30.10
2020-08-24 09:00:00,27.28,28.52
2020-08-24 09:15:00,27.38,30.12
2020-08-24 09:30:00,27.39,30.07
2020-08-24 09:45:00,27.43,30.07
2020-08-24 10:00:00,27.47,29.58
2020-08-24 10:15:00,27.55,29.76
2020-08-24 10:30:00,27.54,29.65
2020-08-24 10:45:00,27.61,29.81
2020-08-24 11:00:00,27.30,29.50
2020-08-24 11:15:00,27.25,29.37
2020-08-24 11:30:00,27.35,28.92
2020-08-24 11:45:00,27.27,28.86
2020-08-24 12:00:00,27.27,28.88
2020-08-24 12:15:00,27.32,28.87
2020-08-24 12:30:00,27.42,27.46
2020-08-24 12:45:00,27.51,26.71
2020-08-24 13:00:00,27.60,27.20
2020-08-24 13:15:00,27.71,26.67
2020-08-24 13:30:00,27.74,26.20
2020-08-24 13:45:00,27.77,25.61
2020-08-24 14:00:00,27.80,25.91
2020-08-24 14:15:00,27.82,25.45
2020-08-24 14:30:00,27.89,25.35
2020-08-24 14:45:00,27.93,25.34
2020-08-24 15:00:00,27.96,25.29
2020-08-24 15:15:00,28.00,25.28
2020-08-24 15:30:00,28.06,25.29
2020-08-24 15:45:00,28.12,25.34
2020-08-24 16:00:00,28.15,25.31
2020-08-24 16:15:00,28.18,25.29
2020-08-24 16:30:00,28.21,25.26
2020-08-24 16:45:00,28.20,25.23
2020-08-24 17:00:00,28.23,25.29
2020-08-24 17:15:00,28.21,25.27
2020-08-24 17:30:00,28.23,25.24
2020-08-24 17:45:00,28.11,25.11
2020-08-24 18:00:00,28.15,25.18
2020-08-24 18:15:00,28.20,25.27
2020-08-24 18:30:00,28.33,25.26
2020-08-24 18:45:00,28.21,25.19
2020-08-24 19:00:00,28.22,25.11
2020-08-24 19:15:00,28.17,25.13
2020-08-24 19:30:00,28.14,25.05
2020-08-24 19:45:00,28.15,26.03
2020-08-24 20:00:00,28.08,25.70
2020-08-24 20:15:00,28.13,25.93
2020-08-24 20:30:00,28.20,26.36
2020-08-24 20:45:00,28.13,25.80
2020-08-24 21:00:00,28.13,26.63
2020-08-24 21:15:00,27.95,27.67
2020-08-24 21:30:00,27.95,26.84
2020-08-24 21:45:00,27.84,28.06
2020-08-24 22:00:00,27.82,27.95
2020-08-24 22:15:00,27.80,27.19
2020-08-24 22:30:00,27.77,27.20
2020-08-24 22:45:00,27.76,27.35
2020-08-24 23:00:00,27.82,28.20
2020-08-24 23:15:00,27.79,28.14
2020-08-24 23:30:00,27.76,28.42
2020-08-24 23:45:00,27.81,27.74
2020-08-25 00:00:00,27.72,28.58
2020-08-25 00:15:00,27.64,28.99
2020-08-25 00:30:00,27.66,29.07
2020-08-25 00:45:00,27.67,29.09
2020-08-25 01:00:00,27.67,28.39
2020-08-25 01:15:00,27.65,29.15
2020-08-25 01:30:00,27.69,28.93
2020-08-25 01:45:00,27.66,29.19
2020-08-25 02:00:00,27.64,29.05
2020-08-25 02:15:00,27.70,29.11
2020-08-25 02:30:00,27.65,29.22
2020-08-25 02:45:00,27.75,28.81
2020-08-25 03:00:00,27.74,28.59
2020-08-25 03:15:00,27.48,28.17
2020-08-25 03:30:00,27.49,28.09
2020-08-25 03:45:00,27.48,28.09
2020-08-25 04:00:00,27.46,28.22
2020-08-25 04:15:00,27.44,28.46
2020-08-25 04:30:00,27.51,28.46
2020-08-25 04:45:00,27.64,28.05
2020-08-25 05:00:00,27.51,27.71
2020-08-25 05:15:00,27.53,28.24
2020-08-25 05:30:00,26.55,26.79
2020-08-25 05:45:00,27.10,28.21
2020-08-25 06:00:00,26.98,28.18
2020-08-25 06:15:00,26.81,27.15
2020-08-25 06:30:00,26.79,27.57
2020-08-25 06:45:00,27.14,28.63
2020-08-25 07:00:00,27.11,28.90
2020-08-25 07:15:00,27.27,28.61
2020-08-25 07:30:00,27.41,28.50
2020-08-25 07:45:00,27.58,27.60
2020-08-25 08:00:00,27.52,28.34
2020-08-25 08:15:00,27.26,28.56
2020-08-25 08:30:00,27.38,28.35
2020-08-25 08:45:00,27.34,29.23
2020-08-25 09:00:00,27.37,28.98
2020-08-25 09:15:00,27.48,28.06
2020-08-25 09:30:00,27.47,29.29
2020-08-25 09:45:00,27.51,28.87
2020-08-25 10:00:00,27.50,28.84
2020-08-25 10:15:00,27.53,29.19
2020-08-25 10:30:00,27.59,29.02
2020-08-25 10:45:00,27.62,28.48
2020-08-25 11:00:00,27.65,27.31
2020-08-25 11:15:00,27.60,26.53
2020-08-25 11:30:00,27.66,26.04
2020-08-25 11:45:00,27.64,26.16
2020-08-25 12:00:00,27.72,25.83
2020-08-25 12:15:00,27.83,25.82
2020-08-25 12:30:00,27.81,25.77
2020-08-25 12:45:00,27.79,25.77
2020-08-25 13:00:00,27.81,25.73
2020-08-25 13:15:00,27.82,25.76
2020-08-25 13:30:00,27.90,25.78
2020-08-25 13:45:00,27.89,25.89
2020-08-25 14:00:00,27.95,25.98
2020-08-25 14:15:00,27.96,25.90
2020-08-25 14:30:00,27.99,25.89
2020-08-25 14:45:00,28.02,25.89
2020-08-25 15:00:00,28.06,25.84
2020-08-25 15:15:00,28.10,25.84
2020-08-25 15:30:00,28.14,25.89
2020-08-25 15:45:00,28.16,25.84
2020-08-25 16:00:00,28.11,25.11
2020-08-25 16:15:00,28.16,24.58
2020-08-25 16:30:00,28.29,25.31
2020-08-25 16:45:00,28.30,25.34
2020-08-25 17:00:00,28.35,25.38
2020-08-25 17:15:00,28.33,25.57
2020-08-25 17:30:00,28.35,25.47
2020-08-25 17:45:00,28.34,25.38
2020-08-25 18:00:00,28.40,25.08
2020-08-25 18:15:00,28.38,25.62
2020-08-25 18:30:00,28.35,24.98
2020-08-25 18:45:00,28.29,25.11
2020-08-25 19:00:00,28.33,25.45
2020-08-25 19:15:00,28.42,25.23
2020-08-25 19:30:00,28.26,27.05
2020-08-25 19:45:00,28.18,27.79
2020-08-25 20:00:00,28.23,28.31
2020-08-25 20:15:00,28.25,28.22
2020-08-25 20:30:00,28.31,28.48
2020-08-25 20:45:00,28.33,28.31
2020-08-25 21:00:00,28.28,28.62
2020-08-25 21:15:00,28.28,28.69
2020-08-25 21:30:00,28.31,28.62
2020-08-25 21:45:00,28.32,28.84
2020-08-25 22:00:00,28.31,28.68
2020-08-25 22:15:00,28.28,28.34
2020-08-25 22:30:00,28.24,27.96
2020-08-25 22:45:00,28.27,28.55
2020-08-25 23:00:00,28.25,28.32
2020-08-25 23:15:00,28.29,28.68
2020-08-25 23:30:00,28.28,29.09
2020-08-25 23:45:00,28.27,28.98
2020-08-26 00:00:00,28.16,28.02
2020-08-26 00:15:00,28.21,28.35
2020-08-26 00:30:00,28.03,27.81
2020-08-26 00:45:00,27.94,27.79
2020-08-26 01:00:00,28.27,27.65
2020-08-26 01:15:00,27.99,27.63
2020-08-26 01:30:00,28.04,26.86
2020-08-26 01:45:00,27.82,26.45
2020-08-26 02:00:00,27.89,26.77
2020-08-26 02:15:00,27.71,26.66
2020-08-26 02:30:00,27.81,27.15
2020-08-26 02:45:00,27.89,27.94
2020-08-26 03:00:00,28.02,27.96
2020-08-26 03:15:00,28.19,28.97
2020-08-26 03:30:00,28.16,28.86
2020-08-26 03:45:00,28.20,29.05
2020-08-26 04:00:00,28.11,28.99
2020-08-26 04:15:00,28.09,28.79
2020-08-26 04:30:00,28.00,28.71
2020-08-26 04:45:00,27.88,28.63
2020-08-26 05:00:00,27.87,28.97
2020-08-26 05:15:00,27.79,28.84
2020-08-26 05:30:00,27.79,29.06
2020-08-26 05:45:00,27.68,28.98
2020-08-26 06:00:00,27.76,29.35
2020-08-26 06:15:00,27.78,29.48
2020-08-26 06:30:00,27.89,29.90
2020-08-26 06:45:00,27.92,30.07
2020-08-26 07:00:00,27.98,30.73
2020-08-26 07:15:00,27.98,30.78
2020-08-26 07:30:00,28.01,30.73
2020-08-26 07:45:00,28.02,30.63
2020-08-26 08:00:00,27.95,29.98
2020-08-26 08:15:00,27.92,30.03
2020-08-26 08:30:00,27.88,29.72
2020-08-26 08:45:00,28.02,29.40
2020-08-26 09:00:00,27.73,28.79
2020-08-26 09:15:00,28.05,29.79
2020-08-26 09:30:00,27.99,29.06
2020-08-26 09:45:00,27.92,28.83
2020-08-26 10:00:00,27.83,28.50
2020-08-26 10:15:00,27.96,29.10
2020-08-26 10:30:00,27.38,25.06
2020-08-26 10:45:00,27.89,28.57
2020-08-26 11:00:00,28.09,29.37
2020-08-26 11:15:00,28.03,28.66
2020-08-26 11:30:00,27.86,28.59
2020-08-26 11:45:00,27.99,28.23
2020-08-26 12:00:00,27.69,25.65
2020-08-26 12:15:00,27.67,26.57
2020-08-26 12:30:00,27.80,27.49
2020-08-26 12:45:00,27.37,25.14
2020-08-26 13:00:00,27.29,24.43
2020-08-26 13:15:00,27.20,23.92
2020-08-26 13:30:00,27.24,23.74
2020-08-26 13:45:00,27.32,23.64
2020-08-26 14:00:00,27.39,23.75
2020-08-26 14:15:00,27.50,23.95
2020-08-26 14:30:00,27.64,24.19
2020-08-26 14:45:00,27.55,23.82
2020-08-26 15:00:00,27.61,24.09
2020-08-26 15:15:00,27.71,24.33
2020-08-26 15:30:00,27.72,24.02
2020-08-26 15:45:00,27.82,24.31
2020-08-26 16:00:00,27.82,24.26
2020-08-26 16:15:00,27.83,24.26
2020-08-26 16:30:00,27.87,24.32
2020-08-26 16:45:00,27.88,24.35
2020-08-26 17:00:00,27.90,24.44
2020-08-26 17:15:00,27.91,24.49
2020-08-26 17:30:00,27.92,24.57
2020-08-26 17:45:00,27.86,24.51
2020-08-26 18:00:00,27.83,24.52
2020-08-26 18:15:00,27.76,24.49
2020-08-26 18:30:00,27.70,24.42
2020-08-26 18:45:00,27.69,24.38
2020-08-26 19:00:00,27.71,24.43
2020-08-26 19:15:00,27.75,24.46
2020-08-26 19:30:00,27.69,24.49
2020-08-26 19:45:00,27.62,24.53
2020-08-26 20:00:00,27.60,24.42
2020-08-26 20:15:00,27.62,24.80
2020-08-26 20:30:00,27.52,24.53
2020-08-26 20:45:00,27.44,24.27
2020-08-26 21:00:00,27.45,24.51
2020-08-26 21:15:00,27.39,24.11
2020-08-26 21:30:00,27.35,24.10
2020-08-26 21:45:00,27.34,24.18
2020-08-26 22:00:00,27.37,24.51
2020-08-26 22:15:00,27.46,24.95
2020-08-26 22:30:00,27.49,25.55
2020-08-26 22:45:00,27.62,25.90
2020-08-26 23:00:00,27.49,25.79
2020-08-26 23:15:00,27.73,26.82
2020-08-26 23:30:00,27.57,26.82
2020-08-26 23:45:00,27.88,27.91
2020-08-27 00:00:00,27.90,28.01
2020-08-27 00:15:00,27.81,27.98
2020-08-27 00:30:00,27.65,28.61
2020-08-27 00:45:00,27.71,27.61
2020-08-27 01:00:00,27.72,26.85
2020-08-27 01:15:00,27.73,26.45
2020-08-27 01:30:00,27.68,26.51
2020-08-27 01:45:00,27.88,27.95
2020-08-27 02:00:00,27.75,27.72
2020-08-27 02:15:00,27.28,26.65
2020-08-27 02:30:00,27.16,25.76
2020-08-27 02:45:00,27.35,26.59
2020-08-27 03:00:00,27.70,28.34
2020-08-27 03:15:00,27.64,28.28
2020-08-27 03:30:00,27.66,28.39
2020-08-27 03:45:00,27.66,28.48
2020-08-27 04:00:00,26.92,27.13
2020-08-27 04:15:00,27.62,27.73
2020-08-27 04:30:00,27.50,27.85
2020-08-27 04:45:00,27.01,27.82
2020-08-27 05:00:00,27.70,27.70
2020-08-27 05:15:00,27.56,27.47
2020-08-27 05:30:00,27.70,27.82
2020-08-27 05:45:00,27.67,27.78
2020-08-27 06:00:00,27.62,27.73
2020-08-27 06:15:00,27.68,28.05
2020-08-27 06:30:00,27.65,27.98
2020-08-27 06:45:00,27.61,28.29
2020-08-27 07:00:00,27.55,28.44
2020-08-27 07:15:00,27.53,28.47
2020-08-27 07:30:00,27.59,28.59
2020-08-27 07:45:00,27.57,28.62
2020-08-27 08:00:00,27.60,28.62
2020-08-27 08:15:00,27.62,28.28
2020-08-27 08:30:00,27.66,28.57
2020-08-27 08:45:00,27.62,28.52
2020-08-27 09:00:00,27.68,28.68
2020-08-27 09:15:00,27.66,28.52
2020-08-27 09:30:00,27.65,28.71
2020-08-27 09:45:00,27.66,28.57
2020-08-27 10:00:00,27.65,28.25
2020-08-27 10:15:00,27.64,28.04
2020-08-27 10:30:00,27.69,27.97
2020-08-27 10:45:00,27.75,27.86
2020-08-27 11:00:00,27.76,27.60
2020-08-27 11:15:00,27.54,26.78
2020-08-27 11:30:00,27.38,25.85
2020-08-27 11:45:00,27.37,25.41
2020-08-27 12:00:00,27.48,24.70
2020-08-27 12:15:00,27.38,24.03
2020-08-27 12:30:00,27.44,24.34
2020-08-27 12:45:00,27.50,24.26
2020-08-27 13:00:00,27.54,24.02
2020-08-27 13:15:00,27.61,23.94
2020-08-27 13:30:00,27.67,23.68
2020-08-27 13:45:00,27.77,23.81
2020-08-27 14:00:00,27.89,23.72
2020-08-27 14:15:00,27.93,23.96
2020-08-27 14:30:00,27.89,23.63
2020-08-27 14:45:00,27.94,23.71
2020-08-27 15:00:00,27.97,23.81
2020-08-27 15:15:00,28.02,23.94
2020-08-27 15:30:00,28.10,23.92
2020-08-27 15:45:00,28.17,23.94
2020-08-27 16:00:00,28.23,24.10
